country_code,country,region,year,battle_deaths,fx_lcu_per_usd,gdp_growth,gdp_usd,inflation_cpi,reserves_months_import,reserves_usd,tot_netbarter,trade_openness,control_corruption_est,rule_of_law_est,gpr_country,gpr_global,ctot_imf,ucdp_battle_deaths,ucdp_orgvio_deaths,swf_assets_pct_gdp,interpolated,log_fx,d_log_fx,fx_abs_change_pct,de_facto_peg,reserves_pct_gdp,swf_active,log_tot,d_log_tot,log_ctot_imf,d_log_ctot_imf,log_battle_deaths,conflict_25,conflict_1000,d_gpr,gpr_pos,gpr_neg,gprc_available,oil_exporter,gpr_ps,gpr_ns,d_reserves_pct_gdp,l_reserves_pct_gdp,d_gdp_growth,l_gdp_growth,d_inflation_cpi,l_inflation_cpi,d_ctot_imf,l_ctot_imf,d_trade_openness,l_trade_openness,d_control_corruption_est,l_control_corruption_est,l_gpr_global,l_gpr_ps,l_gpr_ns,valid_reserves,valid_growth,valid_inflation
DZA,Algeria,MENA,2000,947.0,75.2597916666666,3.80000000158476,54790398570.3282,0.339163189071768,,13556106802.2149,,62.8583436360347,-1.0443964,-1.2303648,,57.415283,51.0670509338379,,,,0,4.320946016980043,,,0,24.74175613965368,1,,,3.933139493424128,,6.854354502255021,1.0,0.0,,,,0,1,,,,,,,,,,,,,,,,,,True,True,True
DZA,Algeria,MENA,2001,642.0,77.2150208333334,2.99999999863043,59413400923.6364,4.22598834854673,,19625060612.8963,,54.5296491177208,,,,168.82918,47.9662895202637,,,,0,4.346594008484336,0.0256479915042922,2.56479915042922,0,33.03137054571282,1,,,3.870498462517381,-0.0626410309067471,6.466144724237619,1.0,0.0,111.413897,111.413897,0.0,0,1,111.413897,0.0,8.289614406059137,24.74175613965368,-0.8000000029543299,3.80000000158476,3.886825159474962,0.339163189071768,-3.1007614135741974,51.0670509338379,-8.328694518313895,62.8583436360347,,-1.0443964,57.415283,,,True,True,True
DZA,Algeria,MENA,2002,539.0,79.6819,5.40000000000001,61516103406.1688,1.41830192345051,,25151012703.1373,,56.5896052814114,-0.9941078,-0.6344911,,156.04216,45.2212867736816,,,,0,4.378042458373573,0.0314484498892371,3.144844988923712,0,40.885250057329166,1,,,3.8115679222981615,-0.0589305402192192,6.29156913955832,1.0,0.0,-12.787020000000012,0.0,-12.787020000000012,0,1,111.413897,-12.787020000000012,7.8538795116163485,33.03137054571282,2.40000000136958,2.99999999863043,-2.80768642509622,4.22598834854673,-2.7450027465821023,47.9662895202637,2.0599561636906003,54.5296491177208,,,168.82918,111.413897,0.0,True,True,True
DZA,Algeria,MENA,2003,670.0,77.394975,6.50000000062043,73482264190.9245,4.268953958395,,35454600266.1696,,57.7691353044878,-0.8163111,-0.6343434,,176.30156,54.556770324707,,,,0,4.348921856007506,-0.029120602366067,2.912060236606706,0,48.24919408314647,1,,,3.999241816854727,0.1876738945565654,6.508769136971682,1.0,0.0,20.2594,20.2594,0.0,0,1,131.673297,-12.787020000000012,7.363944025817304,40.885250057329166,1.1000000006204198,5.40000000000001,2.8506520349444893,1.41830192345051,9.335483551025405,45.2212867736816,1.1795300230763957,56.5896052814114,0.17779670000000003,-0.9941078,156.04216,111.413897,-12.787020000000012,True,True,True
DZA,Algeria,MENA,2004,397.0,72.06065,4.49999999976698,91913680985.1708,3.96180030257187,,45691652467.4963,,61.3579975707176,-0.8390331,-0.630240399999999,,129.39624,60.8796920776367,,,,0,4.277508125540159,-0.0714137304673467,7.141373046734678,0,49.71148144406066,1,,,4.10889965568316,0.1096578388284332,5.986452005284438,1.0,0.0,-46.90531999999999,0.0,-46.90531999999999,0,1,131.673297,-59.69234,1.462287360914189,48.24919408314647,-2.0000000008534498,6.50000000062043,-0.3071536558231296,4.268953958395,6.322921752929695,54.556770324707,3.5888622662298033,57.7691353044878,-0.02272200000000002,-0.8163111,176.30156,131.673297,-12.787020000000012,True,True,True
DZA,Algeria,MENA,2005,217.0,73.2763083333333,5.39999999969525,107046618669.707,1.38244656662118,22.7894343241433,59167068864.0544,87.7,66.8404602203906,-0.6215313,-0.743434199999999,,101.538994,81.0414276123047,,,,0,4.294237341549576,0.0167292160094172,1.6729216009417236,0,55.27224455974154,1,4.473921899378137,,4.394960475929203,0.2860608202460426,5.384495062789089,1.0,0.0,-27.857246000000004,0.0,-27.857246000000004,0,1,131.673297,-87.549586,5.560763115680878,49.71148144406066,0.8999999999282702,4.49999999976698,-2.57935373595069,3.96180030257187,20.161735534668004,60.8796920776367,5.482462649672996,61.3579975707176,0.21750179999999997,-0.8390331,129.39624,131.673297,-59.69234,True,True,True
DZA,Algeria,MENA,2006,255.0,72.6466166666667,2.89999999905852,123084258693.01,2.31149918514424,30.163003045569,81462730475.3241,101.0,65.9152919677621,-0.4436557,-0.7722123,,104.03535,86.3129806518555,,,,0,4.28560681861757,-0.0086305229320062,0.8630522932006279,0,66.18452378910936,1,4.61512051684126,0.1411986174631225,4.457979999893823,0.0630195239646198,5.545177444479562,1.0,0.0,2.4963559999999916,2.4963559999999916,0.0,0,1,134.16965299999998,-87.549586,10.912279229367826,55.27224455974154,-2.5000000006367302,5.39999999969525,0.9290526185230599,1.38244656662118,5.2715530395507955,81.0414276123047,-0.9251682526284952,66.8404602203906,0.17787560000000002,-0.6215313,101.538994,131.673297,-87.549586,True,True,True
DZA,Algeria,MENA,2007,472.0,69.2924,3.10000000128674,142482739809.849,3.67899574741699,35.3950390078079,114972269711.741,100.7,67.5454733939763,-0.479348,-0.7353577,,93.73795,88.7345275878906,,,,0,4.2383352320722025,-0.0472715865453672,4.727158654536723,0,80.6920682920456,1,4.612145799724517,-0.0029747171167429,4.485649076119205,0.0276690762253819,6.159095388491933,1.0,0.0,-10.297399999999996,0.0,-10.297399999999996,0,1,134.16965299999998,-97.846986,14.507544502936241,66.18452378910936,0.20000000222822,2.89999999905852,1.3674965622727502,2.31149918514424,2.4215469360350994,86.3129806518555,1.6301814262141932,65.9152919677621,-0.03569230000000001,-0.4436557,104.03535,134.16965299999998,-87.549586,True,True,True
DZA,Algeria,MENA,2008,339.0,64.5828,2.49999999929371,180383848331.135,4.85859062814939,32.0738201714419,148098646076.638,122.9,71.0284922505261,-0.5819677,-0.754288499999999,,81.196495,111.509994506836,,,,0,4.167948121466733,-0.0703871106054698,7.038711060546987,0,82.10194396383524,1,4.811371016571989,0.1992252168474726,4.714114223715643,0.2284651475964381,5.828945617610208,1.0,0.0,-12.541455,0.0,-12.541455,0,1,134.16965299999998,-110.388441,1.409875671789635,80.6920682920456,-0.6000000019930303,3.10000000128674,1.1795948807323997,3.67899574741699,22.775466918945398,88.7345275878906,3.483018856549805,67.5454733939763,-0.10261969999999998,-0.479348,93.73795,134.16965299999998,-97.846986,True,True,True
DZA,Algeria,MENA,2009,505.0,72.6474166666667,1.19999999969519,150317292079.359,5.73706036145628,33.791434082729,155111906771.678,90.9,64.2847547238993,-0.6151584,-0.7992988,,83.10186,73.5713272094727,,,,0,4.285617830769708,0.1176697093029757,11.766970930297571,0,103.18966276334176,1,4.509760001183433,-0.3016110153885565,4.298255373872151,-0.4158588498434916,6.226536669287466,1.0,0.0,1.9053650000000033,1.9053650000000033,0.0,0,1,136.075018,-110.388441,21.08771879950652,82.10194396383524,-1.2999999995985199,2.49999999929371,0.8784697333068898,4.85859062814939,-37.938667297363295,111.509994506836,-6.743737526626802,71.0284922505261,-0.03319070000000002,-0.5819677,81.196495,134.16965299999998,-110.388441,True,True,True
DZA,Algeria,MENA,2010,236.0,74.3859833333333,4.80000000093564,177785053939.531,3.91106195534028,36.7819414773254,170461132878.607,119.5,63.4912159928425,-0.3918564,-0.7700849,,84.17017,84.61474609375,,,,0,4.309267528032931,0.0236496972632229,2.364969726322297,0,95.88046300932864,1,4.783316371371566,0.2735563701881327,4.43810855513168,0.1398531812595287,5.468060141135132,1.0,0.0,1.0683099999999968,1.0683099999999968,0.0,0,1,137.143328,-110.388441,-7.309199754013122,103.18966276334176,3.60000000124045,1.19999999969519,-1.8259984061159997,5.73706036145628,11.043418884277301,73.5713272094727,-0.793538731056799,64.2847547238993,0.223302,-0.6151584,83.10186,136.075018,-110.388441,True,True,True
DZA,Algeria,MENA,2011,267.0,72.9378833333333,2.99999999941909,218331946925.304,4.5242115050527,34.8238177143754,191369111470.407,139.4,62.2200899610479,-0.4094732,-0.833268,,90.09539,99.9974746704102,,,,0,4.289608165674209,-0.0196593623587224,1.9659362358722452,0,87.65053129667666,1,4.937347498326424,0.154031126954858,4.605144932373324,0.1670363772416436,5.5909869805108565,1.0,0.0,5.925219999999996,5.925219999999996,0.0,0,1,143.068548,-110.388441,-8.229931712651975,95.88046300932864,-1.8000000015165498,4.80000000093564,0.6131495497124204,3.91106195534028,15.382728576660199,84.61474609375,-1.2711260317946014,63.4912159928425,-0.017616799999999988,-0.3918564,84.17017,137.143328,-110.388441,True,True,True
DZA,Algeria,MENA,2012,256.0,77.5359666666667,2.40000000034432,227143746075.934,8.89145091062317,34.3073971199894,200586904241.375,154.5,60.7576393340605,-0.453743099999999,-0.820280599999999,,81.475235,100.0,,,,0,4.350741914726195,0.0611337490519865,6.113374905198654,0,88.30835438203918,1,5.0401940963378005,0.1028465980113768,4.605170185988092,2.525361476823917e-05,5.54907608489522,1.0,0.0,-8.620154999999997,0.0,-8.620154999999997,0,1,143.068548,-119.008596,0.6578230853625229,87.65053129667666,-0.59999999907477,2.99999999941909,4.36723940557047,4.5242115050527,0.0025253295898011174,99.9974746704102,-1.4624506269873976,62.2200899610479,-0.04426989999999903,-0.4094732,90.09539,143.068548,-110.388441,True,True,True
DZA,Algeria,MENA,2013,147.0,79.3684,2.60000000061164,229701430292.157,3.25423910998847,32.7812904978346,201436604411.914,150.4,59.151008157244,-0.4058013,-0.7149392,,83.036606,102.960510253906,,,,0,4.374100304149437,0.0233583894232412,2.33583894232412,0,87.69497175342225,1,5.01329841151574,-0.0268956848220609,4.6343455191216085,0.0291753331335167,4.997212273764115,1.0,0.0,1.5613710000000083,1.5613710000000083,0.0,0,1,144.629919,-119.008596,-0.6133826286169324,88.30835438203918,0.20000000026732012,2.40000000034432,-5.6372118006347005,8.89145091062317,2.960510253905994,100.0,-1.6066311768164994,60.7576393340605,0.047941799999999035,-0.453743099999999,81.475235,143.068548,-119.008596,True,True,True
DZA,Algeria,MENA,2014,107.0,80.5790166666667,4.09999999866501,238942664192.59,2.91692692067458,28.1922504423476,186350590140.833,143.4,56.9235419669867,-0.6220502,-0.836116699999999,,100.29159,100.330589294434,,,,0,4.389238276495228,0.0151379723457916,1.5137972345791617,0,77.9896678437605,1,4.96563792816552,-0.0476604833502198,4.608470626481859,-0.0258748926397496,4.68213122712422,1.0,0.0,17.254983999999993,17.254983999999993,0.0,0,1,161.884903,-119.008596,-9.705303909661751,87.69497175342225,1.4999999980533696,2.60000000061164,-0.3373121893138902,3.25423910998847,-2.6299209594719883,102.960510253906,-2.227466190257303,59.151008157244,-0.21624890000000002,-0.4058013,83.036606,144.629919,-119.008596,True,True,True
DZA,Algeria,MENA,2015,110.0,100.691433333333,3.20000000089023,187493855609.345,4.78444700693889,25.8569065523585,150595236894.628,100.0,53.2046225904145,-0.6299526,-0.8774318,,105.95364,68.0676422119141,,,,0,4.612060724937269,0.2228224484420407,22.28224484420407,0,80.32009177324854,1,4.605170185988092,-0.3604677421774278,4.220501949162211,-0.3879686773196482,4.709530201312334,1.0,0.0,5.662049999999994,5.662049999999994,0.0,0,1,167.54695299999997,-119.008596,2.3304239294880347,77.9896678437605,-0.8999999977747799,4.09999999866501,1.8675200862643098,2.91692692067458,-32.2629470825199,100.330589294434,-3.7189193765721953,56.9235419669867,-0.007902399999999976,-0.6220502,100.29159,161.884903,-119.008596,True,True,True
DZA,Algeria,MENA,2016,86.0,109.443066666667,3.90000000017621,180763839522.151,6.39769480268757,22.5792566104525,120788088861.403,82.5,49.7609327925216,-0.6412808,-0.860594099999999,,98.67869,59.1103210449219,,,,0,4.695404474924145,0.0833437499868763,8.334374998687633,0,66.82093563663295,1,4.412798293340635,-0.1923718926474569,4.079405546134706,-0.1410964030275048,4.465908118654584,1.0,0.0,-7.27494999999999,0.0,-7.27494999999999,0,1,167.54695299999997,-126.28354599999999,-13.499156136615582,80.32009177324854,0.6999999992859802,3.20000000089023,1.6132477957486806,4.78444700693889,-8.957321166992202,68.0676422119141,-3.443689797892901,53.2046225904145,-0.01132820000000001,-0.6299526,105.95364,167.54695299999997,-119.008596,True,True,True
DZA,Algeria,MENA,2017,60.0,110.973016666667,1.49999999895587,189880896903.073,5.59111590961664,19.3716083235174,104852543743.412,93.9,49.8208161712587,-0.5404682,-0.8676221,,107.37731,67.5671920776367,,,,0,4.709287078667328,0.0138826037431831,1.3882603743183175,0,55.22016456291296,1,4.542230386214217,0.1294320928735821,4.213122540945649,0.1337169948109435,4.110873864173311,1.0,0.0,8.698619999999991,8.698619999999991,0.0,0,1,176.24557299999998,-126.28354599999999,-11.60077107371999,66.82093563663295,-2.4000000012203397,3.90000000017621,-0.8065788930709301,6.39769480268757,8.456871032714801,59.1103210449219,0.059883378737097814,49.7609327925216,0.10081260000000003,-0.6412808,98.67869,167.54695299999997,-126.28354599999999,True,True,True
DZA,Algeria,MENA,2018,33.0,116.593791666667,1.40000000088281,194554483655.528,4.26999020467084,15.926933826264,87382910154.0942,110.9,52.4361676779223,-0.538513599999999,-0.853582899999999,,98.55291,79.6723327636719,,,,0,4.758696027787582,0.0494089491202531,4.940894912025318,0,44.914364609973006,1,4.7086288943563215,0.1663985081421044,4.377922383290863,0.1647998423452135,3.5263605246161616,1.0,0.0,-8.824399999999997,0.0,-8.824399999999997,0,1,176.24557299999998,-135.10794599999997,-10.305799952939957,55.22016456291296,-0.09999999807306015,1.49999999895587,-1.3211257049457998,5.59111590961664,12.105140686035199,67.5671920776367,2.6153515066636004,49.8208161712587,0.0019546000000009167,-0.5404682,107.37731,176.24557299999998,-126.28354599999999,True,True,True
DZA,Algeria,MENA,2019,,119.353558333333,0.899999999219148,193459662090.677,1.95176821052892,14.4665752336272,71795950714.9485,101.4,46.5068426081672,-0.620545999999999,-0.845730299999999,,90.94625,65.5068435668945,,,,0,4.782090166612149,0.0233941388245675,2.3394138824567534,0,37.11158695257972,1,4.619073091157083,-0.0895558031992385,4.182154619120669,-0.1957677641701938,,,,-7.606659999999991,0.0,-7.606659999999991,0,1,176.24557299999998,-142.71460599999997,-7.802777657393285,44.914364609973006,-0.500000001663662,1.40000000088281,-2.31822199414192,4.26999020467084,-14.1654891967774,79.6723327636719,-5.929325069755102,52.4361676779223,-0.0820324,-0.538513599999999,98.55291,176.24557299999998,-135.10794599999997,True,True,True
DZA,Algeria,MENA,2020,26.0,126.7768,-4.99999999908597,164873415325.201,2.41513094083414,15.4414562891346,59434389109.5108,72.5,40.3897565625388,-0.635634599999999,-0.7746944,,77.2938,51.8436241149902,,,,0,4.8424280599632485,0.0603378933510994,6.03378933510994,0,36.048497565408425,1,4.283586561860629,-0.3354865292964542,3.948231959226038,-0.2339226598946311,3.295836866004329,1.0,0.0,-13.652450000000002,0.0,-13.652450000000002,0,1,176.24557299999998,-156.367056,-1.0630893871712956,37.11158695257972,-5.899999998305118,0.899999999219148,0.4633627303052199,1.95176821052892,-13.663219451904304,65.5068435668945,-6.1170860456283975,46.5068426081672,-0.015088600000000008,-0.620545999999999,90.94625,176.24557299999998,-142.71460599999997,True,True,True
DZA,Algeria,MENA,2021,,135.064058333333,3.79999999900707,186231205262.082,7.22606307415477,13.7665681887564,56211005199.3665,100.6,46.8370592599607,-0.6509952,-0.7553319,,82.07024,90.7147674560547,,,,0,4.905749172068813,0.0633211121055641,6.332111210556413,0,30.183451328825967,1,4.611152257665639,0.3275656958050099,4.507720160362463,0.5594882011364248,,,,4.776439999999994,4.776439999999994,0.0,0,1,181.02201299999996,-156.367056,-5.865046236582458,36.048497565408425,8.79999999809304,-4.99999999908597,4.81093213332063,2.41513094083414,38.8711433410645,51.8436241149902,6.447302697421897,40.3897565625388,-0.015360600000000946,-0.635634599999999,77.2938,176.24557299999998,-156.367056,True,True,True
DZA,Algeria,MENA,2022,,141.994975,3.60000000094915,225581644702.568,9.26551551551553,16.336474497122,71852290093.8578,156.9,51.1900893683897,-0.6430769,-0.798385,,157.58319,122.121711730957,,,,0,4.955791669651172,0.0500424975823587,5.004249758235879,0,31.852010915425268,1,5.055608659738987,0.4444564020733486,4.805018184563046,0.2972980242005834,,,,75.51295,75.51295,0.0,0,1,256.53496299999995,-156.367056,1.6685595865993008,30.183451328825967,-0.1999999980579199,3.79999999900707,2.0394524413607593,7.22606307415477,31.4069442749023,90.7147674560547,4.353030108429003,46.8370592599607,0.007918300000000045,-0.6509952,82.07024,181.02201299999996,-156.367056,True,True,True
DZA,Algeria,MENA,2023,,135.842933333333,4.10000000005964,247923887214.655,9.32217375928322,17.0452476814619,81216738411.6242,140.5,43.7397984507007,-0.6397452,-0.7329544,,121.71125,83.7125396728516,,,,0,4.9114993163620815,-0.0442923532890899,4.429235328908998,0,32.75873870971777,1,4.945207488773801,-0.1104011709651864,4.427388783153949,-0.3776294014090968,,,,-35.871939999999995,0.0,-35.871939999999995,0,1,256.53496299999995,-192.238996,0.9067277942925003,31.852010915425268,0.49999999911048976,3.60000000094915,0.05665824376769102,9.26551551551553,-38.4091720581054,122.121711730957,-7.450290917689003,51.1900893683897,0.0033316999999999375,-0.6430769,157.58319,256.53496299999995,-156.367056,True,True,True
DZA,Algeria,MENA,2024,,134.053241666667,3.69999999907979,269322281664.773,4.04611455313434,16.5279389774711,83007108429.3211,138.2,40.1345741170703,-0.5933952,-0.6967772,,134.45274,79.9727401733398,,,,0,4.898237046908539,-0.0132622694535422,1.3262269453542253,0,30.820735631759028,1,4.92870191133357,-0.0165055774402311,4.381685828772895,-0.0457029543810545,,,,12.741489999999999,12.741489999999999,0.0,0,1,269.27645299999995,-192.238996,-1.93800307795874,32.75873870971777,-0.4000000009798499,4.10000000005964,-5.27605920614888,9.32217375928322,-3.739799499511804,83.7125396728516,-3.605224333630396,43.7397984507007,0.04635,-0.6397452,121.71125,256.53496299999995,-192.238996,True,True,True
AGO,Angola,Sub-Saharan Africa,2000,946.0,10.0405441666667,3.05462423452938,9129594970.15301,324.996871601321,1.92891647488978,1198212373.02401,,,-1.2804297,-1.46330349999999,,57.415283,37.9525985717773,,,,0,2.3066313126620246,,,0,13.12448555430196,0,,,3.636337975062051,,6.853299093186078,1.0,0.0,,,,0,1,,,,,,,,,,,,,,,,,,True,True,True
AGO,Angola,Sub-Saharan Africa,2001,1123.0,22.0578616666667,4.20599855694861,8936079117.73136,152.561022469299,1.06051298619751,731866198.100655,,,,,,168.82918,34.0193023681641,,,,0,3.0936690765190504,0.7870377638570258,78.70377638570258,0,8.190014753209313,0,,,3.5269280802367047,-0.1094098948253461,7.024649030453636,1.0,1.0,111.413897,111.413897,0.0,0,1,111.413897,0.0,-4.9344708010926475,13.12448555430196,1.15137432241923,3.05462423452938,-172.435849132022,324.996871601321,-3.933296203613203,37.9525985717773,,,,-1.2804297,57.415283,,,True,True,True
AGO,Angola,Sub-Saharan Africa,2002,521.0,43.5302066666667,13.6656887610553,17311512433.1938,108.897436089429,0.515950491062243,375545950.307129,,90.5708209771053,-1.3041443,-1.4961635,,156.04216,35.1983222961426,,,,0,3.773455103236527,0.6797860267174762,67.97860267174762,0,2.169342232554112,0,,,3.560998419426777,0.0340703391900722,6.257667587882639,1.0,0.0,-12.787020000000012,0.0,-12.787020000000012,0,1,111.413897,-12.787020000000012,-6.020672520655202,8.190014753209313,9.459690204106689,4.20599855694861,-43.66358637987,152.561022469299,1.1790199279785014,34.0193023681641,,,,,168.82918,111.413897,0.0,True,True,True
AGO,Angola,Sub-Saharan Africa,2003,25.0,74.6063008333333,3.48731240097521,20342128111.9406,98.2241436573304,0.722048941236958,634199422.3308,,90.680716182229,-1.3231498,-1.6751143,,176.30156,39.2585258483887,,,,0,4.3122249652158695,0.5387698619793428,53.876986197934286,0,3.117665068476941,0,,,3.670168639707,0.1091702202802227,3.258096538021482,1.0,0.0,20.2594,20.2594,0.0,0,1,131.673297,-12.787020000000012,0.9483228359228293,2.169342232554112,-10.17837636008009,13.6656887610553,-10.673292432098592,108.897436089429,4.060203552246101,35.1983222961426,0.10989520512370632,90.5708209771053,-0.01900550000000001,-1.3041443,156.04216,111.413897,-12.787020000000012,True,True,True
AGO,Angola,Sub-Saharan Africa,2004,25.0,83.5413625,11.4198633904585,26997977896.2907,43.5421067519687,1.25835735524017,1379588147.35472,,90.3860384706403,-1.2228664,-1.4539069,,129.39624,47.4005355834961,,,,0,4.42534186848834,0.1131169032724708,11.31169032724708,0,5.1099684304292445,0,,,3.858633527867071,0.188464888160071,3.258096538021482,1.0,0.0,-46.90531999999999,0.0,-46.90531999999999,0,1,131.673297,-59.69234,1.9923033619523034,3.117665068476941,7.932550989483291,3.48731240097521,-54.6820369053617,98.2241436573304,8.1420097351074,39.2585258483887,-0.2946777115887045,90.680716182229,0.10028339999999991,-1.3231498,176.30156,131.673297,-12.787020000000012,True,True,True
AGO,Angola,Sub-Saharan Africa,2005,,87.1591416666667,14.1547775343954,41396636383.8231,22.953513851394,1.99794220547624,3196850749.33725,119.6,95.3414592878024,-1.2940835,-1.3592364,,101.538994,63.3650550842285,,,,0,4.467735662238424,0.0423937937500831,4.239379375008312,0,7.722489140655181,0,4.784152841516532,,4.148912527849968,0.2902789999828967,,,,-27.857246000000004,0.0,-27.857246000000004,0,1,131.673297,-87.549586,2.6125207102259367,5.1099684304292445,2.7349141439368996,11.4198633904585,-20.588592900574703,43.5421067519687,15.9645195007324,47.4005355834961,4.955420817162093,90.3860384706403,-0.07121709999999992,-1.2228664,129.39624,131.673297,-59.69234,True,True,True
AGO,Angola,Sub-Saharan Africa,2006,,80.3680720555555,11.8418178757042,58653659979.5501,13.3052101780032,4.32469967086085,8149079645.64961,139.1,84.6246041187373,-1.2967958,-1.326343,,104.03535,73.7914047241211,,,,0,4.386616983577508,-0.0811186786609159,8.111867866091593,0,13.89355693828966,0,4.935193098929397,0.1510402574128653,4.30124225767077,0.1523297298208028,,,,2.4963559999999916,2.4963559999999916,0.0,0,1,134.16965299999998,-87.549586,6.171067797634478,7.722489140655181,-2.3129596586912005,14.1547775343954,-9.6483036733908,22.953513851394,10.426349639892592,63.3650550842285,-10.716855169065099,95.3414592878024,-0.002712300000000001,-1.2940835,101.538994,131.673297,-87.549586,True,True,True
AGO,Angola,Sub-Saharan Africa,2007,25.0,76.70614275,13.0026889457976,73037821926.4655,12.2514974459487,3.89157343751113,11196800894.0338,148.9,97.2256307002466,-1.2804167,-1.3309729,,93.73795,78.6168823242188,,,,0,4.339981793171552,-0.0466351904059552,4.663519040595521,0,15.330140739008815,0,5.003274939689963,0.0680818407605663,4.364586464211489,0.0633442065407186,3.258096538021482,1.0,0.0,-10.297399999999996,0.0,-10.297399999999996,0,1,134.16965299999998,-97.846986,1.4365838007191556,13.89355693828966,1.1608710700933997,11.8418178757042,-1.0537127320544997,13.3052101780032,4.825477600097713,73.7914047241211,12.601026581509302,84.6246041187373,0.01637909999999998,-1.2967958,104.03535,134.16965299999998,-87.549586,True,True,True
AGO,Angola,Sub-Saharan Africa,2008,,75.0333541666667,10.7866360496581,98790432989.3077,12.4758291326398,3.74480928595891,17869411576.4837,178.9,108.680408742706,-1.2699259,-1.2534243,,81.196495,99.5164031982422,,,,0,4.317932736898914,-0.022049056272638,2.204905627263809,0,18.088200482346043,0,5.186826990514674,0.1835520508247103,4.600322486840987,0.2357360226294984,,,,-12.541455,0.0,-12.541455,0,1,134.16965299999998,-110.388441,2.7580597433372276,15.330140739008815,-2.2160528961395,13.0026889457976,0.22433168669109982,12.2514974459487,20.899520874023395,78.6168823242188,11.45477804245941,97.2256307002466,0.010490799999999911,-1.2804167,93.73795,134.16965299999998,-97.846986,True,True,True
AGO,Angola,Sub-Saharan Africa,2009,25.0,79.3281666666667,1.99558909788963,81705175408.8809,13.7302839288408,3.36113820275681,13664098153.6474,125.6,102.263183257504,-1.27248349999999,-1.2297726,,83.10186,65.5679626464844,,,,0,4.373593256832152,0.0556605199332373,5.56605199332374,0,16.723662956804798,0,4.833102254034098,-0.3537247364805758,4.183087202365082,-0.4172352844759057,3.258096538021482,1.0,0.0,1.9053650000000033,1.9053650000000033,0.0,0,1,136.075018,-110.388441,-1.3645375255412446,18.088200482346043,-8.79104695176847,10.7866360496581,1.2544547962009993,12.4758291326398,-33.9484405517578,99.5164031982422,-6.41722548520201,108.680408742706,-0.0025575999999900567,-1.2699259,81.196495,134.16965299999998,-110.388441,True,True,True
AGO,Angola,Sub-Saharan Africa,2010,,91.9057203405018,5.29366572819954,95546919754.2873,14.4696564932577,5.41091833069453,19678661657.2159,154.0,90.9940631357987,-1.32703029999999,-1.23819369999999,,84.17017,81.5512619018555,,,,0,4.52076327269654,0.147170015864388,14.717001586438805,0,20.595809585303662,0,5.0369526024136295,0.2038503483795315,4.401231802912422,0.2181446005473404,,,,1.0683099999999968,1.0683099999999968,0.0,0,1,137.143328,-110.388441,3.8721466284988644,16.723662956804798,3.2980766303099096,1.99558909788963,0.7393725644169002,13.7302839288408,15.983299255371094,65.5679626464844,-11.2691201217053,102.263183257504,-0.054546799999999784,-1.27248349999999,83.10186,136.075018,-110.388441,True,True,True
AGO,Angola,Sub-Saharan Africa,2011,,93.93475,3.59386960240222,125551634704.941,13.4824679218511,6.0305602882839,27039761554.085,195.5,89.0369443426985,-1.3687643,-1.3083456,,90.09539,101.138458251953,,,,0,4.542600392300913,0.0218371196043731,2.183711960437318,0,21.53676582358419,0,5.27556037942542,0.2386077770117909,4.6164904518333865,0.2152586489209644,,,,5.925219999999996,5.925219999999996,0.0,0,1,143.068548,-110.388441,0.9409562382805277,20.595809585303662,-1.6997961257973198,5.29366572819954,-0.9871885714066,14.4696564932577,19.5871963500975,81.5512619018555,-1.957118793100193,90.9940631357987,-0.04173400000001015,-1.32703029999999,84.17017,137.143328,-110.388441,True,True,True
AGO,Angola,Sub-Saharan Africa,2012,,95.467955421311,8.50312283866612,143572907527.976,10.2779049218839,6.61494628107062,31161778888.6797,199.1,81.939478548327,-1.4394482,-1.34388359999999,,81.475235,100.0,,,,0,4.558790645852169,0.0161902535512563,1.6190253551256362,0,21.704498031850225,1,5.293807211070151,0.0182468316447304,4.605170185988092,-0.0113202658452946,,,,-8.620154999999997,0.0,-8.620154999999997,0,1,143.068548,-119.008596,0.16773220826603463,21.53676582358419,4.9092532362639005,3.59386960240222,-3.2045629999672,13.4824679218511,-1.138458251952997,101.138458251953,-7.097465794371502,89.0369443426985,-0.07068389999999991,-1.3687643,90.09539,143.068548,-110.388441,True,True,True
AGO,Angola,Sub-Saharan Africa,2013,,96.5182794791526,4.88306129688392,148845200696.335,8.77781429332624,6.28848630390088,31500815461.6599,195.1,77.3498013719917,-1.46090079999999,-1.3625741,,83.036606,101.951126098633,,,,0,4.569732415060787,0.0109417692086175,1.0941769208617558,0,21.163474075275,1,5.273512247629066,-0.0202949634410849,4.624493542556647,0.0193233565685551,,,,1.5613710000000083,1.5613710000000083,0.0,0,1,144.629919,-119.008596,-0.5410239565752235,21.704498031850225,-3.620061541782201,8.50312283866612,-1.5000906285576594,10.2779049218839,1.9511260986329972,100.0,-4.5896771763353,81.939478548327,-0.02145259999998994,-1.4394482,81.475235,143.068548,-119.008596,True,True,True
AGO,Angola,Sub-Saharan Africa,2014,,98.3024168556335,4.65572356315585,153449860495.966,7.28038730361121,5.14629092203124,27032344084.4907,174.9,69.5801424480502,-1.48643939999999,-1.3052002,,100.29159,95.2969207763672,,,,0,4.588048613378176,0.0183161983173896,1.831619831738962,0,17.616401863852683,1,5.164214382024556,-0.1092978656045096,4.556997499292056,-0.0674960432645912,,,,17.254983999999993,17.254983999999993,0.0,0,1,161.884903,-119.008596,-3.547072211422318,21.163474075275,-0.22733773372806976,4.88306129688392,-1.4974269897150307,8.77781429332624,-6.6542053222657955,101.951126098633,-7.769658923941506,77.3498013719917,-0.02553860000000019,-1.46090079999999,83.036606,144.629919,-119.008596,True,True,True
AGO,Angola,Sub-Saharan Africa,2015,,120.060701665019,0.763177710914789,102543067840.819,9.35597215533784,6.48204569064842,23790543425.2351,100.0,54.9793808780995,-1.4857649,-1.3086297,,105.95364,54.2397651672363,,,,0,4.787997462092968,0.1999488487147918,19.99488487147918,0,23.200538004349497,1,4.605170185988092,-0.5590441960364645,3.993414314110163,-0.5635831851818929,,,,5.662049999999994,5.662049999999994,0.0,0,1,167.54695299999997,-119.008596,5.584136140496813,17.616401863852683,-3.892545852241061,4.65572356315585,2.0755848517266298,7.28038730361121,-41.0571556091309,95.2969207763672,-14.600761569950699,69.5801424480502,0.0006744999999901413,-1.48643939999999,100.29159,161.884903,-119.008596,True,True,True
AGO,Angola,Sub-Saharan Africa,2016,25.0,163.656434116579,-0.233076954805284,60770049747.3832,30.6944150806719,9.08387120490077,23672191989.4347,84.9,46.3256130571521,-1.4881942,-1.3287764,,98.67869,48.7098121643066,,,,0,5.097769316499279,0.3097718544063106,30.97718544063106,0,38.95371500901896,1,4.441474093317302,-0.16369609267079,3.885880491607087,-0.1075338225030759,3.258096538021482,1.0,0.0,-7.27494999999999,0.0,-7.27494999999999,0,1,167.54695299999997,-126.28354599999999,15.75317700466946,23.200538004349497,-0.996254665720073,0.763177710914789,21.338442925334057,9.35597215533784,-5.529953002929702,54.2397651672363,-8.653767820947401,54.9793808780995,-0.0024292999999999676,-1.4857649,105.95364,167.54695299999997,-119.008596,True,True,True
AGO,Angola,Sub-Saharan Africa,2017,25.0,165.915950691498,-0.164688656961076,85629598654.1906,29.8444799015679,5.81818691844858,17455327770.6619,105.0,44.9963253203189,-1.4208093,-1.3317055,,107.37731,58.6507949829102,,,,0,5.11148133899716,0.0137120224978808,1.3712022497880838,0,20.38468945901997,1,4.653960350157523,0.2124862568402212,4.071601129703447,0.1857206380963596,3.258096538021482,1.0,0.0,8.698619999999991,8.698619999999991,0.0,0,1,176.24557299999998,-126.28354599999999,-18.569025549998987,38.95371500901896,0.068388297844208,-0.233076954805284,-0.8499351791039977,30.6944150806719,9.940982818603601,48.7098121643066,-1.3292877368331943,46.3256130571521,0.06738489999999997,-1.4881942,98.67869,167.54695299999997,-126.28354599999999,True,True,True
AGO,Angola,Sub-Saharan Africa,2018,,252.855747731297,-0.506697543616156,90506061877.2765,19.6289379701521,5.41264015408642,15410405365.47,132.4,58.2698953890633,-1.18178199999999,-1.11055219999999,,98.55291,73.1876678466797,,,,0,5.532819159050493,0.4213378200533331,42.13378200533331,0,17.026931727916796,1,4.885827643502908,0.2318672933453847,4.293026934734363,0.2214258050309165,,,,-8.824399999999997,0.0,-8.824399999999997,0,1,176.24557299999998,-135.10794599999997,-3.357757731103174,20.38468945901997,-0.34200888665508,-0.164688656961076,-10.2155419314158,29.8444799015679,14.536872863769503,58.6507949829102,13.273570068744398,44.9963253203189,0.23902730000001005,-1.4208093,107.37731,176.24557299999998,-126.28354599999999,True,True,True
AGO,Angola,Sub-Saharan Africa,2019,25.0,364.825804980887,-1.05523414494337,81193813808.0382,17.080954143438,6.42509428996665,16334853784.0603,121.6,60.3713068739603,-0.9647988,-1.0519682,,90.94625,65.8079528808594,,,,0,5.899419993036367,0.3666008339858742,36.66008339858742,0,20.1183477138786,1,4.800736969532067,-0.085090673970841,4.186740695478503,-0.1062862392558603,3.258096538021482,1.0,0.0,-7.606659999999991,0.0,-7.606659999999991,0,1,176.24557299999998,-142.71460599999997,3.0914159859618024,17.026931727916796,-0.5485366013272139,-0.506697543616156,-2.547983826714102,19.6289379701521,-7.379714965820298,73.1876678466797,2.1014114848969996,58.2698953890633,0.21698319999998994,-1.18178199999999,98.55291,176.24557299999998,-135.10794599999997,True,True,True
AGO,Angola,Sub-Saharan Africa,2020,21.0,578.25878028011,-5.27349128300007,58512033805.8981,22.271539247051,8.02614772310759,13781988139.5961,79.1,54.6604030683749,-0.891832299999999,-0.9475038,,77.2938,47.3408546447754,,,,0,6.360021485224735,0.4606014921883679,46.060149218836784,0,23.554108861290093,1,4.370712874773608,-0.4300240947584584,3.857373657255692,-0.3293670382228106,3.091042453358316,0.0,0.0,-13.652450000000002,0.0,-13.652450000000002,0,1,176.24557299999998,-156.367056,3.435761147411494,20.1183477138786,-4.218257138056701,-1.05523414494337,5.1905851036129995,17.080954143438,-18.467098236084006,65.8079528808594,-5.710903805585403,60.3713068739603,0.07296650000000093,-0.9647988,90.94625,176.24557299999998,-142.71460599999997,True,True,True
AGO,Angola,Sub-Saharan Africa,2021,,631.441955506727,1.09058369944815,78283923543.8237,25.7542948841891,6.94915414648974,14468113825.809,129.0,62.5287705320674,-0.6416506,-1.0980135,,82.07024,71.353645324707,,,,0,6.448006022295655,0.0879845370709198,8.79845370709198,0,18.481590051768013,1,4.859812404361672,0.4890995295880636,4.267648433363476,0.410274776107784,,,,4.776439999999994,4.776439999999994,0.0,0,1,181.02201299999996,-156.367056,-5.07251880952208,23.554108861290093,6.36407498244822,-5.27349128300007,3.4827556371381014,22.271539247051,24.012790679931605,47.3408546447754,7.8683674636925005,54.6604030683749,0.25018169999999906,-0.891832299999999,77.2938,176.24557299999998,-156.367056,True,True,True
AGO,Angola,Sub-Saharan Africa,2022,20.0,460.567511631462,3.55749206675667,128233959333.275,21.3552901320822,4.3768328674863,13654715740.4529,167.3,56.5380722280743,-0.6031537,-1.1625439,,157.58319,88.6073760986328,,,,0,6.132459450012783,-0.3155465722828721,31.55465722828721,0,10.648283661713068,1,5.119788607992779,0.2599762036311066,4.4842151058233775,0.2165666724599013,3.044522437723423,0.0,0.0,75.51295,75.51295,0.0,0,1,256.53496299999995,-156.367056,-7.833306390054945,18.481590051768013,2.4669083673085197,1.09058369944815,-4.399004752106901,25.7542948841891,17.253730773925795,71.353645324707,-5.990698303993099,62.5287705320674,0.038496899999999945,-0.6416506,82.07024,181.02201299999996,-156.367056,True,True,True
AGO,Angola,Sub-Saharan Africa,2023,,685.020237761449,1.32016587081031,106042349567.303,13.6441017767715,5.08927113560434,13942114198.8828,129.0,53.6070126498686,-0.6242518,-1.1944432,,121.71125,75.8811340332031,,,,0,6.529448382003102,0.3969889319903199,39.69889319903199,0,13.147685104840132,1,4.859812404361672,-0.2599762036311066,4.329168090042157,-0.1550470157812205,,,,-35.871939999999995,0.0,-35.871939999999995,0,1,256.53496299999995,-192.238996,2.4994014431270646,10.648283661713068,-2.23732619594636,3.55749206675667,-7.7111883553107,21.3552901320822,-12.726242065429702,88.6073760986328,-2.931059578205698,56.5380722280743,-0.02109810000000001,-0.6031537,157.58319,256.53496299999995,-156.367056,True,True,True
AGO,Angola,Sub-Saharan Africa,2024,25.0,869.846189590008,4.95267860425956,103080538044.058,28.2404948915772,5.51374910579315,14242892504.625,128.3,49.8489506740963,-0.6225793,-1.1697408,,134.45274,73.7904815673828,,,,0,6.7683164024441,0.2388680204409974,23.886802044099746,0,13.817246955518796,1,4.854371271621591,-0.0054411327400814,4.301229747236577,-0.0279383428055801,3.258096538021482,1.0,0.0,12.741489999999999,12.741489999999999,0.0,0,1,269.27645299999995,-192.238996,0.6695618506786634,13.147685104840132,3.6325127334492504,1.32016587081031,14.5963931148057,13.6441017767715,-2.0906524658202983,75.8811340332031,-3.7580619757723,53.6070126498686,0.0016725000000000767,-0.6242518,121.71125,256.53496299999995,-192.238996,True,True,True
AZE,Azerbaijan,Eurasia & Central Asia,2000,,0.89483075,11.0999991434346,5272615722.96892,1.80500303704356,3.37709096355723,679605504.08201,,78.5485682796041,-1.38148619999999,-1.0982414,,57.415283,47.3172912597656,,,,0,-0.1111206847353546,,,0,12.889342591789257,1,,,3.856875794440583,,,,,,,,0,1,,,,,,,,,,,,,,,,,,True,True,True
AZE,Azerbaijan,Eurasia & Central Asia,2001,,0.931316666666667,9.89999986533643,5707616203.72011,1.5471959015228,3.42700845049129,724979353.94087,,78.8151854917601,,,,168.82918,42.7406768798828,,,,0,-0.0711559234838018,0.0399647612515528,3.996476125155282,0,12.701963973477106,1,,,3.755151086917743,-0.1017247075228402,,,,111.413897,111.413897,0.0,0,1,111.413897,0.0,-0.18737861831215064,12.889342591789257,-1.1999992780981703,11.0999991434346,-0.25780713552075984,1.80500303704356,-4.576614379882798,47.3172912597656,0.26661721215600664,78.5485682796041,,-1.38148619999999,57.415283,,,True,True,True
AZE,Azerbaijan,Eurasia & Central Asia,2002,,0.972164166666666,9.43891626906561,6236087738.28284,2.7711647199827,2.44849942668884,720471772.469666,,92.8181443298969,-1.39178699999999,-0.849332099999999,,156.04216,44.0082054138184,,,,0,-0.0282305930353801,0.0429253304484216,4.292533044842169,0,11.553265488019802,1,,,3.784376103209474,0.0292250162917304,,,,-12.787020000000012,0.0,-12.787020000000012,0,1,111.413897,-12.787020000000012,-1.1486984854573041,12.701963973477106,-0.46108359627081974,9.89999986533643,1.2239688184598998,1.5471959015228,1.2675285339356037,42.7406768798828,14.002958838136792,78.8151854917601,,,168.82918,111.413897,0.0,True,True,True
AZE,Azerbaijan,Eurasia & Central Asia,2003,,0.982146,10.2082994004776,7276413079.11451,2.23386492967049,1.83649474982287,802839749.214127,,107.551948506262,-1.26480829999999,-0.8414222,,176.30156,47.670238494873,,,,0,-0.0180153055077983,0.0102152875275818,1.021528752758184,0,11.03345481468772,1,,,3.8643072722433,0.0799311690338266,,,,20.2594,20.2594,0.0,0,1,131.673297,-12.787020000000012,-0.5198106733320813,11.553265488019802,0.7693831314119901,9.43891626906561,-0.5372997903122099,2.7711647199827,3.662033081054595,44.0082054138184,14.733804176365098,92.8181443298969,0.1269787,-1.39178699999999,156.04216,111.413897,-12.787020000000012,True,True,True
AZE,Azerbaijan,Eurasia & Central Asia,2004,,0.9826955,9.25380179728907,8680405740.94125,6.70893042797786,1.85191570856928,1075084292.67504,,121.507115894117,-1.2455967,-0.7462241,,129.39624,56.1563491821289,,,,0,-0.0174559728447553,0.0005593326630429,0.0559332663042949,0,12.3851848031065,1,,,4.028139750163756,0.1638324779204554,,,,-46.90531999999999,0.0,-46.90531999999999,0,1,131.673297,-59.69234,1.3517299884187786,11.03345481468772,-0.9544976031885302,10.2082994004776,4.475065498307369,2.23386492967049,8.486110687255902,47.670238494873,13.955167387855013,107.551948506262,0.019211599999990003,-1.26480829999999,176.30156,131.673297,-12.787020000000012,True,True,True
AZE,Azerbaijan,Eurasia & Central Asia,2005,24.0,0.945421,27.9615381082131,13245421880.834,9.6795073191705,1.63237565595468,1177743664.23387,117.0,115.841884607706,-1.15758989999999,-0.723940599999999,,101.538994,69.6422882080078,,,,0,-0.0561249480497317,-0.0386689752049763,3.866897520497637,0,8.89170367565305,1,4.762173934797756,,4.243371972028306,0.2152322218645501,3.218875824868201,0.0,0.0,-27.857246000000004,0.0,-27.857246000000004,0,1,131.673297,-87.549586,-3.4934811274534496,12.3851848031065,18.707736310924034,9.25380179728907,2.970576891192641,6.70893042797786,13.4859390258789,56.1563491821289,-5.665231286411,121.507115894117,0.08800680000000982,-1.2455967,129.39624,131.673297,-59.69234,True,True,True
AZE,Azerbaijan,Eurasia & Central Asia,2006,,0.893445,34.4662096226792,20981929497.6188,8.32892482863209,2.76461127651942,2500372956.08952,129.4,105.262399846369,-1.1420573,-0.7611566,,104.03535,78.1111907958984,,,,0,-0.1126705019571933,-0.0565455539074615,5.654555390746158,0,11.916792287255005,1,4.8629083820668,0.1007344472690441,4.358133334620562,0.1147613625922563,,,,2.4963559999999916,2.4963559999999916,0.0,0,1,134.16965299999998,-87.549586,3.025088611601955,8.89170367565305,6.5046715144661,27.9615381082131,-1.350582490538411,9.6795073191705,8.468902587890597,69.6422882080078,-10.579484761337014,115.841884607706,0.015532599999990016,-1.15758989999999,101.538994,131.673297,-87.549586,True,True,True
AZE,Azerbaijan,Eurasia & Central Asia,2007,,0.858123808243727,25.4632157314482,33049419431.2244,16.6997549618244,3.49559708730002,4273114882.33472,133.8,96.6418081486575,-1.16611739999999,-0.715959,,93.73795,81.7283554077148,,,,0,-0.1530068912518613,-0.040336389294668,4.033638929466803,0,12.929470338282464,1,4.896346147694128,0.0334377656273279,4.403401009065884,0.0452676744453217,,,,-10.297399999999996,0.0,-10.297399999999996,0,1,134.16965299999998,-97.846986,1.012678051027459,11.916792287255005,-9.002993891231,34.4662096226792,8.37083013319231,8.32892482863209,3.6171646118164062,78.1111907958984,-8.62059169771149,105.262399846369,-0.024060099999990037,-1.1420573,104.03535,134.16965299999998,-87.549586,True,True,True
AZE,Azerbaijan,Eurasia & Central Asia,2008,30.0,0.821619578853047,10.591437462476,48851293785.4483,20.8490871772712,4.54322850682035,6467239211.36657,158.1,89.2428968637573,-1.1747872,-0.7537191,,81.196495,97.388313293457,,,,0,-0.1964777904995227,-0.0434708992476613,4.347089924766137,0,13.238624221029363,1,5.0632277442154265,0.1668815965212982,4.578706216729353,0.1753052076634693,3.4339872044851463,1.0,0.0,-12.541455,0.0,-12.541455,0,1,134.16965299999998,-110.388441,0.3091538827468998,12.929470338282464,-14.871778268972202,25.4632157314482,4.149332215446801,16.6997549618244,15.659957885742202,81.7283554077148,-7.398911284900208,96.6418081486575,-0.00866980000000983,-1.16611739999999,93.73795,134.16965299999998,-97.846986,True,True,True
AZE,Azerbaijan,Eurasia & Central Asia,2009,,0.803783333333333,9.36950260277183,44292427184.9492,1.45704835970321,4.64486175253699,5363850354.15113,109.2,74.7440416836369,-1.1418298,-0.7673536,,83.10186,65.4732055664063,,,,0,-0.2184255320248365,-0.0219477415253137,2.194774152531376,0,12.110084488604846,1,4.693181063310805,-0.3700466809046219,4.18164098362503,-0.3970652331043229,,,,1.9053650000000033,1.9053650000000033,0.0,0,1,136.075018,-110.388441,-1.1285397324245174,13.238624221029363,-1.2219348597041702,10.591437462476,-19.39203881756799,20.8490871772712,-31.915107727050696,97.388313293457,-14.498855180120401,89.2428968637573,0.032957399999999915,-1.1747872,81.196495,134.16965299999998,-110.388441,True,True,True
AZE,Azerbaijan,Eurasia & Central Asia,2010,,0.80265,4.78883248761557,52909294791.9262,5.72687224669605,5.34868066777364,6409059730.22348,133.4,74.9859884610856,-1.2337448,-0.7874494,,84.17017,81.5765762329102,,,,0,-0.2198365255567137,-0.0014109935318772,0.1410993531877263,0,12.11329645467413,1,4.893352133481524,0.2001710701707191,4.401542164792373,0.2199011811673425,,,,1.0683099999999968,1.0683099999999968,0.0,0,1,137.143328,-110.388441,0.003211966069283534,12.110084488604846,-4.580670115156259,9.36950260277183,4.269823886992841,1.45704835970321,16.103370666503892,65.4732055664063,0.2419467774487032,74.7440416836369,-0.09191499999999997,-1.1418298,83.10186,136.075018,-110.388441,True,True,True
AZE,Azerbaijan,Eurasia & Central Asia,2011,,0.789686388888889,-1.5729973511111,65952796427.9473,7.8583333333334,5.71144713684025,10273925784.8398,160.7,80.5080450059522,-1.1630943,-0.760613499999999,,90.09539,101.219413757324,,,,0,-0.2361193884269512,-0.0162828628702374,1.628286287023745,0,15.577695475072009,1,5.0795392727434665,0.1861871392619427,4.617290574001959,0.2157484092095867,,,,5.925219999999996,5.925219999999996,0.0,0,1,143.068548,-110.388441,3.464399020397879,12.11329645467413,-6.3618298387266705,4.78883248761557,2.1314610866373496,5.72687224669605,19.642837524413807,81.5765762329102,5.522056544866601,74.9859884610856,0.07065049999999995,-1.2337448,84.17017,137.143328,-110.388441,True,True,True
AZE,Azerbaijan,Eurasia & Central Asia,2012,16.0,0.785645349462366,2.20293891708398,69679944504.1972,1.06621339720303,5.93245548573213,11277345749.0186,163.2,78.263069540422,-1.1735441,-0.7516124,,81.475235,100.0,,,,0,-0.2412497977139058,-0.0051304092869546,0.5130409286954657,0,16.18449301195885,1,5.094976442530006,0.0154371697865398,4.605170185988092,-0.0121203880138676,2.833213344056216,0.0,0.0,-8.620154999999997,0.0,-8.620154999999997,0,1,143.068548,-119.008596,0.606797536886841,15.577695475072009,3.77593626819508,-1.5729973511111,-6.79211993613037,7.8583333333334,-1.2194137573240056,101.219413757324,-2.244975465530203,80.5080450059522,-0.010449799999999954,-1.1630943,90.09539,143.068548,-110.388441,True,True,True
AZE,Azerbaijan,Eurasia & Central Asia,2013,,0.784541075268817,5.84341590483928,74160560123.6902,2.41571745279419,7.38761542827941,15175270232.0002,163.3,74.6758447629851,-1.0027032,-0.6655226,,83.036606,101.960258483887,,,,0,-0.2426563496471197,-0.0014065519332138,0.1406551933213845,0,20.462723321789664,1,5.095588999976419,0.0006125574464128,4.624583114654633,0.0194129286665409,,,,1.5613710000000083,1.5613710000000083,0.0,0,1,144.629919,-119.008596,4.278230309830814,16.18449301195885,3.6404769877553003,2.20293891708398,1.34950405559116,1.06621339720303,1.960258483887003,100.0,-3.5872247774369015,78.263069540422,0.17084089999999996,-1.1735441,81.475235,143.068548,-119.008596,True,True,True
AZE,Azerbaijan,Eurasia & Central Asia,2014,46.0,0.7843475,2.79758521448559,75239785452.1022,1.37344181533176,7.80997958251064,15603217172.1229,154.1,69.4832251953347,-1.1217641,-0.6478778,,100.29159,95.5900497436523,,,,0,-0.2429031170375523,-0.0002467673904326,0.0246767390432611,0,20.737987327271075,1,5.03760174232607,-0.0579872576503488,4.56006873246106,-0.0645143821935727,3.8501476017100575,1.0,0.0,17.254983999999993,17.254983999999993,0.0,0,1,161.884903,-119.008596,0.27526400548141083,20.462723321789664,-3.0458306903536903,5.84341590483928,-1.04227563746243,2.41571745279419,-6.370208740234702,101.960258483887,-5.192619567650397,74.6758447629851,-0.11906090000000003,-1.0027032,83.036606,144.629919,-119.008596,True,True,True
AZE,Azerbaijan,Eurasia & Central Asia,2015,63.0,1.02456381855059,1.04954641215085,53076235354.746,4.02768573742726,3.90413353903156,7070555994.33957,100.0,72.6015079073189,-0.9367808,-0.7053728,,105.95364,55.1962127685547,,,,0,0.0242669791438332,0.2671700961813855,26.717009618138555,0,13.321509988570302,1,4.605170185988092,-0.4324315563379786,4.010894341664013,-0.549174390797047,4.158883083359672,1.0,0.0,5.662049999999994,5.662049999999994,0.0,0,1,167.54695299999997,-119.008596,-7.416477338700773,20.737987327271075,-1.74803880233474,2.79758521448559,2.6542439220954996,1.37344181533176,-40.3938369750976,95.5900497436523,3.1182827119842074,69.4832251953347,0.18498330000000007,-1.1217641,100.29159,161.884903,-119.008596,True,True,True
AZE,Azerbaijan,Eurasia & Central Asia,2016,137.0,1.59572157270424,-3.06359842251706,37866996882.9157,12.4433748584372,4.035276233462,6698545432.89916,87.2,90.0773187345677,-0.752306599999999,-0.6732404,,98.67869,49.8208122253418,,,,0,0.4673260306160567,0.4430590514722235,44.305905147222354,0,17.68966642274533,1,4.468204330914934,-0.136965855073158,3.908432812899489,-0.1024615287645245,4.927253685157205,1.0,0.0,-7.27494999999999,0.0,-7.27494999999999,0,1,167.54695299999997,-126.28354599999999,4.368156434175027,13.321509988570302,-4.11314483466791,1.04954641215085,8.41568912100994,4.02768573742726,-5.375400543212905,55.1962127685547,17.475810827248793,72.6015079073189,0.18447420000000092,-0.9367808,105.95364,167.54695299999997,-119.008596,True,True,True
AZE,Azerbaijan,Eurasia & Central Asia,2017,36.0,1.72115480222734,0.153614661745507,40866627351.9817,12.9359184187335,4.18446687391091,7026285830.44112,101.1,90.4023156823216,-0.8585937,-0.7127751,,107.37731,59.8246192932129,,,,0,0.5429954621832691,0.0756694315672124,7.56694315672124,0,17.193211883927102,1,4.616110126026426,0.1479057951114919,4.091417270100355,0.1829844572008667,3.610917912644224,1.0,0.0,8.698619999999991,8.698619999999991,0.0,0,1,176.24557299999998,-126.28354599999999,-0.4964545388182273,17.68966642274533,3.217213084262567,-3.06359842251706,0.49254356029629953,12.4433748584372,10.0038070678711,49.8208122253418,0.32499694775390253,90.0773187345677,-0.10628710000000097,-0.752306599999999,98.67869,167.54695299999997,-126.28354599999999,True,True,True
AZE,Azerbaijan,Eurasia & Central Asia,2018,,1.70001666666667,1.50040167167313,47112470051.7701,2.26854690373999,3.67287653604613,6696420864.42018,118.6,91.6725765369825,-0.9065044,-0.6533544,,98.55291,74.0047073364258,,,,0,0.530638054935683,-0.0123574072475861,1.235740724758616,0,14.213690891311234,1,4.775756486563625,0.1596463605371996,4.3041287038353735,0.2127114337350182,,,,-8.824399999999997,0.0,-8.824399999999997,0,1,176.24557299999998,-135.10794599999997,-2.9795209926158677,17.193211883927102,1.3467870099276231,0.153614661745507,-10.66737151499351,12.9359184187335,14.180088043212898,59.8246192932129,1.2702608546609042,90.4023156823216,-0.04791069999999997,-0.8585937,107.37731,176.24557299999998,-126.28354599999999,True,True,True
AZE,Azerbaijan,Eurasia & Central Asia,2019,,1.7,2.47980879185565,48174235294.1176,2.61057182799215,3.93814204872058,7069418581.86676,108.4,85.8181454084561,-0.7550887,-0.6725504,,90.94625,66.2876205444336,,,,0,0.5306282510621704,-9.803873512570505e-06,0.000980387351257,0,14.674687701228512,1,4.685828089005546,-0.0899283975580793,4.19400316097087,-0.1101255428645036,,,,-7.606659999999991,0.0,-7.606659999999991,0,1,176.24557299999998,-142.71460599999997,0.46099680991727787,14.213690891311234,0.9794071201825201,1.50040167167313,0.34202492425216,2.26854690373999,-7.717086791992202,74.0047073364258,-5.8544311285264,91.6725765369825,0.15141570000000004,-0.9065044,98.55291,176.24557299999998,-135.10794599999997,True,True,True
AZE,Azerbaijan,Eurasia & Central Asia,2020,7636.0,1.7,-4.19896065333343,42693000000.0,2.75980947008127,5.19963004276592,7775084753.01305,75.4,72.0178676487811,-0.7598072,-0.6182094,,77.2938,47.9335479736328,,,,0,0.5306282510621704,0.0,0.0,0,18.211614908797813,1,4.32280727501391,-0.3630208139916355,3.8698156345010113,-0.3241875264698586,8.940760134888384,1.0,1.0,-13.652450000000002,0.0,-13.652450000000002,0,1,176.24557299999998,-156.367056,3.536927207569301,14.674687701228512,-6.678769445189079,2.47980879185565,0.14923764208911994,2.61057182799215,-18.354072570800795,66.2876205444336,-13.800277759674998,85.8181454084561,-0.00471850000000007,-0.7550887,90.94625,176.24557299999998,-142.71460599999997,True,True,True
AZE,Azerbaijan,Eurasia & Central Asia,2021,30.0,1.7,5.61644027150554,54825411764.7059,6.65029912708779,5.08434027652561,8290112834.95499,119.5,76.286865687015,-0.775813299999999,-0.608585199999999,,82.07024,72.5784072875977,,,,0,0.5306282510621704,0.0,0.0,0,15.120931276419132,1,4.783316371371566,0.4605090963576552,4.284667457311543,0.4148518228105318,3.4339872044851463,1.0,0.0,4.776439999999994,4.776439999999994,0.0,0,1,181.02201299999996,-156.367056,-3.0906836323786813,18.211614908797813,9.815400924838968,-4.19896065333343,3.8904896570065195,2.75980947008127,24.6448593139649,47.9335479736328,4.268998038233889,72.0178676487811,-0.016006099999999024,-0.7598072,77.2938,176.24557299999998,-156.367056,True,True,True
AZE,Azerbaijan,Eurasia & Central Asia,2022,154.0,1.7,4.71468033247649,78807470588.2353,13.8522590144267,4.80721642479812,11338378376.1944,172.9,86.9822732541779,-0.8302212,-0.5484749,,157.58319,90.1852874755859,,,,0,0.5306282510621704,0.0,0.0,0,14.387441052938756,1,5.152713392689245,0.3693970213176794,4.501866303737927,0.2171988464263838,5.043425116919247,1.0,0.0,75.51295,75.51295,0.0,0,1,256.53496299999995,-156.367056,-0.7334902234803753,15.120931276419132,-0.9017599390290494,5.61644027150554,7.20195988733891,6.65029912708779,17.606880187988196,72.5784072875977,10.695407567162903,76.286865687015,-0.05440790000000095,-0.775813299999999,82.07024,181.02201299999996,-156.367056,True,True,True
AZE,Azerbaijan,Eurasia & Central Asia,2023,442.0,1.7,1.35447749115767,72428470588.2353,8.78543049849081,5.46585515897895,13748751031.513,116.1,83.5358861156321,-0.881959199999999,-0.5160585,,121.71125,76.9216842651367,,,,0,0.5306282510621704,0.0,0.0,0,18.982522922065176,1,4.754451888703846,-0.3982615039853989,4.342787816803488,-0.1590784869344386,6.093569770045136,1.0,0.0,-35.871939999999995,0.0,-35.871939999999995,0,1,256.53496299999995,-192.238996,4.595081869126419,14.387441052938756,-3.36020284131882,4.71468033247649,-5.066828515935891,13.8522590144267,-13.26360321044919,90.1852874755859,-3.446387138545802,86.9822732541779,-0.05173799999999906,-0.8302212,157.58319,256.53496299999995,-156.367056,True,True,True
AZE,Azerbaijan,Eurasia & Central Asia,2024,,1.7,4.15806800428062,74426000000.0,2.21217188919901,4.6648967080829,12699124299.9099,108.4,82.5675246316515,-0.775077799999999,-0.4853711,,134.45274,75.0620346069336,,,,0,0.5306282510621704,0.0,0.0,0,17.06275266695765,1,4.685828089005546,-0.0686237996983001,4.318314899746825,-0.0244729170566637,,,,12.741489999999999,12.741489999999999,0.0,0,1,269.27645299999995,-192.238996,-1.919770255107526,18.982522922065176,2.80359051312295,1.35447749115767,-6.573258609291799,8.78543049849081,-1.8596496582031108,76.9216842651367,-0.9683614839806012,83.5358861156321,0.10688140000000002,-0.881959199999999,121.71125,256.53496299999995,-192.238996,True,True,True
BHR,Bahrain,MENA,2000,,0.376,5.30006940305884,9062898936.17021,-0.70485295309079,1.64878270644709,1605306697.72147,,135.809135327865,0.1016791,0.303979,,57.415283,74.0272674560547,,,,0,-0.9781661355922424,,,1,17.712949344659016,0,,,4.30443350446828,,,,,,,,0,1,,,,,,,,,,,,,,,,,,True,True,True
BHR,Bahrain,MENA,2001,,0.376,2.49094875338352,8976196808.51064,-1.20757180156659,2.32364287392691,1725453561.44655,,127.026266277537,,,,168.82918,73.1114349365234,,,,0,-0.9781661355922424,0.0,0.0,1,19.22254600980438,0,,,4.2919847832022535,-0.0124487212660264,,,,111.413897,111.413897,0.0,0,1,111.413897,0.0,1.509596665145363,17.712949344659016,-2.8091206496753203,5.30006940305884,-0.5027188484758,-0.70485295309079,-0.9158325195313068,74.0272674560547,-8.782869050327989,135.809135327865,,0.1016791,57.415283,,,True,True,True
BHR,Bahrain,MENA,2002,,0.376,3.34855067103268,9593510638.29787,-0.495540138751154,2.72442207081086,1777159820.10789,,131.133634216392,0.5602165,0.3650006,,156.04216,72.5675888061523,,,,0,-0.9781661355922424,0.0,0.0,1,18.52460363168162,0,,,4.284518386971932,-0.0074663962303214,,,,-12.787020000000012,0.0,-12.787020000000012,0,1,111.413897,-12.787020000000012,-0.6979423781227574,19.22254600980438,0.85760191764916,2.49094875338352,0.712031662815436,-1.20757180156659,-0.5438461303710938,73.1114349365234,4.107367938855006,127.026266277537,,,168.82918,111.413897,0.0,True,True,True
BHR,Bahrain,MENA,2003,,0.376,6.29644129075703,11074813829.7872,1.59362549800787,2.77372884389186,1840973997.58307,,128.091582155216,0.3727252,0.2408172,,176.30156,75.4765396118164,,,,0,-0.9781661355922424,0.0,0.0,1,16.62306947888842,0,,,4.323821874348959,0.039303487377027,,,,20.2594,20.2594,0.0,0,1,131.673297,-12.787020000000012,-1.9015341527932001,18.52460363168162,2.9478906197243497,3.34855067103268,2.0891656367590237,-0.495540138751154,2.908950805664105,72.5675888061523,-3.0420520611760082,131.133634216392,-0.18749130000000003,0.5602165,156.04216,111.413897,-12.787020000000012,True,True,True
BHR,Bahrain,MENA,2004,,0.376,6.98096175867695,13150159574.4681,2.35294117647062,2.1324620496279,2006203184.74825,,140.737310039923,0.2241191,0.4436288,,129.39624,81.6214141845703,,,,0,-0.9781661355922424,0.0,0.0,1,15.256112850854112,0,,,4.402091656274144,0.0782697819251847,,,,-46.90531999999999,0.0,-46.90531999999999,0,1,131.673297,-59.69234,-1.366956628034309,16.62306947888842,0.6845204679199206,6.29644129075703,0.7593156784627499,1.59362549800787,6.144874572753892,75.4765396118164,12.645727884706986,128.091582155216,-0.1486061,0.3727252,176.30156,131.673297,-12.787020000000012,True,True,True
BHR,Bahrain,MENA,2005,,0.376,6.76899737789502,15968723404.2553,2.58620689655173,1.56684445528045,2051923931.62393,95.5,148.313525108923,0.1496686,0.2880171,,101.538994,90.6959915161133,,,,0,-0.9781661355922424,0.0,0.0,1,12.849642890534,0,4.5591262474866845,,4.507513161173277,0.1054215048991329,,,,-27.857246000000004,0.0,-27.857246000000004,0,1,131.673297,-87.549586,-2.4064699603201127,15.256112850854112,-0.21196438078193047,6.98096175867695,0.23326572008111013,2.35294117647062,9.074577331542997,81.6214141845703,7.576215069,140.737310039923,-0.07445049999999998,0.2241191,129.39624,131.673297,-59.69234,True,True,True
BHR,Bahrain,MENA,2006,,0.376,6.4669995195042,18504760638.2979,2.00746965452849,1.77486905055206,2895643505.16612,108.1,147.104181068989,0.10779,0.1758485,,104.03535,97.2512893676758,,,,0,-0.9781661355922424,0.0,0.0,1,15.648100301136704,1,4.683056724645162,0.1239304771584777,4.577298240690108,0.0697850795168308,,,,2.4963559999999916,2.4963559999999916,0.0,0,1,134.16965299999998,-87.549586,2.7984574106027047,12.849642890534,-0.30199785839081983,6.76899737789502,-0.57873724202324,2.58620689655173,6.5552978515625,90.6959915161133,-1.2093440399339954,148.313525108923,-0.041878600000000016,0.1496686,101.538994,131.673297,-87.549586,True,True,True
BHR,Bahrain,MENA,2007,,0.376,8.29396129093843,21730000000.0,3.25666666666703,2.23645279776648,4342187749.57618,108.3,137.785050572304,0.1042366,0.2429346,,93.73795,98.9161758422852,,,,0,-0.9781661355922424,0.0,0.0,1,19.9824562796879,1,4.684905154006945,0.0018484293617824,4.594272782810555,0.0169745421204474,,,,-10.297399999999996,0.0,-10.297399999999996,0,1,134.16965299999998,-97.846986,4.334355978551194,15.648100301136704,1.82696177143423,6.4669995195042,1.24919701213854,2.00746965452849,1.6648864746094034,97.2512893676758,-9.319130496685005,147.104181068989,-0.0035533999999999982,0.10779,104.03535,134.16965299999998,-87.549586,True,True,True
BHR,Bahrain,MENA,2008,,0.376,6.24501094995797,25710904255.3191,3.52600316363721,2.0014415856641,4050919098.60005,120.4,145.882511145821,0.0224366,0.2337553,,81.196495,104.798400878906,,,,0,-0.9781661355922424,0.0,0.0,1,15.755646158427089,1,4.79081953287472,0.1059143788677756,4.65203851298146,0.0577657301709049,,,,-12.541455,0.0,-12.541455,0,1,134.16965299999998,-110.388441,-4.22681012126081,19.9824562796879,-2.0489503409804604,8.29396129093843,0.2693364969701797,3.25666666666703,5.882225036620795,98.9161758422852,8.097460573517026,137.785050572304,-0.0818,0.1042366,93.73795,134.16965299999998,-97.846986,True,True,True
BHR,Bahrain,MENA,2009,,0.376,2.53988570158225,22938218085.1064,2.79551283550412,3.11647971935239,4008299045.06264,96.5,117.963725409489,0.078316,0.1965815,,83.10186,94.5481338500977,,,,0,-0.9781661355922424,0.0,0.0,1,17.47432616688389,1,4.56954300834494,-0.22127652452978,4.549109057734622,-0.102929455246838,,,,1.9053650000000033,1.9053650000000033,0.0,0,1,136.075018,-110.388441,1.7186800084568024,15.755646158427089,-3.7051252483757198,6.24501094995797,-0.7304903281330897,3.52600316363721,-10.250267028808295,104.798400878906,-27.918785736332012,145.882511145821,0.055879399999999996,0.0224366,81.196495,134.16965299999998,-110.388441,True,True,True
BHR,Bahrain,MENA,2010,,0.376,4.3342989754845,26805984042.5532,1.96188468334623,3.75492330902566,5299463737.03106,108.0,115.561486449616,0.15202,0.1010185,,84.17017,98.8989562988281,,,,0,-0.9781661355922424,0.0,0.0,1,19.769704140010003,1,4.68213122712422,0.1125882187792797,4.59409868547721,0.0449896277425878,,,,1.0683099999999968,1.0683099999999968,0.0,0,1,137.143328,-110.388441,2.2953779731261115,17.47432616688389,1.7944132739022498,2.53988570158225,-0.8336281521578901,2.79551283550412,4.350822448730398,94.5481338500977,-2.402238959873003,117.963725409489,0.07370399999999999,0.078316,83.10186,136.075018,-110.388441,True,True,True
BHR,Bahrain,MENA,2011,,0.376,1.92815791170796,29914680851.0638,-0.40004069748808,2.34120217230767,4774194828.72022,117.5,167.529641035854,0.1964302,-0.0253953,,90.09539,101.530624389648,,,,0,-0.9781661355922424,0.0,0.0,1,15.95937076009435,1,4.7664383335842135,0.0843071064599936,4.620360471098693,0.0262617856214832,,,,5.925219999999996,5.925219999999996,0.0,0,1,143.068548,-110.388441,-3.8103333799156527,19.769704140010003,-2.40614106377654,4.3342989754845,-2.36192538083431,1.96188468334623,2.6316680908199004,98.8989562988281,51.968154586238015,115.561486449616,0.04441020000000001,0.15202,84.17017,137.143328,-110.388441,True,True,True
BHR,Bahrain,MENA,2012,,0.376,3.80302899043062,31963404255.3191,2.75739669962979,2.27248354641055,5454261306.90609,109.3,178.824020821684,0.1663109,-0.1376475,,81.475235,100.0,,,,0,-0.9781661355922424,0.0,0.0,1,17.064081357974988,1,4.694096395182493,-0.0723419384017205,4.605170185988092,-0.0151902851106013,,,,-8.620154999999997,0.0,-8.620154999999997,0,1,143.068548,-119.008596,1.1047105978806382,15.95937076009435,1.8748710787226601,1.92815791170796,3.15743739711787,-0.40004069748808,-1.530624389647997,101.530624389648,11.294379785829989,167.529641035854,-0.030119299999999988,0.1964302,90.09539,143.068548,-110.388441,True,True,True
BHR,Bahrain,MENA,2013,,0.376,5.29262224906203,33823324468.0851,3.30001156888442,2.09918116055192,5527718440.19013,108.5,184.58950884485,0.197016,-0.123284899999999,,83.036606,100.283782958984,,,,0,-0.9781661355922424,0.0,0.0,1,16.34291876130023,1,4.686750172980514,-0.0073462222019786,4.608003996541306,0.0028338105532146,,,,1.5613710000000083,1.5613710000000083,0.0,0,1,144.629919,-119.008596,-0.721162596674759,17.064081357974988,1.4895932586314102,3.80302899043062,0.54261486925463,2.75739669962979,0.2837829589840055,100.0,5.765488023166,178.824020821684,0.030705099999999985,0.1663109,81.475235,143.068548,-119.008596,True,True,True
BHR,Bahrain,MENA,2014,,0.376,4.30885692657077,34772526595.7447,2.64755321246189,2.46566079822188,6229406002.51976,109.8,168.57585814186,-0.0204446,-0.1310885,,100.29159,97.0310287475586,,,,0,-0.9781661355922424,0.0,0.0,1,17.914735029010192,1,4.69866052907543,0.0119103560949156,4.575030811346855,-0.032973185194451,,,,17.254983999999993,17.254983999999993,0.0,0,1,161.884903,-119.008596,1.5718162677099627,16.34291876130023,-0.9837653224912604,5.29262224906203,-0.6524583564225299,3.30001156888442,-3.2527542114254118,100.283782958984,-16.01365070298999,184.58950884485,-0.2174606,0.197016,83.036606,144.629919,-119.008596,True,True,True
BHR,Bahrain,MENA,2015,,0.376,2.50787205267615,32523297872.3404,1.84862742374977,1.61971116005605,3546207932.19981,100.0,147.916060172904,0.0385922,0.0118928,,105.95364,81.6087265014648,,,,0,-0.9781661355922424,0.0,0.0,1,10.903592698745658,1,4.605170185988092,-0.0934903430873381,4.40193619867204,-0.1730946126748156,,,,5.662049999999994,5.662049999999994,0.0,0,1,167.54695299999997,-119.008596,-7.0111423302645335,17.914735029010192,-1.80098487389462,4.30885692657077,-0.7989257887121202,2.64755321246189,-15.422302246093793,97.0310287475586,-20.659797968956013,168.57585814186,0.0590368,-0.0204446,100.29159,161.884903,-119.008596,True,True,True
BHR,Bahrain,MENA,2016,,0.376,3.81499327422425,33884680851.0638,2.78679347602044,1.24639583150588,2611989314.00794,95.3,132.822997902774,-0.0877355,-0.0230253,,98.67869,80.2650527954102,,,,0,-0.9781661355922424,0.0,0.0,1,7.708466623866511,1,4.557029810660157,-0.048140375327935,4.385334318194946,-0.0166018804770935,,,,-7.27494999999999,0.0,-7.27494999999999,0,1,167.54695299999997,-126.28354599999999,-3.1951260748791475,10.903592698745658,1.3071212215480998,2.50787205267615,0.9381660522706698,1.84862742374977,-1.3436737060546022,81.6087265014648,-15.093062270129991,147.916060172904,-0.1263277,0.0385922,105.95364,167.54695299999997,-119.008596,True,True,True
BHR,Bahrain,MENA,2017,,0.376,4.95383534123657,37204813829.7872,1.38671830576406,1.21101415937673,2823123079.34137,101.2,136.429239810394,-0.143222,-0.0275196999999999,,107.37731,85.02587890625,,,,0,-0.9781661355922424,0.0,0.0,1,7.588058610526093,1,4.617098756853365,0.0600689461932084,4.442955667873058,0.0576213496781115,,,,8.698619999999991,8.698619999999991,0.0,0,1,176.24557299999998,-126.28354599999999,-0.12040801334041795,7.708466623866511,1.1388420670123205,3.81499327422425,-1.4000751702563798,2.78679347602044,4.760826110839801,80.2650527954102,3.6062419076199888,132.822997902774,-0.055486499999999994,-0.0877355,98.67869,167.54695299999997,-126.28354599999999,True,True,True
BHR,Bahrain,MENA,2018,,0.376,2.05258864979861,39567978723.4043,2.08766938046978,0.888034266326336,2334278370.00967,104.7,144.075372574535,-0.140961,-0.0572436999999999,,98.55291,88.949462890625,,,,0,-0.9781661355922424,0.0,0.0,1,5.8994127203898685,1,4.651099117876491,0.0340003610231258,4.488068375764496,0.0451127078914384,,,,-8.824399999999997,0.0,-8.824399999999997,0,1,176.24557299999998,-135.10794599999997,-1.6886458901362245,7.588058610526093,-2.90124669143796,4.95383534123657,0.7009510747057202,1.38671830576406,3.923583984375,85.02587890625,7.646132764141015,136.429239810394,0.0022609999999999852,-0.143222,107.37731,176.24557299999998,-126.28354599999999,True,True,True
BHR,Bahrain,MENA,2019,,0.376,2.05287774418655,40446808510.6383,1.00582004702137,1.5458484900259,3902650742.43906,101.9,135.417543398211,-0.0835445,0.0073826,,90.94625,86.445915222168,,,,0,-0.9781661355922424,0.0,0.0,1,9.648847180149176,1,4.623991940228679,-0.027107177647812,4.459518960835624,-0.0285494149288725,,,,-7.606659999999991,0.0,-7.606659999999991,0,1,176.24557299999998,-142.71460599999997,3.749434459759307,5.8994127203898685,0.00028909438793967013,2.05258864979861,-1.08184933344841,2.08766938046978,-2.503547668457003,88.949462890625,-8.657829176324014,144.075372574535,0.05741650000000001,-0.140961,98.55291,176.24557299999998,-135.10794599999997,True,True,True
BHR,Bahrain,MENA,2020,,0.376,-5.9113629524152,35837632978.7234,-2.31770629331379,1.0547970704672,2523073657.45375,100.2,135.460985012931,-0.0925165999999999,-0.110376599999999,,77.2938,81.3799209594727,,,,0,-0.9781661355922424,0.0,0.0,1,7.040291022991627,1,4.607168188650764,-0.016823751577915,4.3991285713205865,-0.060390389515037,,,,-13.652450000000002,0.0,-13.652450000000002,0,1,176.24557299999998,-156.367056,-2.6085561571575484,9.648847180149176,-7.964240696601749,2.05287774418655,-3.3235263403351603,1.00582004702137,-5.065994262695298,86.445915222168,0.043441614719995414,135.417543398211,-0.0089720999999999,-0.0835445,90.94625,176.24557299999998,-142.71460599999997,True,True,True
BHR,Bahrain,MENA,2021,,0.376,4.35004091668986,40840212765.9574,-0.60631938514085,1.81003303508865,4993195962.86458,135.9,153.799316485108,0.210097,0.0190676,,82.07024,90.8231353759766,,,,0,-0.9781661355922424,0.0,0.0,1,12.226175195215164,1,4.911919321157098,0.3047511325063343,4.508914048042152,0.1097854767215658,,,,4.776439999999994,4.776439999999994,0.0,0,1,181.02201299999996,-156.367056,5.185884172223537,7.040291022991627,10.26140386910506,-5.9113629524152,1.71138690817294,-2.31770629331379,9.443214416503906,81.3799209594727,18.338331472177003,135.460985012931,0.3026135999999999,-0.0925165999999999,77.2938,176.24557299999998,-156.367056,True,True,True
BHR,Bahrain,MENA,2022,,0.376,6.18016125475185,46458191489.3617,3.62574104304482,1.4626760101007,4774898054.78219,153.1,167.141241152535,0.144834,0.0328686,,157.58319,93.6037063598633,,,,0,-0.9781661355922424,0.0,0.0,1,10.277838851896716,1,5.031091302663638,0.1191719815065397,4.539069980561359,0.0301559325192064,,,,75.51295,75.51295,0.0,0,1,256.53496299999995,-156.367056,-1.9483363433184486,12.226175195215164,1.83012033806199,4.35004091668986,4.23206042818567,-0.60631938514085,2.7805709838866903,90.8231353759766,13.341924667427008,153.799316485108,-0.06526300000000002,0.210097,82.07024,181.02201299999996,-156.367056,True,True,True
BHR,Bahrain,MENA,2023,,0.376,3.87811614845566,46192260638.2979,0.0746206782192256,1.53805743002251,5117552034.50774,127.9,157.447854682297,0.2380412,0.1259217,,121.71125,89.8515090942383,,,,0,-0.9781661355922424,0.0,0.0,1,11.078808362682274,1,4.851248708584797,-0.179842594078841,4.498158408795125,-0.0409115717662338,,,,-35.871939999999995,0.0,-35.871939999999995,0,1,256.53496299999995,-192.238996,0.8009695107855581,10.277838851896716,-2.3020451062961897,6.18016125475185,-3.5511203648255942,3.62574104304482,-3.752197265625,93.6037063598633,-9.69338647023801,167.141241152535,0.09320720000000002,0.144834,157.58319,256.53496299999995,-156.367056,True,True,True
BHR,Bahrain,MENA,2024,,0.376,2.89710543153512,47210732712.766,0.919635459817651,1.41650733987614,4948702759.13155,123.4,157.480869430187,0.2540662,0.1679373,,134.45274,89.6404037475586,,,,0,-0.9781661355922424,0.0,0.0,1,10.482156227567716,1,4.815431111471288,-0.0358175971135095,4.4958061530229685,-0.0023522557721564,,,,12.741489999999999,12.741489999999999,0.0,0,1,269.27645299999995,-192.238996,-0.5966521351145584,11.078808362682274,-0.9810107169205402,3.87811614845566,0.8450147815984255,0.0746206782192256,-0.2111053466797017,89.8515090942383,0.03301474789000736,157.447854682297,0.01602500000000001,0.2380412,121.71125,256.53496299999995,-192.238996,True,True,True
BRA,Brazil,Latin America,2000,,1.82942312207561,4.38794944745618,655448231983.527,7.04414105947266,4.14153415965172,33015297295.6899,,22.6397613567941,0.1106033,-0.366494999999999,0.025567928,57.415283,76.4956283569336,,,,0,0.6040006833182344,,,0,5.037056427138193,0,,,4.337233593538616,,,,,,,,1,0,,,,,,,,,,,,,,,,,,True,True,True
BRA,Brazil,Latin America,2001,,2.34963170932244,1.38989640095637,559983634798.981,6.84035902487523,4.44144456291018,35866445530.2453,,26.936285022064,,,0.061516207,168.82918,76.3890838623047,,,,0,0.8542585964370337,0.2502579131187993,25.02579131187993,0,6.404909590459798,0,,,4.335839804580512,-0.0013937889581043,,,,111.413897,111.413897,0.0,1,0,111.413897,0.0,1.3678531633216053,5.037056427138193,-2.9980530464998107,4.38794944745618,-0.20378203459743016,7.04414105947266,-0.10654449462889204,76.4956283569336,4.296523665269898,22.6397613567941,,0.1106033,57.415283,,,True,True,True
BRA,Brazil,Latin America,2002,,2.92036301775519,3.05346185909312,509795273806.715,8.45016437708331,5.36911462837761,37832146718.419,,27.6183574022309,0.0977714,-0.3005311,0.054765165,156.04216,75.6060180664063,,,,0,1.0717079297019945,0.2174493332649607,21.744933326496074,0,7.421046969682729,0,,,4.325535884070247,-0.0103039205102648,,,,-12.787020000000012,0.0,-12.787020000000012,1,0,111.413897,-12.787020000000012,1.016137379222931,6.404909590459798,1.6635654581367503,1.38989640095637,1.6098053522080793,6.84035902487523,-0.7830657958983949,76.3890838623047,0.6820723801669004,26.936285022064,,,168.82918,111.413897,0.0,True,True,True
BRA,Brazil,Latin America,2003,,3.07747511847802,1.14082899824888,558233745651.874,14.7149197228147,6.80818213950274,49297286966.3089,,28.1403847231593,0.0538006,-0.387330099999999,0.05755103,176.30156,76.6450805664063,,,,0,1.124109494065078,0.0524015643630835,5.240156436308352,0,8.830939969195573,0,,,4.339185422780755,0.0136495387105082,,,,20.2594,20.2594,0.0,1,0,131.673297,-12.787020000000012,1.4098929995128433,7.421046969682729,-1.9126328608442402,3.05346185909312,6.264755345731391,8.45016437708331,1.0390625,75.6060180664063,0.5220273209284017,27.6183574022309,-0.0439708,0.0977714,156.04216,111.413897,-12.787020000000012,True,True,True
BRA,Brazil,Latin America,2004,,2.92511944951586,5.75996463670954,669289424806.307,6.59718509985963,6.01897746167502,52934865185.6722,,29.6782524787535,-0.104169299999999,-0.2921475,0.06255252,129.39624,77.2249298095703,,,,0,1.0733353172913138,-0.0507741767737641,5.077417677376417,0,7.909114237236246,0,,,4.34672232989611,0.0075369071153552,,,,-46.90531999999999,0.0,-46.90531999999999,1,0,131.673297,-59.69234,-0.9218257319593262,8.830939969195573,4.61913563846066,1.14082899824888,-8.11773462295507,14.7149197228147,0.5798492431639914,76.6450805664063,1.537867755594199,28.1403847231593,-0.157969899999999,0.0538006,176.30156,131.673297,-12.787020000000012,True,True,True
BRA,Brazil,Latin America,2005,,2.43439003623188,3.20213206130431,891633839894.183,6.86953720898964,5.01765489488027,53799284976.6775,92.9,27.0867952043315,-0.247161599999999,-0.3517713,0.061384227,101.538994,77.2240676879883,,,,0,0.8896962266871712,-0.1836390906041426,18.36390906041426,0,6.033786804576896,0,4.531523645819793,,4.346711166060851,-1.1163835258898304e-05,,,,-27.857246000000004,0.0,-27.857246000000004,1,0,131.673297,-87.549586,-1.8753274326593505,7.909114237236246,-2.5578325754052305,5.75996463670954,0.2723521091300096,6.59718509985963,-0.0008621215820028283,77.2249298095703,-2.591457274421998,29.6782524787535,-0.14299230000000002,-0.104169299999999,129.39624,131.673297,-59.69234,True,True,True
BRA,Brazil,Latin America,2006,,2.17532666666667,3.96198871122617,1107626541434.92,4.18356812896909,6.6063279497004,85842861115.1295,97.8,26.04169989179,-0.213272599999999,-0.3073782,0.048306793,104.03535,78.8708724975586,,,,0,0.7771788448339053,-0.1125173818532658,11.251738185326587,0,7.750162884677796,0,4.582924577040772,0.0514009312209786,4.367811989825681,0.0211008237648293,,,,2.4963559999999916,2.4963559999999916,0.0,1,0,134.16965299999998,-87.549586,1.7163760801009005,6.033786804576896,0.75985664992186,3.20213206130431,-2.6859690800205502,6.86953720898964,1.6468048095702983,77.2240676879883,-1.045095312541502,27.0867952043315,0.033889,-0.247161599999999,101.538994,131.673297,-87.549586,True,True,True
BRA,Brazil,Latin America,2007,,1.94705833333333,6.06987060678338,1397114486368.67,3.64127299102652,10.7535621523233,180333622535.832,101.4,25.2926113755394,-0.2877377,-0.3124145,0.036030233,93.73795,80.4034729003906,,,,0,0.6663196865644314,-0.1108591582694739,11.08591582694739,0,12.907576601295482,0,4.619073091157083,0.0361485141163111,4.387057370530521,0.0192453807048407,,,,-10.297399999999996,0.0,-10.297399999999996,1,0,134.16965299999998,-97.846986,5.157413716617685,7.750162884677796,2.10788189555721,3.96198871122617,-0.54229513794257,4.18356812896909,1.5326004028320028,78.8708724975586,-0.7490885162505982,26.04169989179,-0.07446510000000098,-0.213272599999999,104.03535,134.16965299999998,-87.549586,True,True,True
BRA,Brazil,Latin America,2008,,1.83376666666667,5.09419544658736,1695855083497.52,5.67859390284168,8.33142232895231,193783363540.649,104.9,27.257569417356,-0.0919325,-0.247276299999999,0.04262279,81.196495,86.2502288818359,,,,0,0.6063721392771977,-0.0599475472872337,5.994754728723373,0,11.42688225110553,0,4.653007515402251,0.0339344242451682,4.457252709610393,0.0701953390798717,,,,-12.541455,0.0,-12.541455,1,0,134.16965299999998,-110.388441,-1.4806943501899514,12.907576601295482,-0.9756751601960199,6.06987060678338,2.03732091181516,3.64127299102652,5.846755981445298,80.4034729003906,1.9649580418165975,25.2926113755394,0.19580519999999998,-0.2877377,93.73795,134.16965299999998,-97.846986,True,True,True
BRA,Brazil,Latin America,2009,,1.99942817314426,-0.125812002161169,1666996438581.43,4.88803479876799,12.9658318881251,238539464848.441,101.7,22.1059756060333,-0.0402027,-0.2053216,0.041633353,83.10186,92.5477294921875,,,,0,0.6928612262510387,0.086489086973841,8.648908697384105,0,14.309536560943814,0,4.622027303054514,-0.0309802123477371,4.5277245059491245,0.0704717963387313,,,,1.9053650000000033,1.9053650000000033,0.0,1,0,136.075018,-110.388441,2.8826543098382835,11.42688225110553,-5.220007448748529,5.09419544658736,-0.7905591040736901,5.67859390284168,6.297500610351605,86.2502288818359,-5.151593811322698,27.257569417356,0.0517298,-0.0919325,81.196495,134.16965299999998,-110.388441,True,True,True
BRA,Brazil,Latin America,2010,,1.75922671058718,7.52822581815364,2208837745100.55,5.03872690108075,10.2280608885101,288574623536.622,118.5,22.772178113177,-0.0150966,-0.0413875,0.08535534,84.17017,101.570472717285,,,,0,0.5648743435146693,-0.1279868827363695,12.798688273636948,0,13.064546011888512,0,4.774912960575186,0.152885657520672,4.620752870044005,0.0930283640948808,,,,1.0683099999999968,1.0683099999999968,0.0,1,0,137.143328,-110.388441,-1.2449905490553022,14.309536560943814,7.654037820314809,-0.125812002161169,0.1506921023127603,4.88803479876799,9.0227432250975,92.5477294921875,0.6662025071436979,22.1059756060333,0.0251061,-0.0402027,83.10186,136.075018,-110.388441,True,True,True
BRA,Brazil,Latin America,2011,,1.67282875525659,3.97442307944702,2616156223917.69,6.6364496221309,10.5265784637235,352010222755.829,127.3,23.9344051758721,0.2097513,-0.0747892,0.054056313,90.09539,107.194564819336,,,,0,0.5145160588796821,-0.0503582846349871,5.035828463498715,0,13.455244741795052,0,4.846546505563361,0.0716335449881748,4.674645546039183,0.0538926759951774,,,,5.925219999999996,5.925219999999996,0.0,1,0,143.068548,-110.388441,0.390698729906541,13.064546011888512,-3.55380273870662,7.52822581815364,1.5977227210501503,5.03872690108075,5.624092102050994,101.570472717285,1.1622270626951021,22.772178113177,0.2248479,-0.0150966,84.17017,137.143328,-110.388441,True,True,True
BRA,Brazil,Latin America,2012,,1.95306861112487,1.92117598576537,2465227802806.76,5.40349914036997,11.6309530113885,373160977539.732,120.4,25.1142736107398,-0.0113872,-0.0446889,0.028294347,81.475235,100.0,,,,0,0.6694017824217844,0.1548857235421022,15.488572354210229,0,15.13697748803877,0,4.79081953287472,-0.0557269726886406,4.605170185988092,-0.0694753600510909,,,,-8.620154999999997,0.0,-8.620154999999997,1,0,143.068548,-119.008596,1.6817327462437177,13.455244741795052,-2.05324709368165,3.97442307944702,-1.2329504817609305,6.6364496221309,-7.194564819335994,107.194564819336,1.1798684348677,23.9344051758721,-0.22113850000000002,0.2097513,90.09539,143.068548,-110.388441,True,True,True
BRA,Brazil,Latin America,2013,,2.15608915126311,3.00482266944432,2472819535557.21,6.20431066640101,11.204987102341,358816422466.118,117.1,25.7859573274674,-0.0608636,-0.134532999999999,0.034512617,83.036606,100.043922424316,,,,0,0.7682960024994153,0.0988942200776309,9.889422007763091,0,14.510416846301098,0,4.763028270603671,-0.027791262271049,4.605609313800519,0.0004391278124273,,,,1.5613710000000083,1.5613710000000083,0.0,1,0,144.629919,-119.008596,-0.6265606417376723,15.13697748803877,1.0836466836789498,1.92117598576537,0.8008115260310404,5.40349914036997,0.043922424315994135,100.0,0.6716837167275997,25.1142736107398,-0.0494764,-0.0113872,81.475235,143.068548,-119.008596,True,True,True
BRA,Brazil,Latin America,2014,,2.35295196276669,0.503955740242247,2456043727198.85,6.32904015516139,11.3474043536962,363570226084.661,113.2,24.6854058131291,-0.2351787,-0.1419913,0.0392739,100.29159,94.2195510864258,,,,0,0.8556706942230562,0.0873746917236408,8.737469172364086,0,14.803084410036853,0,4.729156165769083,-0.0338721048345886,4.54562770873524,-0.0599816050652792,,,,17.254983999999993,17.254983999999993,0.0,1,0,161.884903,-119.008596,0.29266756373575475,14.510416846301098,-2.500866929202073,3.00482266944432,0.12472948876038004,6.20431066640101,-5.824371337890199,100.043922424316,-1.1005515143382993,25.7859573274674,-0.1743151,-0.0608636,83.036606,144.629919,-119.008596,True,True,True
BRA,Brazil,Latin America,2015,,3.32690438276879,-3.54576339269425,1802212206814.5,9.02990102416136,14.6482488458148,356464980327.488,100.0,26.95362593736,-0.3512683,-0.225204699999999,0.036294263,105.95364,85.9421463012695,,,,0,1.202042256848409,0.3463715626253528,34.637156262535285,0,19.779301182159763,0,4.605170185988092,-0.1239859797809908,4.45367435245051,-0.0919533562847298,,,,5.662049999999994,5.662049999999994,0.0,1,0,167.54695299999997,-119.008596,4.9762167721229105,14.803084410036853,-4.049719132936497,0.503955740242247,2.7008608689999694,6.32904015516139,-8.277404785156293,94.2195510864258,2.268220124230897,24.6854058131291,-0.11608959999999999,-0.2351787,100.29159,161.884903,-119.008596,True,True,True
BRA,Brazil,Latin America,2016,,3.49131342157271,-3.27591690782192,1795693482853.01,8.73914352329393,16.6034201407585,364984039092.456,102.4,24.5336820777006,-0.366817699999999,-0.1485678,0.041025445,98.67869,91.9118194580078,,,,0,1.2502780039762578,0.0482357471278487,4.823574712784873,0,20.325520061061138,0,4.628886712605407,0.0237165266173153,4.520829633257288,0.0671552808067774,,,,-7.27494999999999,0.0,-7.27494999999999,1,0,167.54695299999997,-126.28354599999999,0.5462188789013744,19.779301182159763,0.2698464848723301,-3.54576339269425,-0.29075750086743035,9.02990102416136,5.9696731567382955,85.9421463012695,-2.419943859659398,26.95362593736,-0.015549399999999047,-0.3512683,105.95364,167.54695299999997,-119.008596,True,True,True
BRA,Brazil,Latin America,2017,,3.19138944630048,1.32286905404399,2063514977365.65,3.44637335032669,14.8647023427237,373955518686.487,108.2,24.3197343743057,-0.4693688,-0.2808179,0.03863929,107.37731,91.5808868408203,,,,0,1.1604563850702787,-0.089821618905979,8.982161890597906,0,18.12225851463849,0,4.6839813664123815,0.0550946538069743,4.517222590964769,-0.0036070422925185,,,,8.698619999999991,8.698619999999991,0.0,1,0,176.24557299999998,-126.28354599999999,-2.203261546422649,20.325520061061138,4.59878596186591,-3.27591690782192,-5.29277017296724,8.73914352329393,-0.3309326171875,91.9118194580078,-0.21394770339490066,24.5336820777006,-0.10255110000000095,-0.366817699999999,98.67869,167.54695299999997,-126.28354599999999,True,True,True
BRA,Brazil,Latin America,2018,,3.65382536145755,1.783666761634,1916933898010.99,3.66485028376729,13.202166862988,374709673447.828,106.9,28.8762033763866,-0.407628,-0.4015041,0.057883088,98.55291,85.9824981689453,,,,0,1.2957746630144076,0.1353182779441288,13.531827794412887,0,19.547344529544112,0,4.671893818030999,-0.0120875483813822,4.45414376587918,-0.0630788250855891,,,,-8.824399999999997,0.0,-8.824399999999997,1,0,176.24557299999998,-135.10794599999997,1.4250860149056237,18.12225851463849,0.46079770759001004,1.32286905404399,0.21847693344060026,3.44637335032669,-5.598388671875,91.5808868408203,4.556469002080899,24.3197343743057,0.061740799999999985,-0.4693688,107.37731,176.24557299999998,-126.28354599999999,True,True,True
BRA,Brazil,Latin America,2019,,3.9444710972507,1.22077782360842,1873288205059.69,3.73297621216894,12.2312070465136,356886386911.979,107.0,28.8902578698964,-0.372764,-0.3861785,0.099605225,90.94625,91.1453704833984,,,,0,1.3723148761717952,0.0765402131573875,7.654021315738757,0,19.051333689500662,0,4.672828834461906,0.0009350164309065,4.51245570974593,0.0583119438667498,,,,-7.606659999999991,0.0,-7.606659999999991,1,0,176.24557299999998,-142.71460599999997,-0.49601084004345,19.547344529544112,-0.5628889380255802,1.783666761634,0.06812592840165,3.66485028376729,5.162872314453097,85.9824981689453,0.014054493509799926,28.8762033763866,0.034864000000000006,-0.407628,98.55291,176.24557299999998,-135.10794599999997,True,True,True
BRA,Brazil,Latin America,2020,,5.15517878751281,-3.2767587964736,1476107231310.49,3.21176803803376,14.9438769882272,355614251456.14,107.7,32.3020785437939,-0.337231599999999,-0.392171899999999,0.04603715,77.2938,99.3856658935547,,,,0,1.640001799217225,0.2676869230454299,26.768692304542995,0,24.09135623164892,0,4.679349584162343,0.0065207497004369,4.599007896961533,0.0865521872156032,,,,-13.652450000000002,0.0,-13.652450000000002,1,0,176.24557299999998,-156.367056,5.040022542148257,19.051333689500662,-4.49753662008202,1.22077782360842,-0.5212081741351802,3.73297621216894,8.240295410156307,91.1453704833984,3.4118206738974983,28.8902578698964,0.03553240000000096,-0.372764,90.94625,176.24557299999998,-142.71460599999997,True,True,True
BRA,Brazil,Latin America,2021,,5.39440078962503,4.76260437908608,1670647398904.9,8.30165975585673,11.1402301211994,362210079181.317,123.2,37.6563307598082,-0.404589,-0.4091435,0.039381564,82.07024,103.883911132813,,,,0,1.685361524816882,0.0453597255996569,4.535972559965695,0,21.68082142400268,0,4.81380905109942,0.1344594669370771,4.643274036574937,0.0442661396134038,,,,4.776439999999994,4.776439999999994,0.0,1,0,181.02201299999996,-156.367056,-2.41053480764624,24.09135623164892,8.03936317555968,-3.2767587964736,5.089891717822971,3.21176803803376,4.498245239258296,99.3856658935547,5.354252216014302,32.3020785437939,-0.06735740000000096,-0.337231599999999,77.2938,176.24557299999998,-156.367056,True,True,True
BRA,Brazil,Latin America,2022,,5.16397029102111,3.01669435393015,1951923942083.32,9.28010608956873,8.33579218529621,324673449781.4,114.5,38.8160659763397,-0.4562788,-0.4398335,0.09077602,157.58319,93.6888122558594,,,,0,1.6417057198735616,-0.0436558049433204,4.365580494332044,0,16.63350926649687,0,4.740574822994295,-0.0732342281051252,4.53997878249838,-0.1032952540765572,,,,75.51295,75.51295,0.0,1,0,256.53496299999995,-156.367056,-5.047312157505811,21.68082142400268,-1.7459100251559305,4.76260437908608,0.9784463337119984,8.30165975585673,-10.195098876953594,103.883911132813,1.1597352165315016,37.6563307598082,-0.05168980000000001,-0.404589,82.07024,181.02201299999996,-156.367056,True,True,True
BRA,Brazil,Latin America,2023,,4.99437976287199,3.24165532906981,2191131765684.63,4.59356282283204,9.42965093795292,355021395541.562,117.2,33.6662298301438,-0.451506099999999,-0.483012599999999,0.105531864,121.71125,99.1291961669922,,,,0,1.608313232793387,-0.0333924870801749,3.339248708017495,0,16.202649293007436,0,4.763881877142913,0.023307054148618,4.596424011134618,0.0564452286362389,,,,-35.871939999999995,0.0,-35.871939999999995,1,0,256.53496299999995,-192.238996,-0.43085997348943295,16.63350926649687,0.22496097513965996,3.01669435393015,-4.686543266736689,9.28010608956873,5.440383911132798,93.6888122558594,-5.149836146195902,38.8160659763397,0.004772700000000962,-0.4562788,157.58319,256.53496299999995,-156.367056,True,True,True
BRA,Brazil,Latin America,2024,,5.3889349057096,3.41931516501906,2185821610689.31,4.36746407652337,7.95225602897552,329732443813.378,120.8,35.5845239386244,-0.4088904,-0.446218,0.09635782,134.45274,94.2060165405273,,,,0,1.6843477597746026,0.0760345269812159,7.603452698121593,0,15.085057362453067,0,4.794136285500715,0.030254408357802,4.545484049399702,-0.0509399617349162,,,,12.741489999999999,12.741489999999999,0.0,1,0,269.27645299999995,-192.238996,-1.1175919305543687,16.202649293007436,0.17765983594925006,3.24165532906981,-0.22609874630867033,4.59356282283204,-4.923179626464901,99.1291961669922,1.9182941084806018,33.6662298301438,0.042615699999999035,-0.451506099999999,121.71125,256.53496299999995,-192.238996,True,True,True
BRN,Brunei,Asia-Pacific,2000,,1.72396333333333,3.47467627672586,6570999087.56742,1.55815247634946,,408340574.417856,,87.0553329877697,0.3709386,0.7763369,,57.415283,46.0124702453613,,,,0,0.5446259036471883,,,0,6.214284448622918,1,,,3.8289124520406825,,,,,,,,0,1,,,,,,,,,,,,,,,,,,True,True,True
BRN,Brunei,Asia-Pacific,2001,,1.7917225,1.4660608198711,6096155767.38145,0.59589041095899,1.97420800823628,381821178.372171,,91.0997876196857,,,,168.82918,43.7459030151367,,,,0,0.5831774476507648,0.0385515440035765,3.855154400357652,0,6.263310731250868,1,,,3.778397963050318,-0.0505144889903643,,,,111.413897,111.413897,0.0,0,1,111.413897,0.0,0.049026282627949946,6.214284448622918,-2.00861545685476,3.47467627672586,-0.9622620653904701,1.55815247634946,-2.2665672302246023,46.0124702453613,4.044454631915997,87.0553329877697,,0.3709386,57.415283,,,True,True,True
BRN,Brunei,Asia-Pacific,2002,,1.79058833333333,3.9614389000248,6333082875.56937,-2.31497242459321,2.13350572249599,448994000.486639,,93.2161814722477,0.1845583,0.7815546,,156.04216,40.825756072998,,,,0,0.5825442436897842,-0.0006332039609806,0.0633203960980655,0,7.089659322455536,1,,,3.709313158538021,-0.0690848045122973,,,,-12.787020000000012,0.0,-12.787020000000012,0,1,111.413897,-12.787020000000012,0.8263485912046686,6.263310731250868,2.4953780801536998,1.4660608198711,-2.9108628355521997,0.59589041095899,-2.9201469421387003,43.7459030151367,2.1163938525619983,91.0997876196857,,,168.82918,111.413897,0.0,True,True,True
BRN,Brunei,Asia-Pacific,2003,,1.74218333333333,3.58342909978997,7167725261.92713,0.299999999999967,2.28521728575475,474743404.017911,,89.085616098756,0.1825345,0.7793346,,176.30156,50.6564521789551,,,,0,0.5551391159083423,-0.0274051277814418,2.7405127781441885,0,6.62334822652327,1,,,3.925066610122657,0.2157534515846357,,,,20.2594,20.2594,0.0,0,1,131.673297,-12.787020000000012,-0.46631109593226583,7.089659322455536,-0.37800980023483,3.9614389000248,2.614972424593177,-2.31497242459321,9.830696105957102,40.825756072998,-4.130565373491692,93.2161814722477,-0.00202380000000002,0.1845583,156.04216,111.413897,-12.787020000000012,True,True,True
BRN,Brunei,Asia-Pacific,2004,,1.69022833333333,0.104538372603315,8619178773.51458,0.814223994682613,2.24485092804707,488889689.086051,,84.8821666638192,0.2083065,0.6210766,,129.39624,57.0729103088379,,,,0,0.5248636282899135,-0.0302754876184287,3.02754876184288,0,5.672114501074446,1,,,4.044329578672223,0.1192629685495667,,,,-46.90531999999999,0.0,-46.90531999999999,0,1,131.673297,-59.69234,-0.9512337254488248,6.62334822652327,-3.4788907271866547,3.58342909978997,0.5142239946826459,0.299999999999967,6.416458129882798,50.6564521789551,-4.2034494349368,89.085616098756,0.025772000000000017,0.1825345,176.30156,131.673297,-12.787020000000012,True,True,True
BRN,Brunei,Asia-Pacific,2005,,1.6643975,-0.0039253166074644,10547202620.5286,1.24443711883965,2.17643741112269,491885270.08917,142.7,81.6201140155232,0.1789631,0.1616576,,101.538994,77.938591003418,,,,0,0.5094631960827429,-0.0154004322071705,1.5400432207170578,0,4.663656210906451,1,4.960744524482791,,4.3559212217822845,0.3115916431100611,,,,-27.857246000000004,0.0,-27.857246000000004,0,1,131.673297,-87.549586,-1.0084582901679946,5.672114501074446,-0.1084636892107794,0.104538372603315,0.43021312415703694,0.814223994682613,20.8656806945801,57.0729103088379,-3.262052648296006,84.8821666638192,-0.02934339999999999,0.2083065,129.39624,131.673297,-59.69234,True,True,True
BRN,Brunei,Asia-Pacific,2006,,1.58893333333333,4.09841257308588,12644616418.691,0.159888078345121,2.06491917367064,513570258.749097,149.1,81.5709547429689,0.1842129,0.1605095,,104.03535,84.4438781738281,,,,0,0.4630629315664022,-0.0464002645163406,4.640026451634066,0,4.061572464862979,1,5.004617221770693,0.0438726972879024,4.436087150085427,0.0801659283031428,,,,2.4963559999999916,2.4963559999999916,0.0,0,1,134.16965299999998,-87.549586,-0.6020837460434718,4.663656210906451,4.102337889693344,-0.0039253166074644,-1.0845490404945288,1.24443711883965,6.505287170410099,77.938591003418,-0.049159272554305744,81.6201140155232,0.005249799999999999,0.1789631,101.538994,131.673297,-87.549586,True,True,True
BRN,Brunei,Asia-Pacific,2007,,1.50710166666667,-3.76362326254647,13432029484.4012,0.967774119525101,2.27905400039256,667491396.601975,151.1,81.0114146368958,0.1804524,0.3784568,,93.73795,87.981315612793,,,,0,0.4101883803195126,-0.0528745512468896,5.287455124688961,0,4.969400918730426,1,5.017941869278694,0.0133246475080008,4.477124469352678,0.041037319267251,,,,-10.297399999999996,0.0,-10.297399999999996,0,1,134.16965299999998,-97.846986,0.907828453867447,4.061572464862979,-7.86203583563235,4.09841257308588,0.80788604117998,0.159888078345121,3.5374374389649006,84.4438781738281,-0.5595401060731007,81.5709547429689,-0.0037605,0.1842129,104.03535,134.16965299999998,-87.549586,True,True,True
BRN,Brunei,Asia-Pacific,2008,,1.41716666666667,-3.90071101715114,15926456515.0049,2.08498023715415,1.99896870152237,751159763.901468,181.9,89.7454253523344,0.2792377,0.4440116,,81.196495,113.075706481934,,,,0,0.3486595731756028,-0.0615288071439098,6.152880714390985,0,4.716427431260512,1,5.203457085524077,0.185515216245383,4.728057563250062,0.2509330938973839,,,,-12.541455,0.0,-12.541455,0,1,134.16965299999998,-110.388441,-0.2529734874699141,4.969400918730426,-0.13708775460467004,-3.76362326254647,1.117206117629049,0.967774119525101,25.09439086914101,87.981315612793,8.7340107154386,81.0114146368958,0.09878529999999996,0.1804524,93.73795,134.16965299999998,-97.846986,True,True,True
BRN,Brunei,Asia-Pacific,2009,,1.4545692733233,-1.90025367202547,11912904509.8582,1.03571774271613,4.09137804801046,1357268956.60248,125.5,90.2870882587894,0.9266343,0.6593957,,83.10186,71.1298828125,,,,0,0.3747098247171039,0.026050251541501,2.605025154150109,0,11.393266482404092,1,4.832305758571839,-0.3711513269522379,4.264507541232468,-0.4635500220175945,,,,1.9053650000000033,1.9053650000000033,0.0,0,1,136.075018,-110.388441,6.67683905114358,4.716427431260512,2.00045734512567,-3.90071101715114,-1.04926249443802,2.08498023715415,-41.945823669434006,113.075706481934,0.5416629064550023,89.7454253523344,0.6473966,0.2792377,81.196495,134.16965299999998,-110.388441,True,True,True
BRN,Brunei,Asia-Pacific,2010,,1.36350947368421,2.74136439456163,13707121038.4383,0.356869132017561,3.84877603346581,1563162507.49248,127.3,95.3715460226132,0.9284875,0.6410918,,84.17017,82.1661376953125,,,,0,0.3100618713425954,-0.0646479533745084,6.4647953374508464,0,11.404017686200987,1,4.846546505563361,0.014240746991522,4.408743267008669,0.144235725776201,,,,1.0683099999999968,1.0683099999999968,0.0,0,1,137.143328,-110.388441,0.01075120379689487,11.393266482404092,4.6416180665871,-1.90025367202547,-0.6788486106985689,1.03571774271613,11.0362548828125,71.1298828125,5.084457763823806,90.2870882587894,0.0018531999999999993,0.9266343,83.10186,136.075018,-110.388441,True,True,True
BRN,Brunei,Asia-Pacific,2011,,1.25791302014692,3.74440625524871,18524791062.657,0.13791156316954,4.40848040411251,2583674787.86635,137.6,99.5379309038179,0.945319,0.6708764,,90.09539,100.266845703125,,,,0,0.2294540145102264,-0.0806078568323689,8.0607856832369,0,13.947119722578805,1,4.924350925499243,0.077804419935882,4.607835089008956,0.1990918220002875,,,,5.925219999999996,5.925219999999996,0.0,0,1,143.068548,-110.388441,2.5431020363778174,11.404017686200987,1.00304186068708,2.74136439456163,-0.21895756884802098,0.356869132017561,18.1007080078125,82.1661376953125,4.166384881204692,95.3715460226132,0.0168315,0.9284875,84.17017,137.143328,-110.388441,True,True,True
BRN,Brunei,Asia-Pacific,2012,,1.24956701649958,0.913135189664487,19048443340.7732,0.111766261400307,5.06021554108169,3449167916.72605,136.9,105.640902140819,0.9671207,0.6338542,,81.475235,100.0,,,,0,0.2227971045081088,-0.0066569100021176,0.66569100021176,0,18.107347960256178,1,4.919250732294404,-0.0051001932048393,4.605170185988092,-0.0026649030208645,,,,-8.620154999999997,0.0,-8.620154999999997,0,1,143.068548,-119.008596,4.160228237677373,13.947119722578805,-2.8312710655842226,3.74440625524871,-0.026145301769233006,0.13791156316954,-0.266845703125,100.266845703125,6.1029712370011,99.5379309038179,0.021801700000000035,0.945319,90.09539,143.068548,-110.388441,True,True,True
BRN,Brunei,Asia-Pacific,2013,,1.25116566976059,-2.12478292664558,18094148098.6536,0.389205053123632,4.78314181275774,3575273901.90557,146.3,110.939599584216,0.9963226,0.4689994,,83.036606,103.060409545898,,,,0,0.2240756525812939,0.0012785480731851,0.1278548073185115,0,19.759282848865425,1,4.985659308026079,0.0664085757316748,4.63531531675108,0.030145130762988,,,,1.5613710000000083,1.5613710000000083,0.0,0,1,144.629919,-119.008596,1.6519348886092473,18.107347960256178,-3.037918116310067,0.913135189664487,0.27743879172332503,0.111766261400307,3.060409545897997,100.0,5.298697443397003,105.640902140819,0.029201899999999892,0.9671207,81.475235,143.068548,-119.008596,True,True,True
BRN,Brunei,Asia-Pacific,2014,,1.2670401230814,-2.50788727590711,17097797386.0336,-0.207108731719822,6.35893022281935,3648818757.27273,142.9,102.421000963035,1.2036828,0.4540224,,100.29159,100.013389587402,,,,0,0.2366835686208558,0.0126079160395618,1.260791603956185,0,21.340870258839782,1,4.9621450849358215,-0.0235142230902569,4.605304072898859,-0.030011243852221,,,,17.254983999999993,17.254983999999993,0.0,0,1,161.884903,-119.008596,1.5815874099743574,19.759282848865425,-0.3831043492615298,-2.12478292664558,-0.596313784843454,0.389205053123632,-3.0470199584959943,103.060409545898,-8.518598621180999,110.939599584216,0.2073602,0.9963226,83.036606,144.629919,-119.008596,True,True,True
BRN,Brunei,Asia-Pacific,2015,,1.37491084459887,-0.392383749502031,12930296870.1247,-0.488347420743522,7.59781665650988,3366322585.18654,100.0,89.8961882533585,1.2048251,0.3745893,,105.95364,63.6664581298828,,,,0,0.3183888887245811,0.0817053201037253,8.170532010372533,0,26.03437971300093,1,4.605170185988092,-0.3569748989477297,4.153657863926289,-0.4516462089725701,,,,5.662049999999994,5.662049999999994,0.0,0,1,167.54695299999997,-119.008596,4.693509454161148,21.340870258839782,2.115503526405079,-2.50788727590711,-0.2812386890237,-0.207108731719822,-36.346931457519204,100.013389587402,-12.524812709676496,102.421000963035,0.0011423000000001515,1.2036828,100.29159,161.884903,-119.008596,True,True,True
BRN,Brunei,Asia-Pacific,2016,,1.38134687688286,-2.47791771833224,11400266044.6651,-0.278693265753083,9.20577843518729,3487053368.54429,83.8,87.319801332806,1.0855421,0.2656862,,98.67869,52.4751396179199,,,,0,0.3230590209341967,0.0046701322096155,0.4670132209615596,0,30.58747361581181,1,4.428433007488037,-0.1767371785000548,3.960339526359087,-0.1933183375672018,,,,-7.27494999999999,0.0,-7.27494999999999,0,1,167.54695299999997,-126.28354599999999,4.553093902810879,26.03437971300093,-2.0855339688302093,-0.392383749502031,0.209654154990439,-0.488347420743522,-11.191318511962898,63.6664581298828,-2.5763869205525083,89.8961882533585,-0.11928300000000003,1.2048251,105.95364,167.54695299999997,-119.008596,True,True,True
BRN,Brunei,Asia-Pacific,2017,,1.38089116405281,1.32872661057823,12128168045.1245,-1.2605056462896,8.98232048772998,3488124299.73021,95.9,85.1768604269985,1.2166994,0.2936459,,107.37731,61.3039169311523,,,,0,0.322729061801471,-0.0003299591327257,0.032995913272571,0,28.76052085320857,1,4.563305981889393,0.1348729744013557,4.11584373863574,0.1555042122766532,,,,8.698619999999991,8.698619999999991,0.0,0,1,176.24557299999998,-126.28354599999999,-1.8269527626032414,30.58747361581181,3.80664432891047,-2.47791771833224,-0.9818123805365171,-0.278693265753083,8.8287773132324,52.4751396179199,-2.1429409058074924,87.319801332806,0.13115729999999992,1.0855421,98.67869,167.54695299999997,-126.28354599999999,True,True,True
BRN,Brunei,Asia-Pacific,2018,,1.34891856542537,0.0523710418528935,13566908391.0895,1.02505179290212,6.20049673259355,3407126454.77295,109.1,93.8980617666778,1.2159731,0.3405091,,98.55291,74.8662567138672,,,,0,0.2993032087803303,-0.0234258530211406,2.342585302114069,0,25.113506751550627,1,4.692264892839025,0.128958910949632,4.315703277849209,0.1998595392134685,,,,-8.824399999999997,0.0,-8.824399999999997,0,1,176.24557299999998,-135.10794599999997,-3.647014101657941,28.76052085320857,-1.2763555687253365,1.32872661057823,2.28555743919172,-1.2605056462896,13.5623397827149,61.3039169311523,8.721201339679297,85.1768604269985,-0.0007262999999999575,1.2166994,107.37731,176.24557299999998,-126.28354599999999,True,True,True
BRN,Brunei,Asia-Pacific,2019,,1.36421851405475,3.86884436177075,13469235364.7032,-0.390522069165529,6.86171221841256,4272696957.80614,91.3,108.509658357959,1.1831673,0.2885457,,90.94625,56.1901168823242,,,,0,0.310581747510378,0.0112785387300476,1.1278538730047694,0,31.721896916308665,1,4.514150787600923,-0.1781141052381016,4.028740885248731,-0.2869623926004774,,,,-7.606659999999991,0.0,-7.606659999999991,0,1,176.24557299999998,-142.71460599999997,6.608390164758038,25.113506751550627,3.8164733199178564,0.0523710418528935,-1.415573862067649,1.02505179290212,-18.676139831543004,74.8662567138672,14.611596591281199,93.8980617666778,-0.032805799999999996,1.2159731,98.55291,176.24557299999998,-135.10794599999997,True,True,True
BRN,Brunei,Asia-Pacific,2020,,1.37970342971399,1.1335733495246,12005799653.9835,1.94031996607184,6.90984715473737,3997356505.31302,74.5,110.291003658452,1.183555,0.5634206,,77.2938,43.693489074707,,,,0,0.321868570069154,0.0112868225587759,1.1286822558775944,0,33.29521248496518,1,4.310799125385514,-0.2033516622154092,3.7771990995757503,-0.2515417856729809,,,,-13.652450000000002,0.0,-13.652450000000002,0,1,176.24557299999998,-156.367056,1.5733155686565112,31.721896916308665,-2.73527101224615,3.86884436177075,2.330842035237369,-0.390522069165529,-12.496627807617195,56.1901168823242,1.781345300493001,108.509658357959,0.0003876999999998798,1.1831673,90.94625,176.24557299999998,-142.71460599999997,True,True,True
BRN,Brunei,Asia-Pacific,2021,,1.34380696297339,-1.59076260099606,14006496617.4458,1.73341388450593,5.92828571931747,4982141345.7678,110.9,147.123112375318,1.1827999,0.5616354,,82.07024,97.7360076904297,,,,0,0.2955066030453253,-0.0263619670238286,2.6361967023828647,0,35.570217748543136,1,4.7086288943563215,0.3978297689708077,4.5822700447874976,0.8050709452117473,,,,4.776439999999994,4.776439999999994,0.0,0,1,181.02201299999996,-156.367056,2.2750052635779596,33.29521248496518,-2.7243359505206604,1.1335733495246,-0.20690608156591006,1.94031996607184,54.0425186157227,43.693489074707,36.83210871686599,110.291003658452,-0.0007550999999998975,1.183555,77.2938,176.24557299999998,-156.367056,True,True,True
BRN,Brunei,Asia-Pacific,2022,,1.37895639652216,-1.62833154515108,16681536466.7183,3.68225030604216,5.48218875419572,5034739047.43322,135.4,146.973965879597,1.1825406,0.6385844,,157.58319,148.658905029297,,,,0,0.3213269786754015,0.0258203756300761,2.582037563007616,0,30.181506706400448,1,4.908233360478175,0.199604466121853,5.001654453665938,0.4193844088784404,,,,75.51295,75.51295,0.0,0,1,256.53496299999995,-156.367056,-5.388711042142688,35.570217748543136,-0.03756894415501999,-1.59076260099606,1.94883642153623,1.73341388450593,50.92289733886729,97.7360076904297,-0.14914649572099847,147.123112375318,-0.00025929999999996234,1.1827999,82.07024,181.02201299999996,-156.367056,True,True,True
BRN,Brunei,Asia-Pacific,2023,,1.34307960114934,1.12764418162719,15095084656.1634,0.35706431153689,5.46692482171071,4482741926.02546,111.5,136.86343465048,1.1816499,0.638307,,121.71125,83.4727935791016,,,,0,0.2949651869308306,-0.0263617917445708,2.6361791744570877,0,29.696699476243968,1,4.7140245909001735,-0.194208769578001,4.424520753364201,-0.5771337003017374,,,,-35.871939999999995,0.0,-35.871939999999995,0,1,256.53496299999995,-192.238996,-0.48480723015648053,30.181506706400448,2.75597572677827,-1.62833154515108,-3.32518599450527,3.68225030604216,-65.18611145019538,148.658905029297,-10.110531229116987,146.973965879597,-0.000890700000000022,1.1825406,157.58319,256.53496299999995,-156.367056,True,True,True
BRN,Brunei,Asia-Pacific,2024,,1.33603327650724,4.05251709306727,15340808592.48,-0.388674165036461,5.50707918002426,4414307817.04608,103.2,132.58743952196,1.1861774,0.5876078,,134.45274,75.8300399780273,,,,0,0.2897049823695651,-0.0052602045612654,0.5260204561265469,0,28.77493575671073,1,4.636668853047462,-0.0773557378527112,4.328494519918657,-0.0960262334455439,,,,12.741489999999999,12.741489999999999,0.0,0,1,269.27645299999995,-192.238996,-0.9217637195332387,29.696699476243968,2.9248729114400804,1.12764418162719,-0.745738476573351,0.35706431153689,-7.642753601074304,83.4727935791016,-4.275995128520009,136.86343465048,0.004527500000000018,1.1816499,121.71125,256.53496299999995,-192.238996,True,True,True
CHL,Chile,Latin America,2000,,539.5875,4.9716214882971,78339750721.364,3.84327295706565,6.85717827919584,15055115211.0232,,58.7119233335812,1.5375504,1.3164479,0.014244921,57.415283,64.3864669799805,,,,0,6.290804958757645,,,0,19.21772161947603,0,,,4.164903470965377,,,,,,,,1,0,,,,,,,,,,,,,,,,,,True,True,True
CHL,Chile,Latin America,2001,,634.938333333334,3.15403492459967,71574739561.4329,3.56910053001467,6.80413071957789,14399463580.6192,,62.144766332768,,,0.023573468,168.82918,60.4877891540527,,,,0,6.453527881316041,0.1627229225583955,16.27229225583955,0,20.11808030158472,0,,,4.102441512501525,-0.0624619584638512,,,,111.413897,111.413897,0.0,1,0,111.413897,0.0,0.9003586821086884,19.21772161947603,-1.8175865636974304,4.9716214882971,-0.27417242705098,3.84327295706565,-3.8986778259277983,64.3864669799805,3.4328429991868035,58.7119233335812,,1.5375504,57.415283,,,True,True,True
CHL,Chile,Latin America,2002,,688.936666666667,3.20279913520113,70264045939.2773,2.48939816650705,7.41200312328544,15343862166.6232,,62.4838547414591,1.5532108,1.3264631,0.019789463,156.04216,60.7265777587891,,,,0,6.535149346130738,0.0816214648146971,8.162146481469712,0,21.837430454664503,0,,,4.106381456580995,0.0039399440794696,,,,-12.787020000000012,0.0,-12.787020000000012,1,0,111.413897,-12.787020000000012,1.719350153079784,20.11808030158472,0.04876421060146008,3.15403492459967,-1.0797023635076202,3.56910053001467,0.23878860473639918,60.4877891540527,0.33908840869109724,62.144766332768,,,168.82918,111.413897,0.0,True,True,True
CHL,Chile,Latin America,2003,,691.3975,4.72324526861041,76492579644.0605,2.8101787574361,6.63634219064207,15842927419.0005,,65.6934161956491,1.175906,1.2934139,0.055261537,176.30156,62.0620346069336,,,,0,6.538714911629092,0.0035655654983539,0.3565565498353962,0,20.71171804209204,0,,,4.12813444299675,0.0217529864157546,,,,20.2594,20.2594,0.0,1,0,131.673297,-12.787020000000012,-1.1257124125724616,21.837430454664503,1.5204461334092798,3.20279913520113,0.3207805909290502,2.48939816650705,1.3354568481445028,60.7265777587891,3.209561454190009,62.4838547414591,-0.3773048000000001,1.5532108,156.04216,111.413897,-12.787020000000012,True,True,True
CHL,Chile,Latin America,2004,,609.529166666667,6.67425416822923,99075985773.6682,1.05473871403517,4.9897200987192,15997301155.2013,,69.8893603825954,1.2679675,1.2850333,0.027258193,129.39624,73.5587387084961,,,,0,6.412686801208163,-0.1260281104209291,12.60281104209291,0,16.146497085323944,0,,,4.298084253157581,0.1699498101608316,,,,-46.90531999999999,0.0,-46.90531999999999,1,0,131.673297,-59.69234,-4.565220956768098,20.71171804209204,1.9510088996188202,4.72324526861041,-1.75544004340093,2.8101787574361,11.496704101562493,62.0620346069336,4.195944186946292,65.6934161956491,0.09206150000000002,1.175906,176.30156,131.673297,-12.787020000000012,True,True,True
CHL,Chile,Latin America,2005,,559.7675,5.83704571917758,122294145163.192,3.05257621387849,4.02468955854158,16933297690.4239,79.5,72.062533372953,1.5020745,1.3290335,0.0128056845,101.538994,79.5130996704102,,,,0,6.327521518947281,-0.0851652822608821,8.516528226088216,0,13.846368252403035,0,4.375757021660286,,4.375921783814687,0.0778375306571055,,,,-27.857246000000004,0.0,-27.857246000000004,1,0,131.673297,-87.549586,-2.300128832920908,16.146497085323944,-0.8372084490516496,6.67425416822923,1.9978374998433202,1.05473871403517,5.954360961914105,73.5587387084961,2.1731729903575996,69.8893603825954,0.23410700000000007,1.2679675,129.39624,131.673297,-59.69234,True,True,True
CHL,Chile,Latin America,2006,,530.275,6.04999082563968,153843518170.864,3.39201733699405,3.58847634911942,19396987006.6216,103.3,73.7116341203328,1.4713301,1.2897733,0.0161259,104.03535,108.888717651367,,,,0,6.27339573990528,-0.0541257790420006,5.412577904200067,0,12.608257557577842,1,4.637637376125593,0.2618803544653065,4.690326421737675,0.3144046379229879,,,,2.4963559999999916,2.4963559999999916,0.0,1,0,134.16965299999998,-87.549586,-1.2381106948251936,13.846368252403035,0.21294510646209996,5.83704571917758,0.33944112311555985,3.05257621387849,29.375617980956804,79.5130996704102,1.649100747379805,72.062533372953,-0.030744399999999894,1.5020745,101.538994,131.673297,-87.549586,True,True,True
CHL,Chile,Latin America,2007,,522.464166666667,5.16823098528431,172491076033.863,4.40779938398044,2.63014804778968,16843397511.3296,106.9,76.9770240591423,1.3963517,1.2923773,0.010723335,93.73795,107.470314025879,,,,0,6.258556400944949,-0.0148393389603311,1.4839338960331183,0,9.764793575769072,1,4.671893818030999,0.0342564419054065,4.677214660835198,-0.0131117609024764,,,,-10.297399999999996,0.0,-10.297399999999996,1,0,134.16965299999998,-97.846986,-2.8434639818087692,12.608257557577842,-0.8817598403553708,6.04999082563968,1.01578204698639,3.39201733699405,-1.418403625487997,108.888717651367,3.2653899388094914,73.7116341203328,-0.0749784,1.4713301,104.03535,134.16965299999998,-87.549586,True,True,True
CHL,Chile,Latin America,2008,,522.461035833334,3.78939280635238,179894594475.405,8.71626873039607,3.07151116745676,23079229513.8107,91.3,80.676626653784,1.3947927,1.2487989,0.010041014,81.196495,97.2960891723633,,,,0,6.258550408490512,-5.992454436665184e-06,0.0005992454436665,0,12.829306839992942,1,4.514150787600923,-0.1577430304300762,4.577758794883288,-0.09945586595191,,,,-12.541455,0.0,-12.541455,1,0,134.16965299999998,-110.388441,3.0645132642238693,9.764793575769072,-1.3788381789319297,5.16823098528431,4.30846934641563,4.40779938398044,-10.17422485351571,107.470314025879,3.6996025946417035,76.9770240591423,-0.001559000000000088,1.3963517,93.73795,134.16965299999998,-97.846986,True,True,True
CHL,Chile,Latin America,2009,,560.85989484127,-1.11803723642878,171777900623.892,0.353045178360937,4.57044718649424,25292079030.7077,94.8,66.6860312494996,1.4205225,1.2523741,0.008532022,83.10186,90.4362030029297,,,,0,6.3294711325160975,0.0709207240255853,7.092072402558536,0,14.723709475344416,1,4.551769409260976,0.0376186216600533,4.504644662925267,-0.0731141319580208,,,,1.9053650000000033,1.9053650000000033,0.0,1,0,136.075018,-110.388441,1.894402635351474,12.829306839992942,-4.90743004278116,3.78939280635238,-8.363223552035134,8.71626873039607,-6.859886169433594,97.2960891723633,-13.990595404284392,80.676626653784,0.025729799999999914,1.3947927,81.196495,134.16965299999998,-110.388441,True,True,True
CHL,Chile,Latin America,2010,,510.249166666667,5.85165102224047,217051209238.534,1.41071107954321,3.77838926811689,27827450636.1978,115.4,69.7176802332624,1.5074067,1.2297551,0.023342947,84.17017,107.854309082031,,,,0,6.234899168502275,-0.0945719640138227,9.457196401382271,0,12.82068445221888,1,4.748404354073999,0.1966349448130229,4.680781326436926,0.1761366635116585,,,,1.0683099999999968,1.0683099999999968,0.0,1,0,137.143328,-110.388441,-1.9030250231255366,14.723709475344416,6.96968825866925,-1.11803723642878,1.057665901182273,0.353045178360937,17.418106079101292,90.4362030029297,3.0316489837627927,66.6860312494996,0.08688420000000008,1.4205225,83.10186,136.075018,-110.388441,True,True,True
CHL,Chile,Latin America,2011,,483.6675,6.22389678509138,251382573893.87,3.34121694259302,4.49169430998687,41943889984.8962,117.2,72.481642209343,1.5441989,1.1056868,0.0089023225,90.09539,109.151290893555,,,,0,6.181397687164284,-0.0535014813379906,5.35014813379906,0,16.685281455748118,1,4.763881877142913,0.0154775230689132,4.6927349097107625,0.0119535832738364,,,,5.925219999999996,5.925219999999996,0.0,1,0,143.068548,-110.388441,3.864597003529239,12.82068445221888,0.37224576285090993,5.85165102224047,1.9305058630498098,1.41071107954321,1.296981811524006,107.854309082031,2.7639619760805942,69.7176802332624,0.03679220000000005,1.5074067,84.17017,137.143328,-110.388441,True,True,True
CHL,Chile,Latin America,2012,,486.471303391053,6.15534001855494,267024782486.855,3.00744840213047,4.42879460913549,41649256237.5881,109.1,68.1561435339271,1.4796889,1.1356496,0.0057894927,81.475235,100.0,,,,0,6.187177914050876,0.0057802268865918,0.5780226886591855,0,15.5975246378633,1,4.692264892839025,-0.0716169843038878,4.605170185988092,-0.0875647237226706,,,,-8.620154999999997,0.0,-8.620154999999997,1,0,143.068548,-119.008596,-1.0877568178848183,16.685281455748118,-0.0685567665364406,6.22389678509138,-0.3337685404625499,3.34121694259302,-9.151290893555,109.151290893555,-4.325498675415901,72.481642209343,-0.06451000000000007,1.5441989,90.09539,143.068548,-110.388441,True,True,True
CHL,Chile,Latin America,2013,,495.272877645503,3.30850824710085,277395018842.417,1.7895555398459,4.42389600639615,41093252538.759,105.7,65.1432877063737,1.4311564,1.0732241,0.005639398,83.036606,99.0528182983398,,,,0,6.205108878647035,0.0179309645961591,1.7930964596159171,0,14.813983578451827,1,4.660604892876192,-0.0316599999628328,4.595653226029422,-0.0095169599586695,,,,1.5613710000000083,1.5613710000000083,0.0,1,0,144.629919,-119.008596,-0.7835410594114727,15.5975246378633,-2.84683177145409,6.15534001855494,-1.21789286228457,3.00744840213047,-0.9471817016601989,100.0,-3.0128558275533948,68.1561435339271,-0.04853249999999987,1.4796889,81.475235,143.068548,-119.008596,True,True,True
CHL,Chile,Latin America,2014,,570.34821612744,1.79264947139259,259560978224.359,4.71867527854672,4.73426591501765,40447379051.6687,102.7,65.6346274347707,1.3860663,1.057621,0.008031885,100.29159,96.8194732666016,,,,0,6.346247079788538,0.1411382011415032,14.113820114150322,0,15.58299684658564,1,4.631812116934513,-0.028792775941679,4.572848144160059,-0.0228050818693636,,,,17.254983999999993,17.254983999999993,0.0,1,0,161.884903,-119.008596,0.7690132681338131,14.813983578451827,-1.5158587757082598,3.30850824710085,2.92911973870082,1.7895555398459,-2.233345031738196,99.0528182983398,0.49133972839700846,65.1432877063737,-0.04509010000000013,1.4311564,83.036606,144.629919,-119.008596,True,True,True
CHL,Chile,Latin America,2015,,654.124084254196,2.15194249981184,242450355830.884,4.34877353217044,5.45339619283524,38641176606.0315,100.0,59.3491105681231,1.1438485,1.0033345,0.012335986,105.95364,96.9234008789063,,,,0,6.483297064736026,0.1370499849474873,13.704998494748732,0,15.937768568582683,1,4.605170185988092,-0.0266419309464209,4.573920984879815,0.0010728407197566,,,,5.662049999999994,5.662049999999994,0.0,1,0,167.54695299999997,-119.008596,0.354771721997043,15.58299684658564,0.3592930284192499,1.79264947139259,-0.36990174637628037,4.71867527854672,0.10392761230470171,96.8194732666016,-6.285516866647605,65.6346274347707,-0.24221779999999993,1.3860663,100.29159,161.884903,-119.008596,True,True,True
CHL,Chile,Latin America,2016,,676.957736044657,1.753038749071,249344863928.438,3.78619355893118,5.78588755052345,40493293729.5297,103.8,56.0578603070995,1.1036472,0.9892533,0.008547979,98.67869,98.0164413452148,,,,0,6.517608842669097,0.0343117779330715,3.4311777933071497,0,16.2398748029361,1,4.642465970731788,0.0372957847436961,4.585135233427678,0.011214248547863,,,,-7.27494999999999,0.0,-7.27494999999999,1,0,167.54695299999997,-126.28354599999999,0.3021062343534169,15.937768568582683,-0.39890375074083995,2.15194249981184,-0.5625799732392598,4.34877353217044,1.0930404663084943,96.9234008789063,-3.291250261023599,59.3491105681231,-0.040201300000000106,1.1438485,105.95364,167.54695299999997,-119.008596,True,True,True
CHL,Chile,Latin America,2017,,648.833792598261,1.35769537343957,276154259981.097,2.18271846868519,4.90281936187665,38981539753.7984,114.3,56.0261586393213,1.1123641,0.9674315,0.011815801,107.37731,107.781112670898,,,,0,6.475176586214045,-0.0424322564550525,4.243225645505255,0,14.11585675211627,1,4.738826570800765,0.0963606000689774,4.680102435989807,0.0949672025621284,,,,8.698619999999991,8.698619999999991,0.0,1,0,176.24557299999998,-126.28354599999999,-2.1240180508198296,16.2398748029361,-0.39534337563142996,1.753038749071,-1.6034750902459898,3.78619355893118,9.764671325683196,98.0164413452148,-0.031701667778200715,56.0578603070995,0.008716900000000027,1.1036472,98.67869,167.54695299999997,-126.28354599999999,True,True,True
CHL,Chile,Latin America,2018,,641.276813066395,3.99002947789977,295857562991.709,2.43488981353057,4.38194459144938,39858824174.8114,111.3,58.1770513035882,1.1121229,0.9580736,0.018914238,98.55291,105.578811645508,,,,0,6.463461209359573,-0.0117153768544717,1.171537685447177,0,13.47230193197001,1,4.712229258281499,-0.0265973125192662,4.659457703843474,-0.0206447321463327,,,,-8.824399999999997,0.0,-8.824399999999997,1,0,176.24557299999998,-135.10794599999997,-0.6435548201462602,14.11585675211627,2.6323341044601998,1.35769537343957,0.25217134484537995,2.18271846868519,-2.2023010253899997,107.781112670898,2.150892664266898,56.0261586393213,-0.00024120000000005248,1.1123641,107.37731,176.24557299999998,-126.28354599999999,True,True,True
CHL,Chile,Latin America,2019,,702.897422561529,0.644223402631923,278308438545.118,2.55754475703327,4.69728067944713,40655524238.3282,109.4,57.6069157856537,1.1570367,0.9142445,0.027832555,90.94625,103.386894226074,,,,0,6.555210967311471,0.0917497579518977,9.174975795189775,0,14.608081756650485,1,4.695010889987881,-0.0172183682936184,4.638478205743928,-0.0209794980995461,,,,-7.606659999999991,0.0,-7.606659999999991,1,0,176.24557299999998,-142.71460599999997,1.1357798246804744,13.47230193197001,-3.3458060752678467,3.99002947789977,0.12265494350269979,2.43488981353057,-2.1919174194339917,105.578811645508,-0.5701355179345029,58.1770513035882,0.044913800000000004,1.1121229,98.55291,176.24557299999998,-135.10794599999997,True,True,True
CHL,Chile,Latin America,2020,,792.727206103169,-6.1396969411886,254103710483.324,3.04549084804326,5.28711808990111,39166118109.4101,121.8,58.1687693933374,1.2156268,0.7392409,0.008762338,77.2938,114.028129577637,,,,0,6.675479160060484,0.1202681927490134,12.026819274901346,0,15.41343809380558,1,4.802380355275797,0.107369465287916,4.736445168637579,0.0979669628936514,,,,-13.652450000000002,0.0,-13.652450000000002,1,0,176.24557299999998,-156.367056,0.8053563371550947,14.608081756650485,-6.7839203438205224,0.644223402631923,0.4879460910099902,2.55754475703327,10.641235351562997,103.386894226074,0.5618536076837017,57.6069157856537,0.05859009999999998,1.1570367,90.94625,176.24557299999998,-142.71460599999997,True,True,True
CHL,Chile,Latin America,2021,,758.955378658977,11.3374032409913,315507493783.262,4.52456838259144,4.69423974456816,51252167799.6881,136.7,64.8399924791736,1.1463006,0.7564837,0.0072194585,82.07024,124.099624633789,,,,0,6.631942986021834,-0.0435361740386497,4.353617403864973,0,16.244358314638255,1,4.917788743729904,0.1154083884541075,4.821084667498405,0.0846394988608256,,,,4.776439999999994,4.776439999999994,0.0,1,0,181.02201299999996,-156.367056,0.8309202208326756,15.41343809380558,17.4771001821799,-6.1396969411886,1.4790775345481797,3.04549084804326,10.071495056152003,114.028129577637,6.671223085836203,58.1687693933374,-0.0693261999999999,1.2156268,77.2938,176.24557299999998,-156.367056,True,True,True
CHL,Chile,Latin America,2022,,873.314189543014,2.06391864254198,301099244104.003,11.643866711056,3.18145571608366,39102338845.0328,124.4,75.2334197533759,1.1452971,0.7437613,0.027071802,157.58319,107.186309814453,,,,0,6.772295387476183,0.1403524014543489,14.03524014543489,0,12.986528399097017,1,4.823502180305079,-0.0942865634248253,4.674568533526744,-0.1465161339716605,,,,75.51295,75.51295,0.0,1,0,256.53496299999995,-156.367056,-3.2578299155412385,16.244358314638255,-9.27348459844932,11.3374032409913,7.119298328464561,4.52456838259144,-16.91331481933601,124.099624633789,10.393427274202296,64.8399924791736,-0.001003499999999935,1.1463006,82.07024,181.02201299999996,-156.367056,True,True,True
CHL,Chile,Latin America,2023,,840.066526651499,0.677024831595858,335802745366.38,7.58168251407962,4.39461209765128,46377347796.8251,127.9,60.6766444736157,1.0318341,0.6647803,0.017802281,121.71125,112.117935180664,,,,0,6.733481087095973,-0.0388143003802099,3.8814300380209934,0,13.810890005150126,1,4.851248708584797,0.0277465282797182,4.719551309971674,0.0449827764449297,,,,-35.871939999999995,0.0,-35.871939999999995,1,0,256.53496299999995,-192.238996,0.8243616060531096,12.986528399097017,-1.3868938109461222,2.06391864254198,-4.062184196976381,11.643866711056,4.9316253662110086,107.186309814453,-14.556775279760195,75.2334197533759,-0.11346300000000009,1.1452971,157.58319,256.53496299999995,-156.367056,True,True,True
CHL,Chile,Latin America,2024,,943.572167421488,2.80512637106611,329260633698.726,4.29763891572524,4.18812833070743,44403009394.3695,134.9,63.9577465302563,1.1057968,0.6910553,0.014740347,134.45274,116.615501403809,,,,0,6.849672850936448,0.1161917638404741,11.619176384047414,0,13.485672093736635,1,4.90453376321371,0.0532850546289127,4.7588822102241295,0.0393309002524553,,,,12.741489999999999,12.741489999999999,0.0,1,0,269.27645299999995,-192.238996,-0.32521791141349077,13.810890005150126,2.1281015394702516,0.677024831595858,-3.28404359835438,7.58168251407962,4.497566223145,112.117935180664,3.2811020566405986,60.6766444736157,0.07396270000000005,1.0318341,121.71125,256.53496299999995,-192.238996,True,True,True
COL,Colombia,Latin America,2000,1879.0,2087.91833333333,2.92486148176778,99875074951.0278,9.22534818585366,6.11807066146249,9005870484.66315,,32.6670854693067,-0.620916199999999,-1.051231,0.05888334,57.415283,55.9868659973145,,,,0,7.643922835849368,,,0,9.01713514515913,0,,,4.025117127465095,,7.539027055823995,1.0,1.0,,,,1,1,,,,,,,,,,,,,,,,,,True,True,True
COL,Colombia,Latin America,2001,1864.0,2299.89333333333,1.67789830787579,98200641203.3892,7.96556090304834,6.35050313316505,10244081684.9202,,33.9011117949445,,,0.07672836,168.82918,52.9095115661621,,,,0,7.740618024030208,0.0966951881808393,9.669518818083931,0,10.431786961251172,0,,,3.968583125464663,-0.0565340020004323,7.5310163320779155,1.0,1.0,111.413897,111.413897,0.0,1,1,111.413897,0.0,1.4146518160920412,9.01713514515913,-1.2469631738919897,2.92486148176778,-1.2597872828053198,9.22534818585366,-3.0773544311524006,55.9868659973145,1.2340263256377995,32.6670854693067,,-0.620916199999999,57.415283,,,True,True,True
COL,Colombia,Latin America,2002,3387.0,2504.68083333333,2.50398046659659,97945812802.8882,6.35150728778872,6.88344697376663,10844467604.5963,,32.9826392144234,-0.2334001,-0.807042599999999,0.104938835,156.04216,52.0298309326172,,,,0,7.825916593558404,0.0852985695281969,8.529856952819692,0,11.071905265026828,0,,,3.951817225875776,-0.0167658995888873,8.127995055771946,1.0,1.0,-12.787020000000012,0.0,-12.787020000000012,1,1,111.413897,-12.787020000000012,0.6401183037756564,10.431786961251172,0.8260821587208,1.67789830787579,-1.6140536152596203,7.96556090304834,-0.8796806335449006,52.9095115661621,-0.9184725805210974,33.9011117949445,,,168.82918,111.413897,0.0,True,True,True
COL,Colombia,Latin America,2003,2086.0,2877.54333333333,3.91827190322513,94644969157.0987,7.1297886294186,6.38908287123236,10920223457.177,,36.51618351723,-0.178241099999999,-0.7606776,0.06885893,176.30156,53.9287910461426,,,,0,7.96469219985131,0.1387756062929055,13.877560629290551,0,11.538091833545646,0,,,3.987664492004277,0.0358472661285014,7.643482907077201,1.0,1.0,20.2594,20.2594,0.0,1,1,131.673297,-12.787020000000012,0.46618656851881823,11.071905265026828,1.41429143662854,2.50398046659659,0.7782813416298806,6.35150728778872,1.8989601135253977,52.0298309326172,3.5335443028065967,32.9826392144234,0.05515900000000101,-0.2334001,156.04216,111.413897,-12.787020000000012,True,True,True
COL,Colombia,Latin America,2004,1360.0,2628.36833333333,5.33302206759905,117092416666.245,5.90402005546502,6.53943297009272,13536934555.3753,,35.8634269337995,-0.0738815999999999,-0.5322335,0.033383887,129.39624,64.8712463378906,,,,0,7.874118527063954,-0.0905736727873556,9.057367278735562,0,11.56089774281487,0,,,4.172404479895195,0.1847399878909179,7.215975002651466,1.0,1.0,-46.90531999999999,0.0,-46.90531999999999,1,1,131.673297,-59.69234,0.022805909269223434,11.538091833545646,1.4147501643739195,3.91827190322513,-1.2257685739535802,7.1297886294186,10.942455291747997,53.9287910461426,-0.6527565834304951,36.51618351723,0.10435949999999909,-0.178241099999999,176.30156,131.673297,-12.787020000000012,True,True,True
COL,Colombia,Latin America,2005,1561.0,2321.13166666667,4.82876110773741,145600529605.803,5.05101962689696,5.66028976102222,14954554923.0026,114.0,37.422697494955,-0.100181499999999,-0.5597229,0.037456337,101.538994,74.8841247558594,,,,0,7.7498101330871,-0.1243083939768547,12.430839397685478,0,10.270948164467786,0,4.736198448394496,,4.315941915532822,0.1435374356376266,7.353722330399631,1.0,1.0,-27.857246000000004,0.0,-27.857246000000004,1,1,131.673297,-87.549586,-1.289949578347084,11.56089774281487,-0.5042609598616394,5.33302206759905,-0.8530004285680599,5.90402005546502,10.012878417968807,64.8712463378906,1.5592705611555004,35.8634269337995,-0.0262998999999991,-0.0738815999999999,129.39624,131.673297,-59.69234,True,True,True
COL,Colombia,Latin America,2006,503.0,2358.59460526316,6.71686869844402,161792958904.864,4.29342363628927,4.86472956969639,15437167995.6523,119.0,39.6413559606293,-0.2025515,-0.552814399999999,0.021435037,104.03535,80.2634429931641,,,,0,7.765821214390963,0.0160110813038629,1.6011081303862973,0,9.54131014114744,0,4.77912349311153,0.0429250447170339,4.385314261914743,0.0693723463819209,6.222576268071369,1.0,0.0,2.4963559999999916,2.4963559999999916,0.0,1,1,134.16965299999998,-87.549586,-0.7296380233203461,10.270948164467786,1.8881075907066096,4.82876110773741,-0.7575959906076903,5.05101962689696,5.379318237304702,74.8841247558594,2.218658465674295,37.422697494955,-0.102370000000001,-0.100181499999999,101.538994,131.673297,-87.549586,True,True,True
COL,Colombia,Latin America,2007,316.0,2077.81095833333,6.73819469090975,206229540926.312,5.54438485815156,5.20777056364354,20951442986.8658,125.0,37.0988970982903,-0.2642695,-0.439477699999999,0.030374402,93.73795,84.9038162231445,,,,0,7.639070194630286,-0.1267510197606762,12.675101976067626,0,10.159283142831594,0,4.8283137373023015,0.0491902441907718,4.441519041931886,0.0562047800171434,5.75890177387728,1.0,0.0,-10.297399999999996,0.0,-10.297399999999996,1,1,134.16965299999998,-97.846986,0.6179730016841543,9.54131014114744,0.02132599246573008,6.71686869844402,1.2509612218622896,4.29342363628927,4.640373229980398,80.2634429931641,-2.5424588623389965,39.6413559606293,-0.061717999999999995,-0.2025515,104.03535,134.16965299999998,-87.549586,True,True,True
COL,Colombia,Latin America,2008,232.0,1965.1375,3.28344618616541,242504150472.931,6.99688495554511,4.91891189527839,23670593274.4212,132.4,39.1676494164355,-0.2301046,-0.4087231,0.06306549,81.196495,103.220573425293,,,,0,7.583317496409964,-0.0557526982203224,5.575269822032247,0,9.76090233023182,0,4.885827643502908,0.0575139062006062,4.636868188075166,0.1953491461432799,5.4510384535657,1.0,0.0,-12.541455,0.0,-12.541455,1,1,134.16965299999998,-110.388441,-0.39838081259977365,10.159283142831594,-3.45474850474434,6.73819469090975,1.4525000973935507,5.54438485815156,18.316757202148494,84.9038162231445,2.0687523181452008,37.0988970982903,0.0341649,-0.2642695,93.73795,134.16965299999998,-97.846986,True,True,True
COL,Colombia,Latin America,2009,379.0,2157.59833333333,1.13964864548062,232468663109.595,4.20251661216482,5.98237462562041,24987458715.7225,125.0,35.1561285074585,-0.2895662,-0.4629502,0.03295403,83.10186,80.9683685302734,,,,0,7.67675099936199,0.0934335029520259,9.34335029520259,0,10.748742811818216,0,4.8283137373023015,-0.0575139062006062,4.394058566430848,-0.2428096216443176,5.940171252720432,1.0,0.0,1.9053650000000033,1.9053650000000033,0.0,1,1,136.075018,-110.388441,0.9878404815863959,9.76090233023182,-2.1437975406847896,3.28344618616541,-2.79436834338029,6.99688495554511,-22.252204895019602,103.220573425293,-4.011520908977005,39.1676494164355,-0.0594616,-0.2301046,81.196495,134.16965299999998,-110.388441,True,True,True
COL,Colombia,Latin America,2010,419.0,1898.9975,4.49465897070922,286498534094.963,2.27200227892008,5.43925016289306,28076156124.4625,145.0,34.2646031687681,-0.376108499999999,-0.360987499999999,0.03933867,84.17017,94.5764541625977,,,,0,7.54908139432906,-0.1276696050329295,12.766960503292957,0,9.79975559496453,0,4.976733742420574,0.1484200051182727,4.549408546161899,0.1553499797310511,6.040254711277414,1.0,0.0,1.0683099999999968,1.0683099999999968,0.0,1,1,137.143328,-110.388441,-0.9489872168536859,10.748742811818216,3.3550103252285997,1.13964864548062,-1.9305143332447403,4.20251661216482,13.608085632324304,80.9683685302734,-0.8915253386903998,35.1561285074585,-0.08654229999999902,-0.2895662,83.10186,136.075018,-110.388441,True,True,True
COL,Colombia,Latin America,2011,202.0,1848.01666666667,6.94789198173555,334966134804.887,3.4150334477625,4.63778352646321,31895547050.8778,166.4,39.4704235545367,-0.2066749,-0.3902442,0.015389339,90.09539,107.349578857422,,,,0,7.521868270919981,-0.0272131234090791,2.721312340907911,0,9.522021403583528,0,5.114394528387108,0.1376607859665339,4.676090601237654,0.1266820550757543,5.313205979041787,1.0,0.0,5.925219999999996,5.925219999999996,0.0,1,1,143.068548,-110.388441,-0.2777341913810023,9.79975559496453,2.45323301102633,4.49465897070922,1.1430311688424202,2.27200227892008,12.773124694824304,94.5764541625977,5.205820385768604,34.2646031687681,0.16943359999999902,-0.376108499999999,84.17017,137.143328,-110.388441,True,True,True
COL,Colombia,Latin America,2012,211.0,1798.01166666667,3.91263576716115,370691143018.039,3.16930188840055,4.96194403534215,36997795799.9643,157.2,38.835151018669,-0.4099866,-0.447664299999999,0.023918001,81.475235,100.0,,,,0,7.494436703701655,-0.0274315672183265,2.743156721832652,0,9.980760667422764,0,5.057518879995106,-0.0568756483920021,4.605170185988092,-0.0709204152495619,5.356586274672012,1.0,0.0,-8.620154999999997,0.0,-8.620154999999997,1,1,143.068548,-119.008596,0.45873926383923624,9.522021403583528,-3.0352562145744,6.94789198173555,-0.24573155936195024,3.4150334477625,-7.349578857422003,107.349578857422,-0.6352725358676992,39.4704235545367,-0.20331169999999998,-0.2066749,90.09539,143.068548,-110.388441,True,True,True
COL,Colombia,Latin America,2013,140.0,1868.895,5.13399351995672,382093697077.685,2.01699224310383,5.77599378124281,43158795571.8365,145.9,37.9866487978457,-0.441234099999999,-0.483686599999999,0.016603017,83.036606,98.8251495361328,,,,0,7.533102626102139,0.0386659224004848,3.866592240048483,0,11.295343498707783,0,4.98292145552874,-0.0745974244663658,4.593352122322336,-0.0118180636657561,4.948759890378168,1.0,0.0,1.5613710000000083,1.5613710000000083,0.0,1,1,144.629919,-119.008596,1.3145828312850192,9.980760667422764,1.2213577527955697,3.91263576716115,-1.1523096452967199,3.16930188840055,-1.1748504638672017,100.0,-0.8485022208232991,38.835151018669,-0.03124749999999904,-0.4099866,81.475235,143.068548,-119.008596,True,True,True
COL,Colombia,Latin America,2014,119.0,2001.105,4.49903000110972,381240864422.407,2.89883787761738,5.95800832936949,46809443348.4249,132.8,37.4874656411103,-0.3713217,-0.4114652,0.02044581,100.29159,95.1340713500977,,,,0,7.601454806970152,0.0683521808680129,6.835218086801298,0,12.278180991783977,0,4.888844237042334,-0.0940772184864062,4.555287174054042,-0.0380649482682935,4.787491742782046,1.0,0.0,17.254983999999993,17.254983999999993,0.0,1,1,161.884903,-119.008596,0.9828374930761932,11.295343498707783,-0.634963518847,5.13399351995672,0.8818456345135499,2.01699224310383,-3.6910781860350994,98.8251495361328,-0.4991831567354055,37.9866487978457,0.06991239999999904,-0.441234099999999,83.036606,144.629919,-119.008596,True,True,True
COL,Colombia,Latin America,2015,134.0,2741.78166666667,2.95590137527523,293492370193.166,4.9898311584953,7.29304800301966,46222893468.525,100.0,38.3607641184453,-0.3173369,-0.3995338,0.026067028,105.95364,71.3496856689453,,,,0,7.916363231374539,0.3149084244043862,31.490842440438627,0,15.749265794576797,0,4.605170185988092,-0.2836740510542421,4.2675929384323465,-0.2876942356216956,4.90527477843843,1.0,0.0,5.662049999999994,5.662049999999994,0.0,1,1,167.54695299999997,-119.008596,3.47108480279282,12.278180991783977,-1.5431286258344898,4.49903000110972,2.09099328087792,2.89883787761738,-23.7843856811524,95.1340713500977,0.8732984773350054,37.4874656411103,0.0539848,-0.3713217,100.29159,161.884903,-119.008596,True,True,True
COL,Colombia,Latin America,2016,30.0,3055.255,2.08738250162794,282720100286.228,7.51346024627675,8.32883468161759,46173772892.6654,98.9,36.202652984202,-0.3694889,-0.3488186,0.033738248,98.67869,70.0045547485352,,,,0,8.02461833784406,0.1082551064695218,10.825510646952186,0,16.33197386599634,0,4.594109238628667,-0.0110609473594252,4.248560307768757,-0.0190326306635899,3.4339872044851463,1.0,0.0,-7.27494999999999,0.0,-7.27494999999999,1,1,167.54695299999997,-126.28354599999999,0.5827080714195425,15.749265794576797,-0.86851887364729,2.95590137527523,2.5236290877814502,4.9898311584953,-1.3451309204100994,71.3496856689453,-2.158111134243306,38.3607641184453,-0.05215200000000003,-0.3173369,105.95364,167.54695299999997,-119.008596,True,True,True
COL,Colombia,Latin America,2017,,2951.48691120161,1.35936086788746,311866875156.879,4.31431325695011,7.88739431363663,47131104746.7563,115.6,35.2829149424588,-0.410863,-0.3653829,0.02699852,107.37731,78.6454315185547,,,,0,7.990064360044995,-0.0345539777990655,3.455397779906555,0,15.112571581399225,0,4.750135956238277,0.1560267176096106,4.364949541594136,0.1163892338253793,,,,8.698619999999991,8.698619999999991,0.0,1,1,176.24557299999998,-126.28354599999999,-1.2194022845971144,16.33197386599634,-0.7280216337404799,2.08738250162794,-3.19914698932664,7.51346024627675,8.640876770019503,70.0045547485352,-0.9197380417431944,36.202652984202,-0.04137409999999997,-0.3694889,98.67869,167.54695299999997,-126.28354599999999,True,True,True
COL,Colombia,Latin America,2018,131.0,2955.70396997842,2.56432428277704,334198218098.276,3.24056932930569,7.01653628399101,47887623364.3511,126.5,36.5347527968973,-0.3185939,-0.422010899999999,0.027867468,98.55291,86.9560012817383,,,,0,7.991492131579052,0.0014277715340567,0.142777153405671,0,14.329107927879202,0,4.840242308167575,0.0901063519292977,4.465402258335011,0.1004527167408753,4.882801922586371,1.0,0.0,-8.824399999999997,0.0,-8.824399999999997,1,1,176.24557299999998,-135.10794599999997,-0.7834636535200232,15.112571581399225,1.20496341488958,1.35936086788746,-1.0737439276444203,4.31431325695011,8.310569763183594,78.6454315185547,1.2518378544384987,35.2829149424588,0.09226909999999999,-0.410863,107.37731,176.24557299999998,-126.28354599999999,True,True,True
COL,Colombia,Latin America,2019,115.0,3281.62219381788,3.18685539245533,323031701192.84,3.52301932741447,7.68978168444085,52652707434.7902,124.8,37.558533980839,-0.272275,-0.452757099999999,0.07754007,90.94625,79.5462341308594,,,,0,8.096093150404059,0.104601018825007,10.460101882500703,0,16.299548075425,0,4.826712455935327,-0.0135298522322475,4.376338414013452,-0.0890638443215596,4.7535901911063645,1.0,0.0,-7.606659999999991,0.0,-7.606659999999991,1,1,176.24557299999998,-142.71460599999997,1.9704401475457995,14.329107927879202,0.62253110967829,2.56432428277704,0.2824499981087798,3.24056932930569,-7.409767150878892,86.9560012817383,1.0237811839417006,36.5347527968973,0.046318899999999996,-0.3185939,98.55291,176.24557299999998,-135.10794599999997,True,True,True
COL,Colombia,Latin America,2020,23.0,3693.27583333333,-7.18591413760859,270348342541.465,2.52663500084706,11.5419853283327,58499477956.7248,105.3,34.0555709680101,-0.256463899999999,-0.482495599999999,0.034693424,77.2938,67.1945190429688,,,,0,8.214269102919914,0.1181759525158554,11.817595251585544,0,21.63855617045345,0,4.6568134191399295,-0.1698990367953978,4.207591682342171,-0.1687467316712805,3.1780538303479458,0.0,0.0,-13.652450000000002,0.0,-13.652450000000002,1,1,176.24557299999998,-156.367056,5.339008095028451,16.299548075425,-10.37276953006392,3.18685539245533,-0.9963843265674099,3.52301932741447,-12.351715087890597,79.5462341308594,-3.5029630128289,37.558533980839,0.015811100000000966,-0.272275,90.94625,176.24557299999998,-142.71460599999997,True,True,True
COL,Colombia,Latin America,2021,113.0,3744.24416666667,10.8011981904878,318524633225.395,3.49505757399448,8.13634445223537,58018679406.6873,126.4,40.0591463936128,-0.269745299999999,-0.506983,0.017200662,82.07024,88.2001800537109,,,,0,8.227975050926888,0.0137059480069741,1.3705948006974111,0,18.214817114515604,0,4.839451481712757,0.1826380625728276,4.479609004435956,0.2720173220937845,4.736198448394496,1.0,0.0,4.776439999999994,4.776439999999994,0.0,1,1,181.02201299999996,-156.367056,-3.4237390559378476,21.63855617045345,17.987112328096387,-7.18591413760859,0.9684225731474201,2.52663500084706,21.005661010742088,67.1945190429688,6.003575425602698,34.0555709680101,-0.013281399999999999,-0.256463899999999,77.2938,176.24557299999998,-156.367056,True,True,True
COL,Colombia,Latin America,2022,122.0,4256.19416666667,7.32827729427979,345632492851.448,10.1772313546166,5.98792041600812,56703971712.5605,154.1,48.2826551123359,-0.256400299999999,-0.5296476,0.023633486,157.58319,108.432022094727,,,,0,8.356130651848003,0.1281556009211151,12.815560092111513,0,16.405856765594006,0,5.03760174232607,0.1981502606133132,4.686123452159479,0.2065144477235234,4.812184355372417,1.0,0.0,75.51295,75.51295,0.0,1,1,256.53496299999995,-156.367056,-1.8089603489215982,18.214817114515604,-3.4729208962080094,10.8011981904878,6.68217378062212,3.49505757399448,20.231842041016108,88.2001800537109,8.223508718723103,40.0591463936128,0.013344999999999996,-0.269745299999999,82.07024,181.02201299999996,-156.367056,True,True,True
COL,Colombia,Latin America,2023,89.0,4325.955,0.841819555752039,366901643683.302,11.7359044948689,7.1661637402161,59040690523.7904,139.2,40.1333165322581,-0.309004899999999,-0.5648803,0.033551943,121.71125,93.6896820068359,,,,0,8.37238820423976,0.0162575523917567,1.6257552391756749,0,16.091694202044096,0,4.935911747900319,-0.101689994425751,4.539988065858029,-0.1461353863014496,4.499809670330265,1.0,0.0,-35.871939999999995,0.0,-35.871939999999995,1,1,256.53496299999995,-192.238996,-0.31416256354991035,16.405856765594006,-6.486457738527751,7.32827729427979,1.5586731402522993,10.1772313546166,-14.742340087891108,108.432022094727,-8.149338580077803,48.2826551123359,-0.0526046,-0.256400299999999,157.58319,256.53496299999995,-156.367056,True,True,True
COL,Colombia,Latin America,2024,225.0,4074.43416666667,1.49330728771066,420504033143.211,6.60908593728228,7.34464091398545,61897968642.424,140.1,36.3179938785373,-0.2937197,-0.5597434,0.040609356,134.45274,92.0609130859375,,,,0,8.312487161228017,-0.0599010430117434,5.990104301174348,0,14.71994648416212,0,4.942356453342962,0.0064447054426421,4.522450456718548,-0.0175376091394818,5.420534999272286,1.0,0.0,12.741489999999999,12.741489999999999,0.0,1,1,269.27645299999995,-192.238996,-1.3717477178819752,16.091694202044096,0.6514877319586209,0.841819555752039,-5.12681855758662,11.7359044948689,-1.6287689208983949,93.6896820068359,-3.8153226537207985,40.1333165322581,0.015285199999999055,-0.309004899999999,121.71125,256.53496299999995,-192.238996,True,True,True
EGY,Egypt,MENA,2000,,3.47205,6.37000382991766,99838543960.0763,2.68380535348546,6.92773642731755,13785040867.624,,39.0179359012055,-0.5521491,-0.1178374,0.08928937,57.415283,104.685981750488,,,,0,1.2447451976160704,,,0,13.80733364174101,0,,,4.650965219232315,,,,,,,,1,1,,,,,,,,,,,,,,,,,,True,True,True
EGY,Egypt,MENA,2001,,3.973,3.53525197391507,96684636118.5984,2.26975720475956,7.45748900818796,13598234040.4969,,39.8104265402844,,,0.22260018,168.82918,101.086219787598,,,,0,1.379521476832462,0.1347762792163915,13.477627921639158,0,14.0645241957746,0,,,4.615973813943062,-0.0349914052892534,,,,111.413897,111.413897,0.0,1,1,111.413897,0.0,0.25719055403359015,13.80733364174101,-2.8347518560025895,6.37000382991766,-0.4140481487258998,2.68380535348546,-3.5997619628899997,104.685981750488,0.7924906390789062,39.0179359012055,,-0.5521491,57.415283,,,True,True,True
EGY,Egypt,MENA,2002,,4.49966666666667,2.39020402675627,85146067415.7303,2.73723855000334,8.25026634670873,14076054422.998,,40.9870678279229,-0.6106491,-0.1273754,0.21906202,156.04216,97.648193359375,,,,0,1.504003319958581,0.1244818431261189,12.4481843126119,0,16.531655366149675,0,,,4.581371155967463,-0.0346026579755989,,,,-12.787020000000012,0.0,-12.787020000000012,1,1,111.413897,-12.787020000000012,2.4671311703750742,14.0645241957746,-1.1450479471588002,3.53525197391507,0.4674813452437796,2.26975720475956,-3.4380264282229973,101.086219787598,1.1766412876384962,39.8104265402844,,,168.82918,111.413897,0.0,True,True,True
EGY,Egypt,MENA,2003,,5.850875,3.19345473756772,80288461538.4615,4.50777636319304,8.55089573372287,14603576021.3741,,46.1796407185629,-0.630474,-0.1323011,0.21906377,176.30156,98.4672088623047,,,,0,1.7665912227084644,0.2625879027498834,26.258790274988343,0,18.188885104465957,0,,,4.589723587801667,0.0083524318342043,,,,20.2594,20.2594,0.0,1,1,131.673297,-12.787020000000012,1.657229738316282,16.531655366149675,0.8032507108114499,2.39020402675627,1.7705378131897,2.73723855000334,0.8190155029297017,97.648193359375,5.192572890640001,40.9870678279229,-0.019824900000000034,-0.6106491,156.04216,111.413897,-12.787020000000012,True,True,True
EGY,Egypt,MENA,2004,,6.19624166666666,4.09207161019908,78782467532.4675,11.270619332052,6.63684137548043,15338514716.8958,,57.8199052132701,-0.629709699999999,-0.1250357,0.17732783,129.39624,101.802551269531,,,,0,1.8239429254522723,0.0573517027438079,5.735170274380796,0,19.46945202062192,0,,,4.623035165389134,0.033311577587467,,,,-46.90531999999999,0.0,-46.90531999999999,1,1,131.673297,-59.69234,1.280566916155962,18.188885104465957,0.8986168726313606,3.19345473756772,6.76284296885896,4.50777636319304,3.3353424072262925,98.4672088623047,11.640264494707196,46.1796407185629,0.0007643000000009392,-0.630474,176.30156,131.673297,-12.787020000000012,True,True,True
EGY,Egypt,MENA,2005,,5.77883333333333,4.4717444710621,89660339660.3397,4.86939696871988,7.32906037591457,21856784928.5556,110.8,62.9526462395543,-0.6190665,-0.213485199999999,0.16757333,101.538994,111.176078796387,,,,0,1.7542018168666924,-0.0697411085855799,6.974110858557991,0,24.37731667240573,0,4.707726774313183,,4.711115239937601,0.0880800745484666,,,,-27.857246000000004,0.0,-27.857246000000004,1,1,131.673297,-87.549586,4.907864651783811,19.46945202062192,0.3796728608630193,4.09207161019908,-6.40122236333212,11.270619332052,9.373527526856009,101.802551269531,5.132741026284201,57.8199052132701,0.010643199999999076,-0.629709699999999,129.39624,131.673297,-59.69234,True,True,True
EGY,Egypt,MENA,2006,,5.73316666666666,6.84383819369884,107426086956.522,7.64452644526434,7.36480504492886,26006845068.1543,108.5,61.5185365063947,-0.5725119,-0.284285,0.17728694,104.03535,110.922981262207,,,,0,1.7462680249613207,-0.0079337919053716,0.793379190537169,0,24.2090592750343,0,4.686750172980514,-0.020976601332669,4.708836097975698,-0.0022791419619032,,,,2.4963559999999916,2.4963559999999916,0.0,1,1,134.16965299999998,-87.549586,-0.16825739737143053,24.37731667240573,2.3720937226367402,4.4717444710621,2.7751294765444596,4.86939696871988,-0.25309753418000014,111.176078796387,-1.4341097331595947,62.9526462395543,0.0465546,-0.6190665,101.538994,131.673297,-87.549586,True,True,True
EGY,Egypt,MENA,2007,,5.63543333333334,7.08782742675582,130437828371.278,9.3189690579923,6.95056522562452,32214421786.3476,106.5,65.077873254565,-0.536828699999999,-0.274528,0.12976703,93.73795,107.583450317383,,,,0,1.72907404486041,-0.0171939801009106,1.7193980100910666,0,24.697146670253147,0,4.66814498514948,-0.0186051878310342,4.678266828438838,-0.0305692695368593,,,,-10.297399999999996,0.0,-10.297399999999996,1,1,134.16965299999998,-97.846986,0.48808739521884803,24.2090592750343,0.24398923305697995,6.84383819369884,1.67444261272796,7.64452644526434,-3.3395309448240056,110.922981262207,3.5593367481703027,61.5185365063947,0.035683200000000914,-0.5725119,104.03535,134.16965299999998,-87.549586,True,True,True
EGY,Egypt,MENA,2008,,5.4325,7.15628356711522,162818181818.182,18.3168316831684,5.97060049450951,34330505048.3926,118.4,71.6806253489671,-0.571537899999999,-0.2146515,0.12983298,81.196495,110.999046325684,,,,0,1.6923994331484478,-0.0366746117119622,3.667461171196229,0,21.08517898002893,0,4.774068722449905,0.1059237373004249,4.709521609614921,0.0312547811760826,,,,-12.541455,0.0,-12.541455,1,1,134.16965299999998,-110.388441,-3.6119676902242155,24.697146670253147,0.06845614035939995,7.08782742675582,8.997862625176099,9.3189690579923,3.4155960083010086,107.583450317383,6.602752094402092,65.077873254565,-0.034709199999999996,-0.536828699999999,93.73795,134.16965299999998,-97.846986,True,True,True
EGY,Egypt,MENA,2009,,5.54455330862977,4.67359980000663,189147005444.646,11.7634954386443,7.35827452765158,34896678266.342,102.1,56.5534446363462,-0.4952858,-0.2094603,0.1726736,83.10186,103.779342651367,,,,0,1.7128160600514977,0.0204166269030499,2.0416626903049906,0,18.4495007913591,0,4.625952725170619,-0.1481159972792856,4.6422669398606295,-0.0672546697542912,,,,1.9053650000000033,1.9053650000000033,0.0,1,1,136.075018,-110.388441,-2.635678188669832,21.08517898002893,-2.4826837671085897,7.15628356711522,-6.553336244524099,18.3168316831684,-7.219703674317003,110.999046325684,-15.127180712620898,71.6806253489671,0.07625209999999905,-0.571537899999999,81.196495,134.16965299999998,-110.388441,True,True,True
EGY,Egypt,MENA,2010,,5.6219429176105,5.14723485746742,218983666061.706,11.2651882653185,6.70121378987163,37028506134.5559,101.5,47.9363500745898,-0.608266,-0.2849681,0.1356963,84.17017,101.351806640625,,,,0,1.7266773190372944,0.0138612589857967,1.386125898579671,0,16.909254831874936,0,4.620058798481842,-0.0058939266887776,4.618597698497642,-0.0236692413629873,,,,1.0683099999999968,1.0683099999999968,0.0,1,1,137.143328,-110.388441,-1.5402459594841638,18.4495007913591,0.4736350574607897,4.67359980000663,-0.49830717332580043,11.7634954386443,-2.4275360107420028,103.779342651367,-8.617094561756403,56.5534446363462,-0.11298019999999998,-0.4952858,83.10186,136.075018,-110.388441,True,True,True
EGY,Egypt,MENA,2011,,5.93282765151515,1.76457194806041,235989672977.625,10.0649259874818,3.28531568230903,18637541110.4777,105.0,45.2556341623514,-0.5611174,-0.51085,0.42693833,90.09539,97.8701629638672,,,,0,1.780500937725152,0.0538236186878575,5.382361868785757,0,7.897608770467168,0,4.653960350157523,0.0339015516756813,4.583641732541759,-0.0349559659558833,,,,5.925219999999996,5.925219999999996,0.0,1,1,143.068548,-110.388441,-9.011646061407767,16.909254831874936,-3.38266290940701,5.14723485746742,-1.2002622778366998,11.2651882653185,-3.4816436767577983,101.351806640625,-2.680715912238398,47.9363500745898,0.047148599999999985,-0.608266,84.17017,137.143328,-110.388441,True,True,True
EGY,Egypt,MENA,2012,,6.05605833333333,2.22619979818487,279116666666.667,7.11172943343083,2.48779534146603,15672467970.7728,105.8,40.7117692721084,-0.5175138,-0.5396816,0.26401058,81.475235,100.0,,,,0,1.80105914840932,0.0205582106841681,2.0558210684168188,0,5.615024053540138,0,4.661550519424199,0.0075901692666757,4.605170185988092,0.0215284534463329,,,,-8.620154999999997,0.0,-8.620154999999997,1,1,143.068548,-119.008596,-2.2825847169270306,7.897608770467168,0.46162785012445995,1.76457194806041,-2.9531965540509697,10.0649259874818,2.1298370361327983,97.8701629638672,-4.543864890243,45.2556341623514,0.043603599999999965,-0.5611174,90.09539,143.068548,-110.388441,True,True,True
EGY,Egypt,MENA,2013,,6.870325,2.18546605363386,288434108527.132,9.46971981064921,2.73003963526374,16536236826.4074,105.8,40.373038056332,-0.5658677,-0.795294,0.22823536,83.036606,100.351661682129,,,,0,1.9272114122477708,0.1261522638384506,12.61522638384507,0,5.733107263509334,0,4.661550519424199,0.0,4.608680633970512,0.0035104479824203,,,,1.5613710000000083,1.5613710000000083,0.0,1,1,144.629919,-119.008596,0.11808320996919619,5.615024053540138,-0.04073374455101009,2.22619979818487,2.3579903772183792,7.11172943343083,0.3516616821290057,100.0,-0.33873121577639864,40.7117692721084,-0.04835389999999995,-0.5175138,81.475235,143.068548,-119.008596,True,True,True
EGY,Egypt,MENA,2014,184.0,7.07760856060606,2.91591188052836,305595408895.265,10.0702154687481,2.21204888604566,14926998051.7397,104.8,36.9201877934272,-0.576257999999999,-0.839702699999999,0.22894448,100.29159,105.495780944824,,,,0,1.9569360767214687,0.0297246644736983,2.972466447369837,0,4.884562273268819,0,4.6520537718869415,-0.0094967475372573,4.658670961072136,0.0499903271016233,5.220355825078324,1.0,0.0,17.254983999999993,17.254983999999993,0.0,1,1,161.884903,-119.008596,-0.8485449902405149,5.733107263509334,0.7304458268945,2.18546605363386,0.6004956580988896,9.46971981064921,5.144119262695,100.351661682129,-3.4528502629047964,40.373038056332,-0.010390299999999075,-0.5658677,83.036606,144.629919,-119.008596,True,True,True
EGY,Egypt,MENA,2015,767.0,7.69125833333333,4.37201907781687,329366576819.407,10.370490343517,2.59707505474829,15858887325.7756,100.0,34.8459429600229,-0.5639736,-0.8381446,0.24166147,105.95364,119.23265838623,,,,0,2.040084402554288,0.0831483258328187,8.314832583281873,0,4.814965586040958,0,4.605170185988092,-0.0468835858988496,4.781076696855903,0.1224057357837677,6.643789733147672,1.0,0.0,5.662049999999994,5.662049999999994,0.0,1,1,167.54695299999997,-119.008596,-0.06959668722786105,4.884562273268819,1.4561071972885102,2.91591188052836,0.3002748747689008,10.0702154687481,13.736877441405994,105.495780944824,-2.0742448334043004,36.9201877934272,0.012284399999999085,-0.576257999999999,100.29159,161.884903,-119.008596,True,True,True
EGY,Egypt,MENA,2016,355.0,10.0254007885465,4.34664345601914,332441717791.411,13.813606214829,3.8854106958735,23642691705.9678,100.0,30.2465490514505,-0.4472655,-0.8445636,0.14803585,98.67869,120.931419372559,,,,0,2.305121951300879,0.2650375487465912,26.503754874659123,0,7.111830567787613,0,4.605170185988092,0.0,4.795223602870114,0.0141469060142105,5.87493073085203,1.0,0.0,-7.27494999999999,0.0,-7.27494999999999,1,1,167.54695299999997,-126.28354599999999,2.296864981746655,4.814965586040958,-0.02537562179773012,4.37201907781687,3.443115871312001,10.370490343517,1.698760986329006,119.23265838623,-4.599393908572402,34.8459429600229,0.11670809999999998,-0.5639736,105.95364,167.54695299999997,-119.008596,True,True,True
EGY,Egypt,MENA,2017,497.0,17.7825335150636,4.18122099961562,248362771739.13,29.5066083940039,5.72306111855628,36400242555.8255,100.3,42.8321343581608,-0.4059653,-0.774614199999999,0.19298816,107.37731,116.613922119141,,,,0,2.878216712345456,0.5730947610445765,57.30947610445765,0,14.656078405365362,0,4.60816569496789,0.0029955089797981,4.758868667467437,-0.0363549354026764,6.210600077024653,1.0,0.0,8.698619999999991,8.698619999999991,0.0,1,1,176.24557299999998,-126.28354599999999,7.544247837577749,7.111830567787613,-0.16542245640351982,4.34664345601914,15.6930021791749,13.813606214829,-4.317497253418011,120.931419372559,12.5855853067103,30.2465490514505,0.04130020000000001,-0.4472655,98.67869,167.54695299999997,-126.28354599999999,True,True,True
EGY,Egypt,MENA,2018,680.0,17.7672904218107,5.33110861887155,262588632526.73,14.4014657807422,5.85734270401284,41839242990.7097,102.0,45.9110196733959,-0.4749757,-0.739756099999999,0.10557658,98.55291,113.100929260254,,,,0,2.8773591500568694,-0.0008575622885862,0.0857562288586244,0,15.933379365327518,0,4.624972813284271,0.0168071183163807,4.728280599359356,-0.0305880681080816,6.523562306149512,1.0,0.0,-8.824399999999997,0.0,-8.824399999999997,1,1,176.24557299999998,-135.10794599999997,1.2773009599621563,14.656078405365362,1.1498876192559297,4.18122099961562,-15.105142613261702,29.5066083940039,-3.5129928588869888,116.613922119141,3.078885315235098,42.8321343581608,-0.06901040000000003,-0.4059653,107.37731,176.24557299999998,-126.28354599999999,True,True,True
EGY,Egypt,MENA,2019,637.0,16.7705818428763,5.55209307084222,318678815489.749,9.15279959324804,5.83923947440236,44568837112.0669,101.0,41.1240171551108,-0.652109199999999,-0.749387999999999,0.119175084,90.94625,113.701416015625,,,,0,2.819626270693965,-0.0577328793629039,5.773287936290394,0,13.985503568404145,0,4.61512051684126,-0.009852296443011,4.733575854642221,0.0052952552828653,6.45833828334479,1.0,0.0,-7.606659999999991,0.0,-7.606659999999991,1,1,176.24557299999998,-142.71460599999997,-1.9478757969233733,15.933379365327518,0.2209844519706703,5.33110861887155,-5.248666187494159,14.4014657807422,0.6004867553709943,113.100929260254,-4.7870025182850995,45.9110196733959,-0.17713349999999894,-0.4749757,98.55291,176.24557299999998,-135.10794599999997,True,True,True
EGY,Egypt,MENA,2020,527.0,15.7591729166667,3.55016483883115,383817841547.099,5.04493288977539,5.56473451430895,38972812936.6708,98.1,32.1262555667523,-0.7914606,-0.789880599999999,0.1170578,77.2938,113.514236450195,,,,0,2.757422603145679,-0.0622036675482862,6.220366754828621,0,10.153986792166457,0,4.585987366571318,-0.0291331502699421,4.731928260334863,-0.0016475943073581,6.269096283706261,1.0,0.0,-13.652450000000002,0.0,-13.652450000000002,1,1,176.24557299999998,-156.367056,-3.831516776237688,13.985503568404145,-2.0019282320110703,5.55209307084222,-4.107866703472651,9.15279959324804,-0.18717956543000014,113.701416015625,-8.9977615883585,41.1240171551108,-0.139351400000001,-0.652109199999999,90.94625,176.24557299999998,-142.71460599999997,True,True,True
EGY,Egypt,MENA,2021,112.0,15.6445272777113,3.29064601193245,424671765455.704,5.21404940513043,4.38225643427728,39824388217.3615,103.4,29.8569734808122,-0.7873199,-0.8185251,0.104529165,82.07024,98.1602935791016,,,,0,2.7501211611137744,-0.0073014420319048,0.7301442031904859,0,9.37768682940977,0,4.638604962074329,0.052617595503011,4.586601791220327,-0.1453264691145355,4.727387818712341,1.0,0.0,4.776439999999994,4.776439999999994,0.0,1,1,181.02201299999996,-156.367056,-0.7762999627566867,10.153986792166457,-0.2595188268987001,3.55016483883115,0.16911651535504024,5.04493288977539,-15.353942871093395,113.514236450195,-2.269282085940098,32.1262555667523,0.004140699999999997,-0.7914606,77.2938,176.24557299999998,-156.367056,True,True,True
EGY,Egypt,MENA,2022,231.0,19.1604397412204,6.58784560870467,476747720364.742,13.8956609775178,3.32738146369502,32143926008.4607,119.9,36.9831048772713,-0.7776624,-0.772813099999999,0.13619672,157.58319,95.9485473632813,,,,0,2.952847723282497,0.2027265621687224,20.27265621687224,0,6.742334495877311,0,4.786658062033468,0.1480530999591396,4.563812082821453,-0.0227897083988741,5.44673737166631,1.0,0.0,75.51295,75.51295,0.0,1,1,256.53496299999995,-156.367056,-2.6353523335324587,9.37768682940977,3.2971995967722205,3.29064601193245,8.68161157238737,5.21404940513043,-2.2117462158202983,98.1602935791016,7.126131396459101,29.8569734808122,0.009657499999999986,-0.7873199,82.07024,181.02201299999996,-156.367056,True,True,True
EGY,Egypt,MENA,2023,,30.6264136980311,3.76028052279247,395926071447.591,33.8847763115546,3.87390992001782,33070180836.1374,110.7,40.4504007720031,-0.816904499999999,-0.7776875,0.41380903,121.71125,104.898017883301,,,,0,3.421862829367841,0.4690151060853442,46.90151060853442,0,8.352615101911752,0,4.706823839714591,-0.079834222318877,4.652988619926316,0.0891765371048629,,,,-35.871939999999995,0.0,-35.871939999999995,1,1,256.53496299999995,-192.238996,1.6102806060344408,6.742334495877311,-2.8275650859122003,6.58784560870467,19.989115334036804,13.8956609775178,8.949470520019688,95.9485473632813,3.467295894731798,36.9831048772713,-0.03924209999999906,-0.7776624,157.58319,256.53496299999995,-156.367056,True,True,True
EGY,Egypt,MENA,2024,,45.29926,2.3991692678251,389059910593.1,28.2705899322083,4.53950764706678,44921341018.4659,112.2,39.6007520873733,-0.8269898,-0.751539899999999,0.561986,134.45274,111.166770935059,,,,0,3.813290696814723,0.391427867446882,39.14278674468821,0,11.546124335963023,0,4.720282993088596,0.0134591533740051,4.711031514633687,0.0580428947073707,,,,12.741489999999999,12.741489999999999,0.0,1,1,269.27645299999995,-192.238996,3.1935092340512714,8.352615101911752,-1.36111125496737,3.76028052279247,-5.614186379346304,33.8847763115546,6.2687530517580115,104.898017883301,-0.8496486846297984,40.4504007720031,-0.010085300000000963,-0.816904499999999,121.71125,256.53496299999995,-192.238996,True,True,True
GAB,Gabon,Sub-Saharan Africa,2000,,710.207977031367,-1.88296639760897,5080483628.53013,0.504920025834859,0.937885448748257,193613824.335929,,101.701928939637,-0.6951153,-0.3341395,,57.415283,41.8891525268555,,,,0,6.565557852537385,,,0,3.810932944428063,1,,,3.735026903836547,,,,,,,,0,1,,,,,,,,,,,,,,,,,,True,True,True
GAB,Gabon,Sub-Saharan Africa,2001,,732.397693260228,2.13523342197423,5023265413.2623,2.13762052701465,0.0726692167123223,13399793.737124,,83.6386132424108,,,,168.82918,37.4952812194824,,,,0,6.596323663232627,0.0307658106952422,3.07658106952422,0,0.2667546433390957,1,,,3.624215090911449,-0.1108118129250983,,,,111.413897,111.413897,0.0,0,1,111.413897,0.0,-3.5441783010889676,3.810932944428063,4.0181998195832005,-1.88296639760897,1.6327005011797913,0.504920025834859,-4.393871307373097,41.8891525268555,-18.0633156972262,101.701928939637,,-0.6951153,57.415283,,,True,True,True
GAB,Gabon,Sub-Saharan Africa,2002,,693.713226496374,-0.249033168543434,5335451099.88223,0.0366828893971394,0.792335438835603,144051938.52431,,84.7590815376223,-0.6977354,-0.3088834,,156.04216,38.7989654541016,,,,0,6.542058656803658,-0.0542650064289693,5.4265006428969365,0,2.699901767021905,1,,,3.6583935827196665,0.0341784918082179,,,,-12.787020000000012,0.0,-12.787020000000012,0,1,111.413897,-12.787020000000012,2.4331471236828097,0.2667546433390957,-2.3842665905176643,2.13523342197423,-2.100937637617511,2.13762052701465,1.3036842346191975,37.4952812194824,1.120468295211495,83.6386132424108,,,168.82918,111.413897,0.0,True,True,True
GAB,Gabon,Sub-Saharan Africa,2003,,579.897426172466,2.2473300115045,6511903365.47554,2.23535313551536,0.990744323575171,201927545.206198,,80.3026082056312,-0.6986292,-0.403781599999999,,176.30156,43.2492599487305,,,,0,6.362851236473625,-0.1792074203300329,17.92074203300329,0,3.100898982573461,1,,,3.766980122219482,0.1085865394998153,,,,20.2594,20.2594,0.0,0,1,131.673297,-12.787020000000012,0.400997215551556,2.699901767021905,2.496363180047934,-0.249033168543434,2.198670246118221,0.0366828893971394,4.450294494628899,38.7989654541016,-4.456473331991091,84.7590815376223,-0.0008937999999999446,-0.6977354,156.04216,111.413897,-12.787020000000012,True,True,True
GAB,Gabon,Sub-Saharan Africa,2004,,527.338032291576,0.689543058464849,7770219008.21293,0.40820530743925,1.72242984305086,449046100.892114,,81.7675371418698,-0.896137499999999,-0.4558228,,129.39624,50.7052955627441,,,,0,6.267841770412916,-0.0950094660607083,9.500946606070835,0,5.779066206724461,1,,,3.926030354112035,0.1590502318925533,,,,-46.90531999999999,0.0,-46.90531999999999,0,1,131.673297,-59.69234,2.6781672241509997,3.100898982573461,-1.5577869530396509,2.2473300115045,-1.8271478280761102,2.23535313551536,7.456035614013601,43.2492599487305,1.4649289362385929,80.3026082056312,-0.19750829999999908,-0.6986292,176.30156,131.673297,-12.787020000000012,True,True,True
GAB,Gabon,Sub-Saharan Africa,2005,,527.258362649626,2.67620333310926,9582783990.85345,3.70833333333304,2.39210094109553,675149856.166232,103.1,83.9495998399241,-0.8227409,-0.415891499999999,,101.538994,64.9386749267578,,,,0,6.267690680114327,-0.0001510902985897,0.0151090298589728,0,7.045445841319674,1,4.635699391022914,,4.173443361889341,0.2474130077773062,,,,-27.857246000000004,0.0,-27.857246000000004,0,1,131.673297,-87.549586,1.2663796345952134,5.779066206724461,1.9866602746444109,0.689543058464849,3.30012802589379,0.40820530743925,14.2333793640137,50.7052955627441,2.1820626980543096,81.7675371418698,0.07339659999999903,-0.896137499999999,129.39624,131.673297,-59.69234,True,True,True
GAB,Gabon,Sub-Saharan Africa,2006,,522.425624895176,-2.80657835569052,10327598306.4575,-1.4094013660098,,1121592475.619,122.7,88.6494092562519,-0.841792299999999,-0.714449,,104.03535,75.2632446289063,,,,0,6.25848262900877,-0.0092080511055563,0.9208051105556336,0,10.860148142261748,1,4.809742351716865,0.1740429606939511,4.3209918964988905,0.1475485346095491,,,,2.4963559999999916,2.4963559999999916,0.0,0,1,134.16965299999998,-87.549586,3.8147023009420735,7.045445841319674,-5.48278168879978,2.67620333310926,-5.11773469934284,3.70833333333304,10.324569702148509,64.9386749267578,4.6998094163277955,83.9495998399241,-0.019051399999999052,-0.8227409,101.538994,131.673297,-87.549586,True,True,True
GAB,Gabon,Sub-Saharan Africa,2007,,478.633718476363,6.00810802487668,12455409587.3371,5.03031883679951,3.60755252104915,1237944497.62597,126.3,85.1324791636578,-0.964724199999999,-0.634752099999999,,93.73795,79.9075012207031,,,,0,6.170935625304291,-0.0875470037044792,8.754700370447921,0,9.939010748265853,1,4.838660029356445,0.0289176776395798,4.380869730977586,0.0598778344786952,,,,-10.297399999999996,0.0,-10.297399999999996,0,1,134.16965299999998,-97.846986,-0.9211373939958953,10.860148142261748,8.8146863805672,-2.80657835569052,6.43972020280931,-1.4094013660098,4.64425659179679,75.2632446289063,-3.5169300925940945,88.6494092562519,-0.12293189999999998,-0.841792299999999,104.03535,134.16965299999998,-87.549586,True,True,True
GAB,Gabon,Sub-Saharan Africa,2008,,446.000041432788,-3.30843064878751,15571348344.3379,5.26430145575285,4.54384504968868,1934656663.35387,139.1,88.9988725945748,-0.9397956,-0.602971199999999,,81.196495,98.765022277832,,,,0,6.100319044918687,-0.0706165803856038,7.061658038560381,0,12.424464603653645,1,4.935193098929397,0.0965330695729518,4.592743516543974,0.2118737855663885,,,,-12.541455,0.0,-12.541455,0,1,134.16965299999998,-110.388441,2.4854538553877923,9.939010748265853,-9.31653867366419,6.00810802487668,0.23398261895334027,5.03031883679951,18.857521057128906,79.9075012207031,3.8663934309170003,85.1324791636578,0.02492859999999908,-0.964724199999999,93.73795,134.16965299999998,-97.846986,True,True,True
GAB,Gabon,Sub-Saharan Africa,2009,,470.293423341398,0.130331119816617,12113699068.2517,1.88570754577918,4.19352698829782,1993241390.30824,104.0,83.5045774235636,-0.939809799999999,-0.6433565,,83.10186,67.6516723632813,,,,0,6.153356804888518,0.0530377599698308,5.303775996983084,0,16.454440374305197,1,4.6443908991413725,-0.2908021997880246,4.214372075128409,-0.378371441415565,,,,1.9053650000000033,1.9053650000000033,0.0,0,1,136.075018,-110.388441,4.029975770651552,12.424464603653645,3.438761768604127,-3.30843064878751,-3.37859390997367,5.26430145575285,-31.113349914550696,98.765022277832,-5.494295171011203,88.9988725945748,-1.4199999999076063e-05,-0.9397956,81.196495,134.16965299999998,-110.388441,True,True,True
GAB,Gabon,Sub-Saharan Africa,2010,,494.794262222947,7.08988731455126,14372593020.2885,1.46154402720469,3.08023948210442,1735883130.08267,124.0,89.1576627248353,-0.790127399999999,-0.6043955,,84.17017,82.4455184936523,,,,0,6.204142044296988,0.0507852394084702,5.078523940847024,0,12.077731051260406,1,4.820281565605037,0.1758906664636645,4.412137693297342,0.1977656181689324,,,,1.0683099999999968,1.0683099999999968,0.0,0,1,137.143328,-110.388441,-4.376709323044791,16.454440374305197,6.959556194734643,0.130331119816617,-0.4241635185744901,1.88570754577918,14.793846130370994,67.6516723632813,5.653085301271702,83.5045774235636,0.1496824,-0.939809799999999,83.10186,136.075018,-110.388441,True,True,True
GAB,Gabon,Sub-Saharan Africa,2011,,471.248625718937,7.09175334258654,18210307743.5816,1.26331707837421,3.37727878024404,2157316878.94114,145.7,90.4983773331323,-0.7302265,-0.518889199999999,,90.09539,101.79557800293,,,,0,6.155385822511681,-0.0487562217853074,4.875622178530747,0,11.846679964546494,1,4.981549713201159,0.1612681475961217,4.6229666650877945,0.2108289717904528,,,,5.925219999999996,5.925219999999996,0.0,0,1,143.068548,-110.388441,-0.2310510867139115,12.077731051260406,0.0018660280352804648,7.08988731455126,-0.19822694883047998,1.46154402720469,19.3500595092777,82.4455184936523,1.3407146082969916,89.1576627248353,0.059900899999999035,-0.790127399999999,84.17017,137.143328,-110.388441,True,True,True
GAB,Gabon,Sub-Saharan Africa,2012,,510.556338454251,5.25107691750407,17170464016.0593,2.65241828695626,3.64997585068088,2351562306.82131,146.8,92.3428089420545,-0.6847821,-0.469124999999999,,81.475235,100.0,,,,0,6.235500990877476,0.0801151683657952,8.011516836579524,0,13.695391718138346,1,4.989071116180416,0.0075214029792567,4.605170185988092,-0.0177964790997027,,,,-8.620154999999997,0.0,-8.620154999999997,0,1,143.068548,-119.008596,1.8487117535918518,11.846679964546494,-1.8406764250824699,7.09175334258654,1.38910120858205,1.26331707837421,-1.7955780029300001,101.79557800293,1.844431608922207,90.4983773331323,0.04544440000000005,-0.7302265,90.09539,143.068548,-110.388441,True,True,True
GAB,Gabon,Sub-Saharan Africa,2013,,493.899623852237,5.63869900338696,17595744798.3398,0.505441058915615,4.72185234565946,3003573133.33984,145.6,90.6350361478645,-0.6819546,-0.6486187,,83.036606,101.40225982666,,,,0,6.202332305959403,-0.0331686849180732,3.3168684918073232,0,17.069883473322676,1,4.980863135762585,-0.0082079804178301,4.619095377167723,0.0139251911796307,,,,1.5613710000000083,1.5613710000000083,0.0,0,1,144.629919,-119.008596,3.37449175518433,13.695391718138346,0.3876220858828896,5.25107691750407,-2.146977228040645,2.65241828695626,1.40225982666,100.0,-1.7077727941900065,92.3428089420545,0.002827499999999983,-0.6847821,81.475235,143.068548,-119.008596,True,True,True
GAB,Gabon,Sub-Saharan Africa,2014,,493.757329875312,4.31496444107469,18203966895.8433,4.69045751826284,4.31825015746515,2478480387.52702,138.3,73.5203290162438,-0.830800499999999,-0.6161267,,100.29159,95.0712814331055,,,,0,6.202044161422228,-0.0002881445371745,0.0288144537174517,0,13.615056551728609,1,4.929425238670713,-0.0514378970918727,4.554626941117856,-0.0644684360498661,,,,17.254983999999993,17.254983999999993,0.0,0,1,161.884903,-119.008596,-3.4548269215940675,17.069883473322676,-1.3237345623122696,5.63869900338696,4.185016459347225,0.505441058915615,-6.330978393554503,101.40225982666,-17.11470713162069,90.6350361478645,-0.1488458999999991,-0.6819546,83.036606,144.629919,-119.008596,True,True,True
GAB,Gabon,Sub-Saharan Africa,2015,,591.21169798261,3.8788993950789,14383107762.6952,-0.338795188753406,4.24662276758396,1863120980.87031,100.0,73.9497814588281,-0.741064899999999,-0.6346841,,105.95364,56.7300300598145,,,,0,6.382174156282974,0.1801299948607457,18.012999486074577,0,12.953535575271156,1,4.605170185988092,-0.3242550526826209,4.038303701213437,-0.5163232399044198,,,,5.662049999999994,5.662049999999994,0.0,0,1,167.54695299999997,-119.008596,-0.661520976457453,13.615056551728609,-0.43606504599579043,4.31496444107469,-5.029252707016246,4.69045751826284,-38.341251373290994,95.0712814331055,0.42945244258429227,73.5203290162438,0.08973560000000003,-0.830800499999999,100.29159,161.884903,-119.008596,True,True,True
GAB,Gabon,Sub-Saharan Africa,2016,,592.605615063022,2.09144220829562,14023890265.3665,2.10670712784054,,789346604.519222,93.2,70.1333810645308,-0.689372299999999,-0.551562099999999,,98.67869,51.7810440063477,,,,0,6.384529110394983,0.0023549541120084,0.2354954112008478,0,5.628585147080036,1,4.534747721691546,-0.0704224642965458,3.947024136467521,-0.0912795647459154,,,,-7.27494999999999,0.0,-7.27494999999999,0,1,167.54695299999997,-126.28354599999999,-7.324950428191119,12.953535575271156,-1.7874571867832798,3.8788993950789,2.445502316593946,-0.338795188753406,-4.948986053466804,56.7300300598145,-3.816400394297304,73.9497814588281,0.05169259999999998,-0.741064899999999,105.95364,167.54695299999997,-119.008596,True,True,True
GAB,Gabon,Sub-Saharan Africa,2017,,580.656749587858,0.472642030911146,14929487485.1623,2.65192583143902,,965054219.212038,103.1,75.0687404456638,-0.870111499999999,-0.638817,,107.37731,60.8997650146484,,,,0,6.364159789817538,-0.0203693205774442,2.0369320577444228,0,6.464081370316021,1,4.635699391022914,0.1009516693313683,4.109229316164046,0.1622051796965249,,,,8.698619999999991,8.698619999999991,0.0,0,1,176.24557299999998,-126.28354599999999,0.8354962232359844,5.628585147080036,-1.618800177384474,2.09144220829562,0.5452187035984801,2.10670712784054,9.118721008300703,51.7810440063477,4.935359381133011,70.1333810645308,-0.1807392,-0.689372299999999,98.67869,167.54695299999997,-126.28354599999999,True,True,True
GAB,Gabon,Sub-Saharan Africa,2018,,555.446458398226,0.83791658082157,16867326401.9626,4.74906652083221,,1321051088.57443,116.2,77.0365976973024,-0.820118999999999,-0.7730817,,98.55291,73.8616180419922,,,,0,6.319772219912753,-0.044387569904785,4.43875699047851,0,7.832012359829112,1,4.755312844417811,0.1196134533948969,4.302193316062237,0.1929639998981906,,,,-8.824399999999997,0.0,-8.824399999999997,0,1,176.24557299999998,-135.10794599999997,1.3679309895130913,6.464081370316021,0.36527454991042396,0.472642030911146,2.09714068939319,2.65192583143902,12.9618530273438,60.8997650146484,1.9678572516385913,75.0687404456638,0.049992499999999995,-0.870111499999999,107.37731,176.24557299999998,-126.28354599999999,True,True,True
GAB,Gabon,Sub-Saharan Africa,2019,,585.911013180369,3.92080879452831,16874405465.391,2.46456756151187,,1371973832.67956,108.2,73.4280894486644,-0.8194499,-0.865841899999999,,90.94625,67.6236419677734,,,,0,6.373167923404921,0.0533957034921677,5.339570349216771,0,8.130501756008206,1,4.6839813664123815,-0.0713314780054297,4.213957655157586,-0.088235660904651,,,,-7.606659999999991,0.0,-7.606659999999991,0,1,176.24557299999998,-142.71460599999997,0.298489396179094,7.832012359829112,3.08289221370674,0.83791658082157,-2.28449895932034,4.74906652083221,-6.237976074218807,73.8616180419922,-3.608508248638003,77.0365976973024,0.0006690999999990899,-0.820118999999999,98.55291,176.24557299999998,-135.10794599999997,True,True,True
GAB,Gabon,Sub-Saharan Africa,2020,,575.586004510945,-1.8377610635094,15342236163.9943,1.35276110675333,,1386494674.6587,85.9,70.1140546463796,-0.8043948,-0.9315253,,77.2938,50.6007461547852,,,,0,6.355388660108408,-0.0177792632965125,1.7779263296512582,0,9.037109452874766,1,4.45318382899021,-0.2307975374221715,3.923966322326697,-0.2899913328308892,,,,-13.652450000000002,0.0,-13.652450000000002,0,1,176.24557299999998,-156.367056,0.9066076968665602,8.130501756008206,-5.75856985803771,3.92080879452831,-1.11180645475854,2.46456756151187,-17.022895812988196,67.6236419677734,-3.3140348022847945,73.4280894486644,0.015055099999999988,-0.8194499,90.94625,176.24557299999998,-142.71460599999997,True,True,True
GAB,Gabon,Sub-Saharan Africa,2021,,554.530675033104,1.46795731508091,19444935097.2333,1.0869074651941,,1304391855.46928,115.7,85.3483122054787,-0.8653289,-0.9165415,,82.07024,71.699951171875,,,,0,6.318122125428224,-0.0372665346801843,3.726653468018437,0,6.708131700860621,1,4.751000634199631,0.297816805209421,4.272490066599415,0.3485237442727187,,,,4.776439999999994,4.776439999999994,0.0,0,1,181.02201299999996,-156.367056,-2.3289777520141453,9.037109452874766,3.30571837859031,-1.8377610635094,-0.2658536415592301,1.35276110675333,21.0992050170898,50.6007461547852,15.234257559099106,70.1140546463796,-0.06093409999999999,-0.8043948,77.2938,176.24557299999998,-156.367056,True,True,True
GAB,Gabon,Sub-Saharan Africa,2022,,623.759700911182,3.03761449525692,20440655695.229,4.23124798274579,,1415483890.94364,135.3,92.0630888496921,-1.0035399,-1.0937103,,157.58319,85.4030838012695,,,,0,6.435765199507806,0.1176430740795817,11.764307407958174,0,6.924845817318984,1,4.907494535176743,0.1564939009771118,4.447382210227694,0.1748921436282788,,,,75.51295,75.51295,0.0,0,1,256.53496299999995,-156.367056,0.21671411645836347,6.708131700860621,1.56965718017601,1.46795731508091,3.14434051755169,1.0869074651941,13.703132629394503,71.699951171875,6.714776644213387,85.3483122054787,-0.13821100000000008,-0.8653289,82.07024,181.02201299999996,-156.367056,True,True,True
GAB,Gabon,Sub-Saharan Africa,2023,,606.569750165917,2.43893665041031,19388372070.9778,3.62901534185376,,1447408422.70298,116.1,91.4786533179144,-0.9748427,-1.07816429999999,,121.71125,75.480339050293,,,,0,6.407819726167182,-0.0279454733406234,2.7945473340623472,0,7.465342718843254,1,4.754451888703846,-0.1530426464728966,4.323872212412532,-0.1235099978151623,,,,-35.871939999999995,0.0,-35.871939999999995,0,1,256.53496299999995,-192.238996,0.5404969015242695,6.924845817318984,-0.5986778448466099,3.03761449525692,-0.6022326408920304,4.23124798274579,-9.922744750976506,85.4030838012695,-0.5844355317777001,92.0630888496921,0.02869720000000009,-1.0035399,157.58319,256.53496299999995,-156.367056,True,True,True
GAB,Gabon,Sub-Saharan Africa,2024,,606.345297609063,3.39403899521831,20895684425.6752,1.17311998381218,,638788434.429856,111.7,92.0468055146014,-0.936776899999999,-1.155705,,134.45274,73.9028854370117,,,,0,6.407449621830811,-0.0003701043363717,0.0370104336371746,0,3.0570352299394226,1,4.715816706075155,-0.038635182628691,4.302751872347688,-0.0211203400648436,,,,12.741489999999999,12.741489999999999,0.0,0,1,269.27645299999995,-192.238996,-4.408307488903832,7.465342718843254,0.955102344808,2.43893665041031,-2.45589535804158,3.62901534185376,-1.5774536132812926,75.480339050293,0.5681521966870093,91.4786533179144,0.03806580000000093,-0.9748427,121.71125,256.53496299999995,-192.238996,True,True,True
GHA,Ghana,Sub-Saharan Africa,2000,,0.544919175868766,3.70000008164408,4982850662.20851,40.240933123914,1.06719389754897,308900898.386218,,116.048430162968,-0.0109083,-0.1613038,,57.415283,113.825553894043,,,,0,-0.6071177964748246,,,0,6.199280679411457,0,,,4.73466704739871,,,,,,,,0,0,,,,,,,,,,,,,,,,,,True,True,True
GHA,Ghana,Sub-Saharan Africa,2001,,0.716305157808996,4.00000012807919,5314872854.4405,41.509496287803,1.21971784706324,375936405.544189,,110.045854160811,,,,168.82918,123.628547668457,,,,0,-0.3336490047608292,0.2734687917139953,27.346879171399536,0,7.0732906664004105,0,,,4.817281486545944,0.0826144391472336,,,,111.413897,111.413897,0.0,0,0,111.413897,0.0,0.8740099869889537,6.199280679411457,0.3000000464351098,3.70000008164408,1.2685631638890058,40.240933123914,9.802993774414006,113.825553894043,-6.002576002156999,116.048430162968,,-0.0109083,57.415283,,,True,True,True
GHA,Ghana,Sub-Saharan Africa,2002,,0.792417084313167,4.49999955900331,6166197847.85031,9.36093239560313,2.17027994747621,636059799.997825,,97.4892431746551,-0.3000833,-0.0673975,,156.04216,135.980712890625,,,,0,-0.2326674041766723,0.1009816005841569,10.09816005841569,0,10.31526745804258,0,,,4.912513058698375,0.0952315721524312,,,,-12.787020000000012,0.0,-12.787020000000012,0,0,111.413897,-12.787020000000012,3.24197679164217,7.0732906664004105,0.49999943092412025,4.00000012807919,-32.148563892199874,41.509496287803,12.352165222167997,123.628547668457,-12.556610986155903,110.045854160811,,,168.82918,111.413897,0.0,True,True,True
GHA,Ghana,Sub-Saharan Africa,2003,,0.866764326525345,5.200000133101,7632723555.66221,29.7729797160384,4.04866980793435,1470061309.67805,,97.2871457139532,-0.3194152,-0.1615689,,176.30156,129.839782714844,,,,0,-0.1429881655367682,0.0896792386399041,8.967923863990409,0,19.259983660583504,0,,,4.866301249720986,-0.0462118089773886,,,,20.2594,20.2594,0.0,0,0,131.673297,-12.787020000000012,8.944716202540924,10.31526745804258,0.7000005740976896,4.49999955900331,20.41204732043527,9.36093239560313,-6.140930175780994,135.980712890625,-0.20209746070190704,97.4892431746551,-0.019331900000000013,-0.3000833,156.04216,111.413897,-12.787020000000012,True,True,True
GHA,Ghana,Sub-Saharan Africa,2004,,0.899494854007063,5.59999999077445,8881417906.71432,18.0427388232565,3.73514236982432,1749729259.35718,,99.6703343472122,-0.3390642,-0.189166399999999,,129.39624,115.23949432373,,,,0,-0.1059219465561485,0.0370662189806196,3.706621898061967,0,19.701012583074053,0,,,4.747012522179366,-0.1192887275416199,,,,-46.90531999999999,0.0,-46.90531999999999,0,0,131.673297,-59.69234,0.44102892249054904,19.259983660583504,0.3999998576734507,5.200000133101,-11.7302408927819,29.7729797160384,-14.600288391114006,129.839782714844,2.38318863325901,97.2871457139532,-0.019648999999999972,-0.3194152,176.30156,131.673297,-12.787020000000012,True,True,True
GHA,Ghana,Sub-Saharan Africa,2005,,0.905209485833333,5.90000381855104,10744568381.4456,15.4389920155908,3.3229314583965,1897057040.26241,81.2,98.1715141146279,-0.4199254,-0.0514475,,101.538994,103.487586975098,,,,0,-0.0995888860097287,0.0063330605464197,0.6333060546419772,0,17.655963207776384,0,4.396915247167632,,4.639451672905184,-0.1075608492741819,,,,-27.857246000000004,0.0,-27.857246000000004,0,0,131.673297,-87.549586,-2.045049375297669,19.701012583074053,0.30000382777658974,5.59999999077445,-2.603746807665699,18.0427388232565,-11.751907348632002,115.23949432373,-1.4988202325843076,99.6703343472122,-0.08086120000000002,-0.3390642,129.39624,131.673297,-59.69234,True,True,True
GHA,Ghana,Sub-Saharan Africa,2006,,0.915106799166667,6.39991260618034,20885037596.6963,11.6791839392492,3.20805003973377,2268926566.51141,88.1,64.5190542439152,-0.1130597,0.2121295,,104.03535,98.2530517578125,,,,0,-0.0887145001171827,0.010874385892546,1.087438589254608,0,10.863885477851955,0,4.478472532942134,0.0815572857745019,4.587546311415202,-0.0519053614899824,,,,2.4963559999999916,2.4963559999999916,0.0,0,0,134.16965299999998,-87.549586,-6.792077729924429,17.655963207776384,0.4999087876293,5.90000381855104,-3.759808076341601,15.4389920155908,-5.234535217285497,103.487586975098,-33.65245987071269,98.1715141146279,0.3068657,-0.4199254,101.538994,131.673297,-87.549586,True,True,True
GHA,Ghana,Sub-Saharan Africa,2007,,0.932619195,4.34681910440079,24827339138.4906,10.7342665456292,2.53281170109432,2218311347.67966,94.0,65.3543222852532,-0.0943405,0.1996048,,93.73795,103.286666870117,,,,0,-0.0697583125765369,0.0189561875406457,1.8956187540645764,0,8.934954065377639,0,4.543294782270004,0.0648222493278698,4.6375082958698,0.0499619844545984,,,,-10.297399999999996,0.0,-10.297399999999996,0,0,134.16965299999998,-97.846986,-1.9289314124743164,10.863885477851955,-2.05309350177955,6.39991260618034,-0.944917393619999,11.6791839392492,5.033615112304503,98.2530517578125,0.8352680413379971,64.5190542439152,0.018719200000000005,-0.1130597,104.03535,134.16965299999998,-87.549586,True,True,True
GHA,Ghana,Sub-Saharan Africa,2008,,1.052275,9.14979893831817,28679383241.0729,16.494639613412,1.90391780434853,2014205287.49439,97.2,69.5142256111434,-0.0856728,0.0965169999999999,,81.196495,100.780380249023,,,,0,0.0509544869988086,0.1207127995753456,12.071279957534562,0,7.023182020908195,0,4.576770711466393,0.0334759291963893,4.612943696305694,-0.0245645995641066,,,,-12.541455,0.0,-12.541455,0,0,134.16965299999998,-110.388441,-1.9117720444694433,8.934954065377639,4.80297983391738,4.34681910440079,5.760373067782801,10.7342665456292,-2.506286621094006,103.286666870117,4.159903325890198,65.3543222852532,0.0086677,-0.0943405,93.73795,134.16965299999998,-97.846986,True,True,True
GHA,Ghana,Sub-Saharan Africa,2009,,1.40496666666667,4.84448705175076,26048720005.5233,19.2469482220857,3.78332230012958,3691822335.02409,110.6,71.5947385281523,-0.0172755,0.0402315,,83.10186,121.511878967285,,,,0,0.3400135777118661,0.2890590907130573,28.905909071305736,0,14.172759100029811,0,4.705920089088234,0.1291493776218413,4.800012027279565,0.1870683309738714,,,,1.9053650000000033,1.9053650000000033,0.0,0,0,136.075018,-110.388441,7.149577079121616,7.023182020908195,-4.30531188656741,9.14979893831817,2.7523086086736974,16.494639613412,20.731498718262003,100.780380249023,2.080512917008903,69.5142256111434,0.0683973,-0.0856728,81.196495,134.16965299999998,-110.388441,True,True,True
GHA,Ghana,Sub-Saharan Africa,2010,,1.42998333333333,7.89971194051621,32197655566.5347,10.7333898354915,4.25120343144955,5158151628.84547,117.3,75.3778157916824,0.0661022,0.0192559,,84.17017,117.086524963379,,,,0,0.3576627891922384,0.0176492114803723,1.764921148037235,0,16.02027084918165,0,4.76473475565943,0.0588146665711954,4.762913191082013,-0.0370988361975523,,,,1.0683099999999968,1.0683099999999968,0.0,0,0,137.143328,-110.388441,1.8475117491518382,14.172759100029811,3.0552248887654496,4.84448705175076,-8.513558386594198,19.2469482220857,-4.425354003905994,121.511878967285,3.783077263530089,71.5947385281523,0.0833777,-0.0172755,83.10186,136.075018,-110.388441,True,True,True
GHA,Ghana,Sub-Saharan Africa,2011,,1.520625,14.0471235803149,39336668080.559,8.7284593709302,3.41339545523001,5913600037.24248,116.1,86.2954538549695,0.0550802,0.1772023,,90.09539,105.658706665039,,,,0,0.4191214345556499,0.0614586453634115,6.145864536341151,0,15.033301816848857,0,4.754451888703846,-0.0102828669555838,4.660214151125943,-0.1026990399560698,,,,5.925219999999996,5.925219999999996,0.0,0,0,143.068548,-110.388441,-0.9869690323327927,16.02027084918165,6.1474116397986895,7.89971194051621,-2.0049304645613013,10.7333898354915,-11.42781829834,117.086524963379,10.9176380632871,75.3778157916824,-0.011021999999999997,0.0661022,84.17017,137.143328,-110.388441,True,True,True
GHA,Ghana,Sub-Saharan Africa,2012,,1.82486666666667,9.2927894063005,41271701060.954,11.1863409441067,2.89531175178269,5835098328.20187,112.5,93.1680351286831,-0.0180774,0.1657172,,81.475235,100.0,,,,0,0.601506925004761,0.182385490449111,18.238549044911107,0,14.138254974235345,0,4.722953221644475,-0.0314986670593713,4.605170185988092,-0.0550439651378509,,,,-8.620154999999997,0.0,-8.620154999999997,0,0,143.068548,-119.008596,-0.8950468426135121,15.033301816848857,-4.754334174014399,14.0471235803149,2.4578815731765005,8.7284593709302,-5.658706665039006,105.658706665039,6.872581273713607,86.2954538549695,-0.0731576,0.0550802,90.09539,143.068548,-110.388441,True,True,True
GHA,Ghana,Sub-Saharan Africa,2013,,1.98135,7.31252501678145,62845721959.827,11.6661923071729,2.778360872176,5587739126.3869,107.6,60.7593219028775,-0.0209075,0.2017795,,83.036606,101.716514587402,,,,0,0.6837784305558451,0.082271505551084,8.227150555108409,0,8.891200470190734,0,4.678420647727684,-0.0445325739167907,4.622189675194965,0.0170194892068735,,,,1.5613710000000083,1.5613710000000083,0.0,0,0,144.629919,-119.008596,-5.247054504044611,14.138254974235345,-1.98026438951905,9.2927894063005,0.47985136306619935,11.1863409441067,1.7165145874020027,100.0,-32.4087132258056,93.1680351286831,-0.0028300999999999986,-0.0180774,81.475235,143.068548,-119.008596,True,True,True
GHA,Ghana,Sub-Saharan Africa,2014,,2.896575,2.85624016330883,54678533805.9064,15.4896160333318,3.16791053807695,5563709271.19552,107.1,63.8365624430783,-0.1952286,0.1435263,,100.29159,105.178886413574,,,,0,1.063529004538839,0.3797505739829939,37.97505739829939,0,10.175308085153018,0,4.673762977453703,-0.0046576702739811,4.65566258067003,0.0334729054750644,,,,17.254983999999993,17.254983999999993,0.0,0,0,161.884903,-119.008596,1.2841076149622843,8.891200470190734,-4.45628485347262,7.31252501678145,3.8234237261589,11.6661923071729,3.462371826172003,101.716514587402,3.0772405402007976,60.7593219028775,-0.1743211,-0.0209075,83.036606,144.629919,-119.008596,True,True,True
GHA,Ghana,Sub-Saharan Africa,2015,,3.71464166666667,2.12075933817334,49436806230.4839,17.1499695007878,3.09310285341031,5742645886.29529,100.0,76.5212709243242,-0.2762732,0.2011809,,105.95364,85.372184753418,,,,0,1.3122822177077824,0.2487532131689434,24.87532131689434,0,11.616134463707,0,4.605170185988092,-0.068592791465611,4.44702034227749,-0.2086422383925397,,,,5.662049999999994,5.662049999999994,0.0,0,0,167.54695299999997,-119.008596,1.4408263785539823,10.175308085153018,-0.7354808251354901,2.85624016330883,1.6603534674560017,15.4896160333318,-19.80670166015601,105.178886413574,12.684708481245899,63.8365624430783,-0.0810446,-0.1952286,100.29159,161.884903,-119.008596,True,True,True
GHA,Ghana,Sub-Saharan Africa,2016,,3.90981666666667,3.37346574966936,56144179397.8516,17.4546347070868,3.20054453410844,5866729596.16504,100.7,67.8769994445865,-0.246555599999999,0.2040096,,98.67869,79.3624649047852,,,,0,1.363490484577438,0.0512082668696556,5.120826686965563,0,10.449399490892793,0,4.612145799724517,0.0069756137364249,4.374025522282392,-0.072994819995098,,,,-7.27494999999999,0.0,-7.27494999999999,0,0,167.54695299999997,-126.28354599999999,-1.1667349728142078,11.616134463707,1.2527064114960198,2.12075933817334,0.3046652062989992,17.1499695007878,-6.009719848632798,85.372184753418,-8.644271479737696,76.5212709243242,0.02971760000000101,-0.2762732,105.95364,167.54695299999997,-119.008596,True,True,True
GHA,Ghana,Sub-Saharan Africa,2017,,4.35053333333333,8.12889488100956,60385409434.8567,12.3719215507048,3.34414965865392,7015187159.64987,94.8,70.5483652904116,-0.2759026,0.2800282,,107.37731,79.2997207641602,,,,0,1.4702984429491532,0.1068079583717152,10.68079583717152,0,11.61735463136637,0,4.551769409260976,-0.0603763904635403,4.373234607375589,-0.000790914906803,,,,8.698619999999991,8.698619999999991,0.0,0,0,176.24557299999998,-126.28354599999999,1.1679551404735768,10.449399490892793,4.7554291313401995,3.37346574966936,-5.082713156382001,17.4546347070868,-0.062744140625,79.3624649047852,2.6713658458250933,67.8769994445865,-0.02934700000000101,-0.246555599999999,98.67869,167.54695299999997,-126.28354599999999,True,True,True
GHA,Ghana,Sub-Saharan Africa,2018,,4.585325,6.20007768127284,67259353965.6087,7.80876516610703,2.72301591901143,6294851564.02725,99.4,67.9585174644902,-0.140224799999999,0.1999325,,98.55291,88.646240234375,,,,0,1.5228609865114828,0.0525625435623295,5.256254356232959,0,9.359072296837637,0,4.599152113662528,0.047382704401552,4.484653620277062,0.1114190129014733,,,,-8.824399999999997,0.0,-8.824399999999997,0,0,176.24557299999998,-135.10794599999997,-2.258282334528733,11.61735463136637,-1.9288171997367192,8.12889488100956,-4.56315638459777,12.3719215507048,9.346519470214801,79.2997207641602,-2.589847825921396,70.5483652904116,0.135677800000001,-0.2759026,107.37731,176.24557299999998,-126.28354599999999,True,True,True
GHA,Ghana,Sub-Saharan Africa,2019,,5.21736666666667,6.5077747939152,68352629246.1555,7.14364003330857,2.89562482242713,7563210340.92838,99.9,76.824802732152,-0.0994456,0.1177125,,90.94625,85.9167785644531,,,,0,1.651992804619525,0.129131818108042,12.913181810804208,0,11.064988171400552,0,4.604169685654508,0.0050175719919796,4.453379136627178,-0.0312744836498843,,,,-7.606659999999991,0.0,-7.606659999999991,0,0,176.24557299999998,-142.71460599999997,1.7059158745629155,9.359072296837637,0.30769711264235955,6.20007768127284,-0.66512513279846,7.80876516610703,-2.7294616699219034,88.646240234375,8.866285267661794,67.9585174644902,0.040779199999999016,-0.140224799999999,98.55291,176.24557299999998,-135.10794599999997,True,True,True
GHA,Ghana,Sub-Saharan Africa,2020,,5.59570833333333,0.513941670628171,70008243859.8666,9.88728956269944,3.29851075387678,7884091538.70727,99.4,66.5754987162431,-0.0922532,0.1110047,,77.2938,75.6012725830078,,,,0,1.721999934882604,0.0700071302630791,7.000713026307914,0,11.261661633005136,0,4.599152113662528,-0.0050175719919796,4.325473116152381,-0.1279060204747972,,,,-13.652450000000002,0.0,-13.652450000000002,0,0,176.24557299999998,-156.367056,0.19667346160458443,11.064988171400552,-5.993833123287029,6.5077747939152,2.7436495293908703,7.14364003330857,-10.315505981445298,85.9167785644531,-10.24930401590889,76.824802732152,0.007192400000000002,-0.0994456,90.94625,176.24557299999998,-142.71460599999997,True,True,True
GHA,Ghana,Sub-Saharan Africa,2021,,5.8057,5.07646643533542,79514204730.3979,9.9710886750444,3.91994487404489,9916916899.67781,108.7,62.7078309128346,-0.1554389,0.0415219,,82.07024,87.376350402832,,,,0,1.7588401935819644,0.0368402586993603,3.684025869936036,0,12.47188088380216,0,4.688591794127164,0.0894396804646353,4.470224655688701,0.1447515395363199,,,,4.776439999999994,4.776439999999994,0.0,0,0,181.02201299999996,-156.367056,1.2102192507970244,11.261661633005136,4.562524764707249,0.513941670628171,0.08379911234496085,9.88728956269944,11.775077819824205,75.6012725830078,-3.8676678034085015,66.5754987162431,-0.0631857,-0.0922532,77.2938,176.24557299999998,-156.367056,True,True,True
GHA,Ghana,Sub-Saharan Africa,2022,,8.2724,3.80484978178042,73919003212.1998,31.2558951049016,1.96715452699178,5205457212.278,110.8,70.1154557937915,-0.0967234999999999,0.0021348,,157.58319,91.9088287353516,,,,0,2.112924672496384,0.3540844789144195,35.40844789144195,0,7.042109587618028,0,4.707726774313183,0.0191349801860196,4.520797093684766,0.050572437996065,,,,75.51295,75.51295,0.0,0,0,256.53496299999995,-156.367056,-5.429771296184133,12.47188088380216,-1.2716166535550002,5.07646643533542,21.2848064298572,9.9710886750444,4.532478332519602,87.376350402832,7.407624880956895,62.7078309128346,0.058715400000000084,-0.1554389,82.07024,181.02201299999996,-156.367056,True,True,True
GHA,Ghana,Sub-Saharan Africa,2023,,11.0204083333333,3.14009100080186,80547146875.9526,38.1069656296501,1.44787783771813,3623904994.58702,118.7,64.3878615301086,-0.1303327,-0.0029916,,121.71125,90.8166198730469,,,,0,2.399748856879789,0.2868241843834052,28.68241843834052,0,4.499110316307105,0,4.776599301615622,0.0688725273024388,4.508842307107206,-0.0119547865775597,,,,-35.871939999999995,0.0,-35.871939999999995,0,0,256.53496299999995,-192.238996,-2.542999271310923,7.042109587618028,-0.66475878097856,3.80484978178042,6.851070524748497,31.2558951049016,-1.0922088623047017,91.9088287353516,-5.727594263682903,70.1154557937915,-0.03360920000000009,-0.0967234999999999,157.58319,256.53496299999995,-156.367056,True,True,True
GHA,Ghana,Sub-Saharan Africa,2024,,14.1819416666667,5.84746854280382,83288585604.0268,22.8483281157842,1.6387674511702,4472457558.56406,148.8,68.9668717609486,-0.1934794,0.0539695,,134.45274,106.640441894531,,,,0,2.6519694416782182,0.2522205847984291,25.222058479842914,0,5.36983252402335,0,5.002603122398992,0.2260038207833696,4.669462819659045,0.1606205125518389,,,,12.741489999999999,12.741489999999999,0.0,0,0,269.27645299999995,-192.238996,0.8707222077162449,4.499110316307105,2.70737754200196,3.14009100080186,-15.2586375138659,38.1069656296501,15.82382202148409,90.8166198730469,4.579010230840012,64.3878615301086,-0.0631467,-0.1303327,121.71125,256.53496299999995,-192.238996,True,True,True
IDN,Indonesia,Asia-Pacific,2000,286.0,8421.775,4.9200677470169,165021012077.81,3.68862037056682,5.26483607241346,29352929561.4768,,71.4368759173731,-1.0799309,-0.9501841,0.049226064,57.415283,81.1126098632813,,,,0,9.038575892620525,,,0,17.787389128141108,0,,,4.395838434401988,,5.659482215759621,1.0,0.0,,,,1,1,,,,,,,,,,,,,,,,,,True,True,True
IDN,Indonesia,Asia-Pacific,2001,278.0,10260.85,3.64346644721492,160446947784.909,11.5001160550887,5.66905378340598,28103636180.3382,,69.7932075256238,,,0.08832517,168.82918,80.1480026245117,,,,0,9.23609096129712,0.197515068676596,19.751506867659607,0,17.515843441293256,0,,,4.383874958277315,-0.0119634761246727,5.631211781821365,1.0,0.0,111.413897,111.413897,0.0,1,1,111.413897,0.0,-0.2715456868478512,17.787389128141108,-1.2766012998019804,4.9200677470169,7.81149568452188,3.68862037056682,-0.9646072387696023,81.1126098632813,-1.6436683917493013,71.4368759173731,,-1.0799309,57.415283,,,True,True,True
IDN,Indonesia,Asia-Pacific,2002,466.0,9311.19166666667,4.49947539085764,195660611165.183,11.9001200338414,6.2952679657633,32033585247.4441,,59.0794617663723,-1.34073739999999,-1.1356188,0.123823844,156.04216,79.244010925293,,,,0,9.138972360647845,-0.0971186006492761,9.711860064927611,0,16.37201532627347,0,,,4.372531837981096,-0.0113431202962193,6.1463292576688975,1.0,0.0,-12.787020000000012,0.0,-12.787020000000012,1,1,111.413897,-12.787020000000012,-1.1438281150197867,17.515843441293256,0.8560089436427201,3.64346644721492,0.4000039787527001,11.5001160550887,-0.9039916992187074,80.1480026245117,-10.713745759251502,69.7932075256238,,,168.82918,111.413897,0.0,True,True,True
IDN,Indonesia,Asia-Pacific,2003,868.0,8577.13333333334,4.78036912167654,234772463823.808,6.75731256333564,6.7749044109302,36256203641.5962,,53.6164937473016,-1.2216426,-0.935414899999999,0.12254238,176.30156,85.416862487793,,,,0,9.056855026320603,-0.0821173343272381,8.211733432723811,0,15.44312439844127,0,,,4.447543534321896,0.0750116963408,6.767343125265392,1.0,0.0,20.2594,20.2594,0.0,1,1,131.673297,-12.787020000000012,-0.9288909278321995,16.37201532627347,0.28089373081890034,4.49947539085764,-5.14280747050576,11.9001200338414,6.1728515625,79.244010925293,-5.462968019070701,59.0794617663723,0.11909479999999006,-1.34073739999999,156.04216,111.413897,-12.787020000000012,True,True,True
IDN,Indonesia,Asia-Pacific,2004,935.0,8938.85,5.03087394501685,256836875295.452,6.06406189133648,5.420563210953,36310733909.3168,,59.761294836691,-1.1642347,-0.769980799999999,0.09204475,129.39624,91.0695877075195,,,,0,9.098162224546568,0.0413071982259634,4.13071982259634,0,14.137663786614285,0,,,4.511623914365345,0.0640803800434497,6.841615476477592,1.0,0.0,-46.90531999999999,0.0,-46.90531999999999,1,1,131.673297,-59.69234,-1.3054606118269856,15.44312439844127,0.25050482334031,4.78036912167654,-0.6932506719991602,6.75731256333564,5.652725219726506,85.416862487793,6.144801089389404,53.6164937473016,0.05740790000000007,-1.2216426,176.30156,131.673297,-12.787020000000012,True,True,True
IDN,Indonesia,Asia-Pacific,2005,213.0,9704.74166666666,5.69257130383384,285868619196.085,10.4532001873347,4.10478485517762,34730799049.2525,101.4,63.9879358688635,-1.1351666,-0.765255999999999,0.08675057,101.538994,94.5820541381836,,,,0,9.180369876667342,0.0822076521207737,8.220765212077374,0,12.14921705884398,0,4.619073091157083,,4.549467755505828,0.0378438411404822,5.365976015021851,1.0,0.0,-27.857246000000004,0.0,-27.857246000000004,1,1,131.673297,-87.549586,-1.9884467277703042,14.137663786614285,0.6616973588169897,5.03087394501685,4.38913829599822,6.06406189133648,3.512466430664091,91.0695877075195,4.226641032172502,59.761294836691,0.02906809999999993,-1.1642347,129.39624,131.673297,-59.69234,True,True,True
IDN,Indonesia,Asia-Pacific,2006,,9159.31666666667,5.50095178520348,364570515618.357,13.108670985346,4.91547534687069,42597040281.5939,102.1,56.6571268148867,-0.896932499999999,-0.6506633,0.06395321,104.03535,98.0338287353516,,,,0,9.1225268551766,-0.0578430214907417,5.784302149074172,0,11.684170402355225,0,4.625952725170619,0.0068796340135364,4.585312610282862,0.035844854777034,,,,2.4963559999999916,2.4963559999999916,0.0,1,1,134.16965299999998,-87.549586,-0.46504665648875587,12.14921705884398,-0.1916195186303602,5.69257130383384,2.655470798011301,10.4532001873347,3.4517745971680114,94.5820541381836,-7.3308090539768,63.9879358688635,0.238234100000001,-1.1351666,101.538994,131.673297,-87.549586,True,True,True
IDN,Indonesia,Asia-Pacific,2007,,9141.0,6.34502222667214,432216737774.861,6.40656087966005,5.67712529732221,56935744023.296,104.5,54.8292499782075,-0.703207999999999,-0.626456999999999,0.04392685,93.73795,103.480667114258,,,,0,9.12052506765382,-0.0020017875227811,0.2001787522781128,0,13.172961398120002,0,4.6491870714048655,0.0232343462342461,4.639384804091192,0.0540721938083299,,,,-10.297399999999996,0.0,-10.297399999999996,1,1,134.16965299999998,-97.846986,1.4887909957647771,11.684170402355225,0.8440704414686602,5.50095178520348,-6.70211010568595,13.108670985346,5.446838378906392,98.0338287353516,-1.8278768366792022,56.6571268148867,0.19372450000000008,-0.896932499999999,104.03535,134.16965299999998,-87.549586,True,True,True
IDN,Indonesia,Asia-Pacific,2008,,9698.9625,6.01370360009123,510228634992.258,10.2266663272483,4.00096264531685,51640625721.3198,106.8,58.5613996312961,-0.5325944,-0.5772889,0.041478325,81.196495,107.753242492676,,,,0,9.179774200008092,0.0592491323542727,5.924913235427276,0,10.121075568818943,0,4.670957926526095,0.021770855121229,4.6798438212705324,0.0404590171793408,,,,-12.541455,0.0,-12.541455,1,1,134.16965299999998,-110.388441,-3.0518858293010585,13.172961398120002,-0.33131862658091027,6.34502222667214,3.820105447588249,6.40656087966005,4.272575378417997,103.480667114258,3.732149653088598,54.8292499782075,0.17061359999999892,-0.703207999999999,93.73795,134.16965299999998,-97.846986,True,True,True
IDN,Indonesia,Asia-Pacific,2009,,10389.9375,4.62887118256153,539580085612.401,4.38641311792074,6.54684575689915,66118917968.1398,97.9,45.5121213687054,-0.6204124,-0.5530581,0.04596439,83.10186,95.3442611694336,,,,0,9.248593068675758,0.068818868667666,6.881886866766607,0,12.253772837649777,0,4.583946549536464,-0.0870113769896301,4.557494143233897,-0.1223496780366355,,,,1.9053650000000033,1.9053650000000033,0.0,1,1,136.075018,-110.388441,2.1326972688308334,10.121075568818943,-1.3848324175297,6.01370360009123,-5.840253209327559,10.2266663272483,-12.4089813232424,107.753242492676,-13.049278262590697,58.5613996312961,-0.08781799999999995,-0.5325944,81.196495,134.16965299999998,-110.388441,True,True,True
IDN,Indonesia,Asia-Pacific,2010,,9090.43333333333,6.22385418062366,755094157621.936,5.13420639015885,6.86991432991074,96210980584.0428,108.3,46.7012738758737,-0.663338299999999,-0.6518311,0.033126105,84.17017,104.385322570801,,,,0,9.114977857469087,-0.1336152112066706,13.361521120667064,0,12.741587206428122,0,4.684905154006945,0.1009586044704802,4.648089077162774,0.0905949339288767,,,,1.0683099999999968,1.0683099999999968,0.0,1,1,137.143328,-110.388441,0.48781436877834494,12.253772837649777,1.5949829980621306,4.62887118256153,0.74779327223811,4.38641311792074,9.0410614013674,95.3442611694336,1.189152507168302,45.5121213687054,-0.04292589999999907,-0.6204124,83.10186,136.075018,-110.388441,True,True,True
IDN,Indonesia,Asia-Pacific,2011,,8770.43333333333,6.16978420771008,892969104563.171,5.35604849112582,6.05969044940623,110136597662.435,111.7,50.1800131841104,-0.6451671,-0.285231299999999,0.0342506,90.09539,108.945816040039,,,,0,9.079141495015945,-0.0358363624531445,3.583636245314459,0,12.333752321286903,0,4.715816706075155,0.0309115520682103,4.690850658083603,0.0427615809208292,,,,5.925219999999996,5.925219999999996,0.0,1,1,143.068548,-110.388441,-0.40783488514121835,12.741587206428122,-0.05406997291358007,6.22385418062366,0.22184210096697043,5.13420639015885,4.560493469238011,104.385322570801,3.4787393082366975,46.7012738758737,0.018171199999999055,-0.663338299999999,84.17017,137.143328,-110.388441,True,True,True
IDN,Indonesia,Asia-Pacific,2012,,9386.62916666667,6.03005065305615,917869913332.649,4.2795142691943,5.58937942738163,112797627833.066,102.8,49.5828982992627,-0.772433599999999,-0.3852324,0.02131285,81.475235,100.0,,,,0,9.14704152656748,0.0679000315515381,6.790003155153812,0,12.289064735057565,0,4.632785353021065,-0.08303135305409,4.605170185988092,-0.0856804720955111,,,,-8.620154999999997,0.0,-8.620154999999997,1,1,143.068548,-119.008596,-0.04468758622933855,12.333752321286903,-0.13973355465393045,6.16978420771008,-1.0765342219315208,5.35604849112582,-8.945816040039006,108.945816040039,-0.5971148848476986,50.1800131841104,-0.12726649999999906,-0.6451671,90.09539,143.068548,-110.388441,True,True,True
IDN,Indonesia,Asia-Pacific,2013,,10461.24,5.5572636889101,912524136718.018,6.41249457900391,4.95031846769598,99386826239.0833,100.0,48.6373726752893,-0.727894399999999,-0.419998,0.015832543,83.036606,96.4574890136719,,,,0,9.255432277437915,0.108390750870436,10.839075087043604,0,10.891418894029227,0,4.605170185988092,-0.0276151670329731,4.569102382928086,-0.0360678030600061,,,,1.5613710000000083,1.5613710000000083,0.0,1,1,144.629919,-119.008596,-1.3976458410283374,12.289064735057565,-0.47278696414604937,6.03005065305615,2.1329803098096107,4.2795142691943,-3.5425109863280966,100.0,-0.9455256239734027,49.5828982992627,0.0445392,-0.772433599999999,81.475235,143.068548,-119.008596,True,True,True
IDN,Indonesia,Asia-Pacific,2014,,11865.2112962963,5.006668425755,890814755533.537,6.39492882396559,5.74432339947261,111862594561.997,100.8,48.0801755855227,-0.7150247,-0.338428,0.031659987,100.29159,94.2955169677734,,,,0,9.381365977080138,0.1259336996422213,12.593369964222134,0,12.557335166164703,0,4.613138355637268,0.0079681696491764,4.546433648400898,-0.0226687345271878,,,,17.254983999999993,17.254983999999993,0.0,1,1,161.884903,-119.008596,1.665916272135476,10.891418894029227,-0.5505952631551008,5.5572636889101,-0.01756575503832014,6.41249457900391,-2.1619720458985086,96.4574890136719,-0.5571970897665963,48.6373726752893,0.012869699999999096,-0.727894399999999,83.036606,144.629919,-119.008596,True,True,True
IDN,Indonesia,Asia-Pacific,2015,,13389.4129365079,4.87632230022123,860854232686.214,6.36312061196646,6.44616105766404,105928847088.719,100.0,41.9376402415294,-0.5229666,-0.3812221,0.019367417,105.95364,94.7362213134766,,,,0,9.502219594296726,0.1208536172165875,12.08536172165875,0,12.305085235879954,0,4.605170185988092,-0.0079681696491764,4.551096411894155,0.0046627634932567,,,,5.662049999999994,5.662049999999994,0.0,1,1,167.54695299999997,-119.008596,-0.2522499302847496,12.557335166164703,-0.13034612553376945,5.006668425755,-0.03180821199913009,6.39492882396559,0.44070434570321027,94.2955169677734,-6.142535343993302,48.0801755855227,0.1920581,-0.7150247,100.29159,161.884903,-119.008596,True,True,True
IDN,Indonesia,Asia-Pacific,2016,,13308.3268020542,5.03306918280177,931877364037.698,3.52580452815451,7.22588805609531,116369601851.059,105.1,37.4213418023318,-0.482257599999999,-0.321809499999999,0.037597593,98.67869,98.6971664428711,,,,0,9.49614519364886,-0.006074400647865,0.6074400647865019,0,12.487651953133115,0,4.6549122778829055,0.0497420918948137,4.59205623724183,0.0409598253476755,,,,-7.27494999999999,0.0,-7.27494999999999,1,1,167.54695299999997,-126.28354599999999,0.18256671725316131,12.305085235879954,0.15674688258054026,4.87632230022123,-2.83731608381195,6.36312061196646,3.9609451293944886,94.7362213134766,-4.516298439197598,41.9376402415294,0.04070900000000094,-0.5229666,105.95364,167.54695299999997,-119.008596,True,True,True
IDN,Indonesia,Asia-Pacific,2017,,13380.8338788891,5.06978590134916,1015618744159.73,3.80879857691949,7.08716242011101,130215330382.957,108.1,39.3554970704606,-0.3767695,-0.3165999,0.03619231,107.37731,101.530815124512,,,,0,9.501578654527163,0.0054334608783026,0.5433460878302654,0,12.82128073470034,0,4.683056724645162,0.0281444467622566,4.620362349691344,0.0283061124495143,,,,8.698619999999991,8.698619999999991,0.0,1,1,176.24557299999998,-126.28354599999999,0.3336287815672243,12.487651953133115,0.03671671854738978,5.03306918280177,0.28299404876498,3.52580452815451,2.833648681640909,98.6971664428711,1.934155268128798,37.4213418023318,0.10548809999999903,-0.482257599999999,98.67869,167.54695299999997,-126.28354599999999,True,True,True
IDN,Indonesia,Asia-Pacific,2018,28.0,14236.9387734818,5.17429153955024,1042271532988.63,3.19834755924996,5.59560758848402,120660974090.95,103.7,43.0743089552002,-0.338129499999999,-0.2197187,0.031972926,98.55291,98.7043991088867,,,,0,9.563595188083449,0.0620165335562834,6.201653355628345,0,11.576731232883656,0,4.641502115235482,-0.0415546094096805,4.592129515951638,-0.0282328337397066,3.367295829986474,1.0,0.0,-8.824399999999997,0.0,-8.824399999999997,1,1,176.24557299999998,-135.10794599999997,-1.2445495018166834,12.82128073470034,0.10450563820108005,5.06978590134916,-0.6104510176695297,3.80879857691949,-2.8264160156252984,101.530815124512,3.7188118847396012,39.3554970704606,0.03864000000000101,-0.3767695,107.37731,176.24557299999998,-126.28354599999999,True,True,True
IDN,Indonesia,Asia-Pacific,2019,34.0,14147.6713605454,5.01928768046282,1119099871350.2,3.03058460941661,6.31777434419502,129186464020.188,98.5,37.6277775357108,-0.427850399999999,-0.1919729,0.03615004,90.94625,91.8250503540039,,,,0,9.557305321369222,-0.0062898667142246,0.6289866714224601,0,11.543783296509886,0,4.590056548178043,-0.0514455670574385,4.519885140074804,-0.072244375876834,3.555348061489413,1.0,0.0,-7.606659999999991,0.0,-7.606659999999991,1,1,176.24557299999998,-142.71460599999997,-0.03294793637376969,11.576731232883656,-0.15500385908742054,5.17429153955024,-0.16776294983335038,3.19834755924996,-6.879348754882798,98.7043991088867,-5.4465314194894034,43.0743089552002,-0.08972090000000005,-0.338129499999999,98.55291,176.24557299999998,-135.10794599999997,True,True,True
IDN,Indonesia,Asia-Pacific,2020,31.0,14582.2034678177,-2.06551182934165,1059054842698.48,1.91983527270793,8.40697484639797,135915917616.263,102.2,32.9721754002427,-0.3456603,-0.1479773,0.023627788,77.2938,95.27001953125,,,,0,9.587557123623691,0.0302518022544688,3.0251802254468885,0,12.833699647692294,0,4.626931677769604,0.0368751295915608,4.556715170728114,0.0368300306533102,3.4657359027997265,1.0,0.0,-13.652450000000002,0.0,-13.652450000000002,1,1,176.24557299999998,-156.367056,1.2899163511824074,11.543783296509886,-7.084799509804469,5.01928768046282,-1.1107493367086798,3.03058460941661,3.4449691772460938,91.8250503540039,-4.655602135468101,37.6277775357108,0.08219009999999904,-0.427850399999999,90.94625,176.24557299999998,-142.71460599999997,True,True,True
IDN,Indonesia,Asia-Pacific,2021,51.0,14308.1439011897,3.70288562827751,1186509691086.73,1.56007882983334,6.78517585393017,144907809744.209,115.0,40.2047582749671,-0.416213499999999,-0.1436778,0.02359748,82.07024,114.630500793457,,,,0,9.568584157722078,-0.0189729659016126,1.897296590161268,0,12.212947844655805,0,4.74493212836325,0.1180004505936462,4.741713918899169,0.1849987481710551,3.951243718581428,1.0,0.0,4.776439999999994,4.776439999999994,0.0,1,1,181.02201299999996,-156.367056,-0.6207518030364891,12.833699647692294,5.768397457619161,-2.06551182934165,-0.3597564428745901,1.91983527270793,19.360481262207003,95.27001953125,7.2325828747244,32.9721754002427,-0.07055319999999904,-0.3456603,77.2938,176.24557299999998,-156.367056,True,True,True
IDN,Indonesia,Asia-Pacific,2022,46.0,14849.8539362105,5.30719722664799,1319101183380.15,4.20946463714784,5.21322077470096,137222356128.227,125.1,45.4646701959453,-0.3702139,-0.1291182,0.09348709,157.58319,129.732864379883,,,,0,9.60574530823705,0.0371611505149722,3.7161150514972254,0,10.402716475213795,0,4.829113417472866,0.0841812891096154,4.865477446888104,0.1237635279889346,3.8501476017100575,1.0,0.0,75.51295,75.51295,0.0,1,1,256.53496299999995,-156.367056,-1.8102313694420094,12.212947844655805,1.6043115983704794,3.70288562827751,2.6493858073145002,1.56007882983334,15.102363586426009,114.630500793457,5.259911920978205,40.2047582749671,0.04599959999999903,-0.416213499999999,82.07024,181.02201299999996,-156.367056,True,True,True
IDN,Indonesia,Asia-Pacific,2023,59.0,15236.8846620506,5.04883117855516,1371166925749.88,3.66938654859761,5.72806559441344,146358992701.848,108.4,41.4604765447233,-0.4431661,-0.0817572,0.080162995,121.71125,107.085105895996,,,,0,9.63147438984371,0.0257290816066593,2.572908160665932,0,10.674046314368724,0,4.685828089005546,-0.1432853284673196,4.673623900518678,-0.1918535463694253,4.0943445622221,1.0,0.0,-35.871939999999995,0.0,-35.871939999999995,1,1,256.53496299999995,-192.238996,0.27132983915492837,10.402716475213795,-0.2583660480928298,5.30719722664799,-0.5400780885502301,4.20946463714784,-22.647758483887017,129.732864379883,-4.004193651222003,45.4646701959453,-0.07295220000000002,-0.3702139,157.58319,256.53496299999995,-156.367056,True,True,True
IDN,Indonesia,Asia-Pacific,2024,57.0,15855.4482866711,5.03257477088519,1396301788461.69,2.18151273615189,5.72012468838059,155708275547.574,110.2,42.809937870822,-0.5446152,-0.206598099999999,0.05411308,134.45274,106.39151763916,,,,0,9.671268460724182,0.0397940708804718,3.979407088047182,0,11.151477197427234,0,4.702296896718814,0.0164688077132684,4.667125852293156,-0.0064980482255228,4.060443010546419,1.0,0.0,12.741489999999999,12.741489999999999,0.0,1,1,269.27645299999995,-192.238996,0.4774308830585099,10.674046314368724,-0.016256407669970052,5.04883117855516,-1.48787381244572,3.66938654859761,-0.6935882568359943,107.085105895996,1.349461326098698,41.4604765447233,-0.10144909999999996,-0.4431661,121.71125,256.53496299999995,-192.238996,True,True,True
IRQ,Iraq,MENA,2000,53.0,2002.40340735354,16.7961344439661,48364250943.9051,4.97896213183731,,6744700000.0,,125.336595640904,-1.6268569,-1.53491169999999,,57.415283,39.4706802368164,,,,0,7.602103441750925,,,0,13.945631056754683,0,,,3.675558123800795,,3.9889840465642745,1.0,0.0,,,,0,1,,,,,,,,,,,,,,,,,,True,True,True
IRQ,Iraq,MENA,2001,36.0,2002.40491037037,1.76660876568174,36176430128.8057,16.3740814963262,,6744700000.0,,126.780255976775,,,,168.82918,35.357177734375,,,,0,7.602104192357052,7.506061265871722e-07,7.506061265871722e-05,0,18.643907030034708,0,,,3.565501419379713,-0.110056704421082,3.610917912644224,1.0,0.0,111.413897,111.413897,0.0,0,1,111.413897,0.0,4.698275973280024,13.945631056754683,-15.02952567828436,16.7961344439661,11.395119364488888,4.97896213183731,-4.113502502441399,39.4706802368164,1.4436603358710016,125.336595640904,,-1.6268569,57.415283,,,True,True,True
IRQ,Iraq,MENA,2002,26.0,2002.37270286683,-8.20370481187175,32928454672.4246,19.316694601979,,6744700000.0,,119.762047746987,-1.6165482,-1.73946619999999,,156.04216,36.6806106567383,,,,0,7.602088107816709,-1.6084540342298226e-05,0.0016084540342298,0,20.48289258362385,0,,,3.6022482954704667,0.0367468760907536,3.295836866004329,1.0,0.0,-12.787020000000012,0.0,-12.787020000000012,0,1,111.413897,-12.787020000000012,1.8389855535891435,18.643907030034708,-9.97031357755349,1.76660876568174,2.9426131056528,16.3740814963262,1.3234329223633026,35.357177734375,-7.0182082297880015,126.780255976775,,,168.82918,111.413897,0.0,True,True,True
IRQ,Iraq,MENA,2003,7927.0,,-36.6567804383165,21921569478.8163,33.6162105992383,,6744700000.0,,154.234525288266,-0.957683499999999,-1.66858479999999,,176.30156,40.9703521728516,,,,0,,,,0,30.76741383192329,0,,,3.712848687393244,0.1106003919227771,8.978156076009824,1.0,1.0,20.2594,20.2594,0.0,0,1,131.673297,-12.787020000000012,10.284521248299438,20.48289258362385,-28.45307562644475,-8.20370481187175,14.299515997259302,19.316694601979,4.2897415161132955,36.6806106567383,34.47247754127902,119.762047746987,0.658864700000001,-1.6165482,156.04216,111.413897,-12.787020000000012,True,True,True
IRQ,Iraq,MENA,2004,4095.0,1453.41666666667,53.3855472887501,36633669269.3981,26.9619068193271,,7906697188.07561,,120.233977121676,-1.1573744,-1.7565568,,129.39624,49.4603614807129,,,,0,7.281672385480671,,,0,21.583142900404088,0,,,3.901171570613124,0.1883228832198797,8.317766166719343,1.0,1.0,-46.90531999999999,0.0,-46.90531999999999,0,1,131.673297,-59.69234,-9.184270931519201,30.76741383192329,90.0423277270666,-36.6567804383165,-6.654303779911199,33.6162105992383,8.4900093078613,40.9703521728516,-34.00054816659001,154.234525288266,-0.1996909000000009,-0.957683499999999,176.30156,131.673297,-12.787020000000012,True,True,True
IRQ,Iraq,MENA,2005,2608.0,1472.0,1.67522863586828,50065104667.8159,36.9594809201871,4.67702637424458,12200841776.8325,118.6,115.742540308642,-1.2432218,-1.72321479999999,,101.538994,64.9142837524414,,,,0,7.294377299288821,0.0127049138081503,1.2704913808150309,0,24.369951601590778,0,4.775756486563625,,4.173067688129555,0.2718961175164311,7.866722285136729,1.0,1.0,-27.857246000000004,0.0,-27.857246000000004,0,1,131.673297,-87.549586,2.7868087011866898,21.583142900404088,-51.71031865288182,53.3855472887501,9.997574100859996,26.9619068193271,15.453922271728509,49.4603614807129,-4.491436813033999,120.233977121676,-0.08584740000000002,-1.1573744,129.39624,131.673297,-59.69234,True,True,True
IRQ,Iraq,MENA,2006,3928.0,1467.41666666667,5.63829915220637,65147051918.0219,53.230962911428,8.31204101863053,20051759952.3188,140.0,89.6505198581778,-1.5173537,-1.6321795,,104.03535,74.8634796142578,,,,0,7.29125876417278,-0.0031185351160409,0.3118535116040988,0,30.77922847153702,0,4.941642422609304,0.1658859360456785,4.315666183018512,0.1425984948889569,8.27614021955846,1.0,1.0,2.4963559999999916,2.4963559999999916,0.0,0,1,134.16965299999998,-87.549586,6.409276869946243,24.369951601590778,3.96307051633809,1.67522863586828,16.271481991240904,36.9594809201871,9.949195861816392,64.9142837524414,-26.092020450464204,115.742540308642,-0.2741319,-1.2432218,101.538994,131.673297,-87.549586,True,True,True
IRQ,Iraq,MENA,2007,2217.0,1254.56721858704,1.88853936243953,88837057319.5179,-10.0674925768978,14.2552776534959,31454864112.3409,153.7,74.092853105498,-1.54003309999999,-1.7116406,,93.73795,79.4409866333008,,,,0,7.134545946345538,-0.1567128178272421,15.671281782724211,0,35.4073683454057,0,5.03500265054455,0.0933602279352463,4.375014439515038,0.0593482564965262,7.704361167910313,1.0,1.0,-10.297399999999996,0.0,-10.297399999999996,0,1,134.16965299999998,-97.846986,4.62813987386868,30.77922847153702,-3.7497597897668404,5.63829915220637,-63.2984554883258,53.230962911428,4.577507019042997,74.8634796142578,-15.557666752679808,89.6505198581778,-0.022679399999990135,-1.5173537,104.03535,134.16965299999998,-87.549586,True,True,True
IRQ,Iraq,MENA,2008,2233.0,1193.08333333333,8.22810710383277,131614434153.505,12.6628528269228,15.8688151732107,50101816705.6195,190.4,81.0555432665835,-1.53992629999999,-1.5815176,,81.196495,98.7012481689453,,,,0,7.084296271572325,-0.0502496747732132,5.024967477321329,0,38.067114012118594,0,5.249127122357265,0.2141244718127151,4.59209759244808,0.2170831529330419,7.711548979629146,1.0,1.0,-12.541455,0.0,-12.541455,0,1,134.16965299999998,-110.388441,2.659745666712894,35.4073683454057,6.33956774139324,1.88853936243953,22.7303454038206,-10.0674925768978,19.260261535644503,79.4409866333008,6.962690161085504,74.092853105498,0.00010679999999996248,-1.54003309999999,93.73795,134.16965299999998,-97.846986,True,True,True
IRQ,Iraq,MENA,2009,1045.0,1170.0,3.37929909442771,111657580326.315,6.87361547212555,12.0455446361183,44332623237.8471,121.6,78.6873788189898,-1.40441749999999,-1.5460854,,83.10186,65.9239654541016,,,,0,7.064759027791802,-0.0195372437805225,1.9537243780522573,0,39.70408736091783,0,4.800736969532067,-0.4483901528251985,4.18850203934567,-0.4035955531024102,6.952728644624869,1.0,1.0,1.9053650000000033,1.9053650000000033,0.0,0,1,136.075018,-110.388441,1.6369733487992377,38.067114012118594,-4.84880800940506,8.22810710383277,-5.789237354797249,12.6628528269228,-32.77728271484369,98.7012481689453,-2.368164447593699,81.0555432665835,0.13550879999999998,-1.53992629999999,81.196495,134.16965299999998,-110.388441,True,True,True
IRQ,Iraq,MENA,2010,1118.0,1170.0,6.40256484471193,138516722649.573,2.42986826837753,12.7409467178946,50622117150.4267,153.2,73.4974796202443,-1.3062258,-1.57079259999999,,84.17017,82.0039672851563,,,,0,7.064759027791802,0.0,0.0,0,36.54585250222331,0,5.0317442573064906,0.2310072877744238,4.4067676276202015,0.2182655882745319,7.020190708311925,1.0,1.0,1.0683099999999968,1.0683099999999968,0.0,0,1,137.143328,-110.388441,-3.15823485869452,39.70408736091783,3.0232657502842195,3.37929909442771,-4.44374720374802,6.87361547212555,16.0800018310547,65.9239654541016,-5.189899198745493,78.6873788189898,0.09819169999999011,-1.40441749999999,83.10186,136.075018,-110.388441,True,True,True
IRQ,Iraq,MENA,2011,1043.0,1170.0,7.546471200426,185749664444.444,5.6040514426601,13.7756734191734,61033121083.648,194.1,72.1713282233655,-1.2387175,-1.4239293,,90.09539,100.908401489258,,,,0,7.064759027791802,0.0,0.0,0,32.857728850381015,0,5.268373490174964,0.2366292328684736,4.614213189396236,0.2074455617760344,6.950814768442584,1.0,1.0,5.925219999999996,5.925219999999996,0.0,0,1,143.068548,-110.388441,-3.6881236518422966,36.54585250222331,1.14390635571407,6.40256484471193,3.17418317428257,2.42986826837753,18.90443420410169,82.0039672851563,-1.3261513968787995,73.4974796202443,0.06750830000000008,-1.3062258,84.17017,137.143328,-110.388441,True,True,True
IRQ,Iraq,MENA,2012,638.0,1166.16666666667,13.9364301737537,218002476129.472,6.0890964159516,13.0907943504895,70327019949.4173,199.9,73.6086845912812,-1.26788219999999,-1.4532764,,81.475235,100.0,,,,0,7.061477295517845,-0.0032817322739573,0.3281732273957338,0,32.259734475515764,0,5.297817241506355,0.0294437513313905,4.605170185988092,-0.0090430034081441,6.459904454377535,1.0,0.0,-8.620154999999997,0.0,-8.620154999999997,0,1,143.068548,-119.008596,-0.5979943748652516,32.857728850381015,6.389958973327701,7.546471200426,0.4850449732915001,5.6040514426601,-0.9084014892579972,100.908401489258,1.4373563679156973,72.1713282233655,-0.029164699999990162,-1.2387175,90.09539,143.068548,-110.388441,True,True,True
IRQ,Iraq,MENA,2013,1882.0,1166.0,7.62828592298754,234637675128.645,1.87949800749416,12.7980431197862,77747258749.8263,194.3,67.4100184095672,-1.26454969999999,-1.4740494,,83.036606,102.09400177002,,,,0,7.061334366910438,-0.0001429286074072,0.0142928607407277,0,33.13502774317881,0,5.269403356383394,-0.0284138851229602,4.625893974865226,0.0207237888771345,7.540621528657152,1.0,1.0,1.5613710000000083,1.5613710000000083,0.0,0,1,144.629919,-119.008596,0.8752932676630465,32.259734475515764,-6.308144250766161,13.9364301737537,-4.20959840845744,6.0890964159516,2.09400177002,100.0,-6.198666181714003,73.6086845912812,0.0033325000000001825,-1.26788219999999,81.475235,143.068548,-119.008596,True,True,True
IRQ,Iraq,MENA,2014,13168.0,1166.0,2.26368817563613,228415656174.957,2.23597407904726,11.3259059912738,66281655807.2322,177.9,68.9824868569036,-1.357674,-1.4559635,,100.29159,95.7710494995117,,,,0,7.061334366910438,0.0,0.0,0,29.01800030575101,0,5.18122159467179,-0.0881817617116045,4.561960442014903,-0.0639335328503234,9.48562086171022,1.0,1.0,17.254983999999993,17.254983999999993,0.0,0,1,161.884903,-119.008596,-4.117027437427801,33.13502774317881,-5.36459774735141,7.62828592298754,0.3564760715530999,1.87949800749416,-6.322952270508296,102.09400177002,1.572468447336405,67.4100184095672,-0.09312430000001015,-1.26454969999999,83.036606,144.629919,-119.008596,True,True,True
IRQ,Iraq,MENA,2015,10139.0,1167.33333333333,2.60676642939541,166774104959.102,1.39333028780268,10.8017323095628,53992019678.9023,100.0,69.5917685983115,-1.393567,-1.48886679999999,,105.95364,55.2846145629883,,,,0,7.062477224177685,0.0011428572672471,0.1142857267247166,0,32.3743423429811,0,4.605170185988092,-0.5760514086836981,4.012494652151093,-0.5494657898638096,9.224243277145174,1.0,1.0,5.662049999999994,5.662049999999994,0.0,0,1,167.54695299999997,-119.008596,3.3563420372300925,29.01800030575101,0.34307825375928,2.26368817563613,-0.8426437912445799,2.23597407904726,-40.4864349365234,95.7710494995117,0.6092817414078979,68.9824868569036,-0.03589299999999995,-1.357674,100.29159,161.884903,-119.008596,True,True,True
IRQ,Iraq,MENA,2016,9630.0,1182.0,13.7873730187089,166743557747.671,0.556521397155548,11.8139189353787,45298562240.8151,83.2,54.588320188677,-1.4012064,-1.53679029999999,,98.67869,49.7980194091797,,,,0,7.074963197966044,0.0124859737883591,1.248597378835914,0,27.166604127137745,0,4.421247347827163,-0.183922838160929,3.9079752123397182,-0.1045194398113751,9.172742341560864,1.0,1.0,-7.27494999999999,0.0,-7.27494999999999,0,1,167.54695299999997,-126.28354599999999,-5.2077382158433565,32.3743423429811,11.18060658931349,2.60676642939541,-0.836808890647132,1.39333028780268,-5.486595153808601,55.2846145629883,-15.003448409634501,69.5917685983115,-0.007639399999999963,-1.393567,105.95364,167.54695299999997,-119.008596,True,True,True
IRQ,Iraq,MENA,2017,10248.0,1184.0,-1.81975035118309,187217660050.676,0.184058898847553,11.7385756809119,49315419400.3988,105.7,59.7809123923157,-1.4065197,-1.5484905,,107.37731,59.9380874633789,,,,0,7.076653815443951,0.0016906174779069,0.1690617477906997,0,26.34122196968498,0,4.660604892876192,0.239357545049029,4.093312153861592,0.1853369415218737,9.234935418831563,1.0,1.0,8.698619999999991,8.698619999999991,0.0,0,1,176.24557299999998,-126.28354599999999,-0.8253821574527649,27.166604127137745,-15.60712336989199,13.7873730187089,-0.37246249830799505,0.556521397155548,10.140068054199197,49.7980194091797,5.1925922036386964,54.588320188677,-0.005313300000000076,-1.4012064,98.67869,167.54695299999997,-126.28354599999999,True,True,True
IRQ,Iraq,MENA,2018,1294.0,1182.75,2.63385099105624,227367469034.031,0.367441488936828,12.987978471573,64719421423.3098,135.7,65.8017917701083,-1.4767763,-1.43204969999999,,98.55291,74.6167297363281,,,,0,7.075597514511258,-0.0010563009326931,0.1056300932693155,0,28.46467953321105,0,4.910446566840824,0.2498416739646316,4.312364741267488,0.2190525874058959,7.166265974133638,1.0,1.0,-8.824399999999997,0.0,-8.824399999999997,0,1,176.24557299999998,-135.10794599999997,2.1234575635260704,26.34122196968498,4.45360134223933,-1.81975035118309,0.183382590089275,0.184058898847553,14.678642272949197,59.9380874633789,6.020879377792596,59.7809123923157,-0.0702566,-1.4065197,107.37731,176.24557299999998,-126.28354599999999,True,True,True
IRQ,Iraq,MENA,2019,822.0,1182.0,5.5137905789381,233636097800.338,-0.198965380023882,10.8595841433164,68017647833.6447,127.4,68.9899384202806,-1.4433306,-1.37408,,90.94625,67.4416732788086,,,,0,7.074963197966044,-0.0006343165452138,0.0634316545213842,0,29.11264503817025,0,4.847331743138063,-0.0631148237027607,4.211263124756037,-0.1011016165114506,6.71295620067707,1.0,0.0,-7.606659999999991,0.0,-7.606659999999991,0,1,176.24557299999998,-142.71460599999997,0.647965504959199,28.46467953321105,2.8799395878818603,2.63385099105624,-0.56640686896071,0.367441488936828,-7.175056457519503,74.6167297363281,3.1881466501722997,65.8017917701083,0.033445700000000134,-1.4767763,98.55291,176.24557299999998,-135.10794599999997,True,True,True
IRQ,Iraq,MENA,2020,902.0,1192.0,-12.0367930960454,180898797516.874,0.574162679425856,11.3492885016081,54424472658.0154,80.9,57.742316395146,-1.3692381,-1.512443,,77.2938,48.3764839172363,,,,0,7.083387847625295,0.0084246496592514,0.8424649659251493,0,30.08559117311919,0,4.393213824064446,-0.4541179190736164,3.879013826171175,-0.3322492985848622,6.805722553416985,1.0,0.0,-13.652450000000002,0.0,-13.652450000000002,0,1,176.24557299999998,-156.367056,0.9729461349489412,29.11264503817025,-17.5505836749835,5.5137905789381,0.773128059449738,-0.198965380023882,-19.065189361572294,67.4416732788086,-11.247622025134596,68.9899384202806,0.0740924999999999,-1.4433306,90.94625,176.24557299999998,-142.71460599999997,True,True,True
IRQ,Iraq,MENA,2021,872.0,1450.0,1.5021807095434,209691945713.103,6.04186489058043,14.4684288131166,64231022302.7097,114.9,61.5032683117218,-1.37400869999999,-1.4374976,,82.07024,72.1406402587891,,,,0,7.27931883541462,0.1959309877893247,19.59309877893247,0,30.63113467914953,0,4.74406218485471,0.3508483607902635,4.278617550661807,0.3996037244906314,6.771935555839602,1.0,0.0,4.776439999999994,4.776439999999994,0.0,0,1,181.02201299999996,-156.367056,0.545543506030338,30.08559117311919,13.5389738055888,-12.0367930960454,5.467702211154574,0.574162679425856,23.764156341552805,48.3764839172363,3.7609519165757987,57.742316395146,-0.004770599999990077,-1.3692381,77.2938,176.24557299999998,-156.367056,True,True,True
IRQ,Iraq,MENA,2022,993.0,1450.0,7.95904804990212,287372232137.931,4.9947659638103,16.265596420488,97009236971.5221,143.6,68.75879409409,-1.37334849999999,-1.45504109999999,,157.58319,89.1935272216797,,,,0,7.27931883541462,0.0,0.0,0,33.757345394791045,0,4.967031656614124,0.2229694717594137,4.490808472173637,0.2121909215118309,6.901737206656574,1.0,0.0,75.51295,75.51295,0.0,0,1,256.53496299999995,-156.367056,3.126210715641516,30.63113467914953,6.45686734035872,1.5021807095434,-1.04709892677013,6.04186489058043,17.052886962890597,72.1406402587891,7.25552578236821,61.5032683117218,0.0006601999999999997,-1.37400869999999,82.07024,181.02201299999996,-156.367056,True,True,True
IRQ,Iraq,MENA,2023,469.0,1312.5,0.517705525140073,268881051643.549,4.35835351089595,15.8737025963,112232897713.46,121.8,69.4613207990167,-1.4169702,-1.5002727,,121.71125,76.9128112792969,,,,0,7.179688994465779,-0.0996298409488414,9.962984094884142,0,41.74072402180472,0,4.802380355275797,-0.1646513013383268,4.342672459245767,-0.1481360129278703,6.152732694704104,1.0,0.0,-35.871939999999995,0.0,-35.871939999999995,0,1,256.53496299999995,-192.238996,7.983378627013678,33.757345394791045,-7.441342524762047,7.95904804990212,-0.6364124529143504,4.9947659638103,-12.280715942382798,89.1935272216797,0.7025267049266972,68.75879409409,-0.043621700000009866,-1.37334849999999,157.58319,256.53496299999995,-156.367056,True,True,True
IRQ,Iraq,MENA,2024,396.0,1300.0,-1.54525198319173,279641257615.385,2.6116961151764,11.2072163127604,100690954781.588,122.9,77.1389393108395,-1.2050155,-1.3581614,,134.45274,74.9906692504883,,,,0,7.170119543449628,-0.0095694510161505,0.9569451016150587,0,36.00718851010069,0,4.811371016571989,0.0089906612961927,4.317363695803256,-0.0253087634425108,5.983936280687191,1.0,0.0,12.741489999999999,12.741489999999999,0.0,0,1,269.27645299999995,-192.238996,-5.733535511704034,41.74072402180472,-2.062957508331803,0.517705525140073,-1.7466573957195495,4.35835351089595,-1.922142028808608,76.9128112792969,7.6776185118228,69.4613207990167,0.21195469999999994,-1.4169702,121.71125,256.53496299999995,-192.238996,True,True,True
KAZ,Kazakhstan,Eurasia & Central Asia,2000,,142.133333333333,9.80000000214156,18291990662.0356,13.1808905865731,2.43063805063053,2098969798.52754,,105.699692634521,-1.2084641,-1.2041605,,57.415283,44.5186996459961,,,,0,4.956765584183523,,,0,11.474802482180792,1,,,3.795909317669814,,,,,,,,0,1,,,,,,,,,,,,,,,,,,True,True,True
KAZ,Kazakhstan,Eurasia & Central Asia,2001,,146.735833333333,13.4999999984358,22152689179.8815,8.35413777161344,2.49615151489532,2505883853.35119,,92.8490685069707,,,,168.82918,41.8746528625488,,,,0,4.988633917989241,0.0318683338057184,3.1868333805718407,0,11.311872039566955,1,,,3.734680700261289,-0.0612286174085254,,,,111.413897,111.413897,0.0,0,1,111.413897,0.0,-0.1629304426138365,11.474802482180792,3.69999999629424,9.80000000214156,-4.82675281495966,13.1808905865731,-2.644046783447301,44.5186996459961,-12.850624127550304,105.699692634521,,-1.2084641,57.415283,,,True,True,True
KAZ,Kazakhstan,Eurasia & Central Asia,2002,,153.279166666667,9.79999999960842,24636598527.4437,5.83692452105643,2.91115597801552,3140845035.29359,,94.03168564978,-1.2720543,-1.0054771,,156.04216,43.2983818054199,,,,0,5.032260877534148,0.0436269595449072,4.362695954490725,0,12.748695936230304,1,,,3.768115262610795,0.0334345623495067,,,,-12.787020000000012,0.0,-12.787020000000012,0,1,111.413897,-12.787020000000012,1.4368238966633484,11.311872039566955,-3.69999999882738,13.4999999984358,-2.5172132505570097,8.35413777161344,1.4237289428711009,41.8746528625488,1.1826171428093062,92.8490685069707,,,168.82918,111.413897,0.0,True,True,True
KAZ,Kazakhstan,Eurasia & Central Asia,2003,,149.575833333333,9.30000000033759,30833692900.1091,6.4382181011894,3.88552852065719,4962118089.70349,,91.4633324250457,-1.2728152,-1.0076814,,176.30156,46.5989303588867,,,,0,5.007803510601596,-0.0244573669325527,2.4457366932552738,0,16.09316829410963,1,,,3.8415775871962015,0.0734623245854062,,,,20.2594,20.2594,0.0,0,1,131.673297,-12.787020000000012,3.3444723578793276,12.748695936230304,-0.4999999992708304,9.79999999960842,0.6012935801329702,5.83692452105643,3.300548553466797,43.2983818054199,-2.5683532247342953,94.03168564978,-0.0007608999999999533,-1.2720543,156.04216,111.413897,-12.787020000000012,True,True,True
KAZ,Kazakhstan,Eurasia & Central Asia,2004,,136.035,9.60000000136854,43151647002.6096,6.88205438981899,5.00338874917508,9276665297.36289,,96.4091997009336,-1.1610946,-0.964870399999999,,129.39624,54.7534217834473,,,,0,4.912912205567641,-0.094891305033955,9.489130503395504,0,21.49782439776142,1,,,4.002839865071476,0.1612622778752741,,,,-46.90531999999999,0.0,-46.90531999999999,0,1,131.673297,-59.69234,5.404656103651789,16.09316829410963,0.30000000103095026,9.30000000033759,0.4438362886295897,6.4382181011894,8.154491424560604,46.5989303588867,4.945867275887892,91.4633324250457,0.11172059999999995,-1.2728152,176.30156,131.673297,-12.787020000000012,True,True,True
KAZ,Kazakhstan,Eurasia & Central Asia,2005,,132.88,9.69999999922682,57123671733.8952,7.57999929125766,2.65048268693671,7069707373.51453,103.2,97.7625030243024,-1.087526,-0.838035499999999,,101.538994,67.3882217407227,,,,0,4.889446465305039,-0.0234657402626012,2.3465740262601287,0,12.376143127577723,1,4.636668853047462,,4.210470251026092,0.2076303859546167,,,,-27.857246000000004,0.0,-27.857246000000004,0,1,131.673297,-87.549586,-9.121681270183696,21.49782439776142,0.09999999785827995,9.60000000136854,0.69794490143867,6.88205438981899,12.634799957275398,54.7534217834473,1.3533033233688059,96.4091997009336,0.07356859999999998,-1.1610946,129.39624,131.673297,-59.69234,True,True,True
KAZ,Kazakhstan,Eurasia & Central Asia,2006,,126.089430555555,10.7,81003864630.018,8.72169386091726,5.21561700135215,19127059971.5814,120.4,91.4535267973373,-1.2051616,-0.9283745,,104.03535,79.0248184204102,,,,0,4.836991421500419,-0.0524550438046205,5.245504380462052,0,23.61252769721976,1,4.79081953287472,0.154150679827258,4.369761960350357,0.1592917093242647,,,,2.4963559999999916,2.4963559999999916,0.0,0,1,134.16965299999998,-87.549586,11.236384569642038,12.376143127577723,1.0000000007731789,9.69999999922682,1.1416945696595997,7.57999929125766,11.6365966796875,67.3882217407227,-6.3089762269651,97.7625030243024,-0.11763560000000006,-1.087526,101.538994,131.673297,-87.549586,True,True,True
KAZ,Kazakhstan,Eurasia & Central Asia,2007,,122.554166666667,8.89999999999405,104849915058.376,10.8468362075557,3.4281729343209,17641023629.5821,126.7,92.1616330969975,-1.2166727,-0.823919499999999,,93.73795,83.5711975097656,,,,0,4.808553109124149,-0.0284383123762701,2.8438312376270147,0,16.825024245141563,1,4.841822087327094,0.0510025544523733,4.425698933332309,0.0559369729819518,,,,-10.297399999999996,0.0,-10.297399999999996,0,1,134.16965299999998,-97.846986,-6.787503452078198,23.61252769721976,-1.8000000000059497,10.7,2.125142346638441,8.72169386091726,4.546379089355398,79.0248184204102,0.7081062996602014,91.4535267973373,-0.011511099999999885,-1.2051616,104.03535,134.16965299999998,-87.549586,True,True,True
KAZ,Kazakhstan,Eurasia & Central Asia,2008,,120.299166666667,3.30000000021091,133441648851.982,17.139899777207,3.28254443495038,19883105671.2443,143.0,94.2948046483658,-1.0246822,-0.790813,,81.196495,97.8434448242188,,,,0,4.789981695830016,-0.0185714132941328,1.857141329413281,0,14.900224811594857,1,4.962844630259907,0.1210225429328133,4.583368699510317,0.1576697661780084,,,,-12.541455,0.0,-12.541455,0,1,134.16965299999998,-110.388441,-1.9247994335467062,16.825024245141563,-5.59999999978314,8.89999999999405,6.293063569651299,10.8468362075557,14.27224731445321,83.5711975097656,2.1331715513682923,92.1616330969975,0.19199049999999995,-1.2166727,93.73795,134.16965299999998,-97.846986,True,True,True
KAZ,Kazakhstan,Eurasia & Central Asia,2009,,147.496666666667,1.19999999942873,115308686941.38,7.31607858288578,5.09548051410488,23183086500.6457,113.0,75.7660674636533,-0.9908614,-0.7351078,,83.10186,71.3761138916016,,,,0,4.993805576654462,0.2038238808244461,20.382388082444614,0,20.10523848253635,1,4.727387818712341,-0.2354568115475661,4.2679632740414615,-0.3154054254688558,,,,1.9053650000000033,1.9053650000000033,0.0,0,1,136.075018,-110.388441,5.205013670941494,14.900224811594857,-2.1000000007821797,3.30000000021091,-9.82382119432122,17.139899777207,-26.4673309326172,97.8434448242188,-18.528737184712497,94.2948046483658,0.033820799999999984,-1.0246822,81.196495,134.16965299999998,-110.388441,True,True,True
KAZ,Kazakhstan,Eurasia & Central Asia,2010,,147.355,7.30000000329814,148047348240.643,7.40046356341396,5.11293339721266,28264709322.8924,135.0,74.1382658957842,-0.9891057,-0.7753761,,84.17017,86.4760208129883,,,,0,4.992844641421029,-0.0009609352334329,0.0960935233432991,0,19.09166875245184,1,4.90527477843843,0.1778869597260888,4.459867159471549,0.1919038854300874,,,,1.0683099999999968,1.0683099999999968,0.0,0,1,137.143328,-110.388441,-1.0135697300845088,20.10523848253635,6.10000000386941,1.19999999942873,0.08438498052818044,7.31607858288578,15.09990692138669,71.3761138916016,-1.6278015678690991,75.7660674636533,0.0017557000000000267,-0.9908614,83.10186,136.075018,-110.388441,True,True,True
KAZ,Kazakhstan,Eurasia & Central Asia,2011,,146.620833333333,7.40000000144188,192626464617.071,8.4529046617679,4.3122259823364,29215275560.7757,157.3,73.1178570509129,-0.8894339,-0.5864784,,90.09539,103.19554901123,,,,0,4.987849889405895,-0.0049947520151336,0.4994752015133663,0,15.16680255688323,1,5.058154810064233,0.152880031625803,4.636625722381205,0.1767585629096562,,,,5.925219999999996,5.925219999999996,0.0,0,1,143.068548,-110.388441,-3.9248661955686117,19.09166875245184,0.09999999814373961,7.30000000329814,1.0524410983539392,7.40046356341396,16.719528198241704,86.4760208129883,-1.020408844871298,74.1382658957842,0.09967179999999998,-0.9891057,84.17017,137.143328,-110.388441,True,True,True
KAZ,Kazakhstan,Eurasia & Central Asia,2012,,149.1125,4.79999999528297,207998568865.789,5.19568369035073,3.72323921369479,28299368221.4887,155.1,73.7237324891671,-0.912828,-0.643061,,81.475235,100.0,,,,0,5.004701054608065,0.0168511652021692,1.6851165202169227,0,13.605559103509435,1,5.044070070182493,-0.0140847398817394,4.605170185988092,-0.0314555363931132,,,,-8.620154999999997,0.0,-8.620154999999997,0,1,143.068548,-119.008596,-1.5612434533737947,15.16680255688323,-2.6000000061589095,7.40000000144188,-3.257220971417169,8.4529046617679,-3.19554901123,103.19554901123,0.605875438254202,73.1178570509129,-0.023394099999999973,-0.8894339,90.09539,143.068548,-110.388441,True,True,True
KAZ,Kazakhstan,Eurasia & Central Asia,2013,,152.129166666667,5.99999999671084,236634603409.089,5.94283871648418,3.2661794500647,24691645318.1413,154.3,65.4076093299538,-0.9287508,-0.679818399999999,,83.036606,101.512825012207,,,,0,5.024729940688832,0.0200288860807678,2.0028886080767805,0,10.434503222444985,1,5.038898759369115,-0.0051713108133784,4.620185145299816,0.0150149593117241,,,,1.5613710000000083,1.5613710000000083,0.0,0,1,144.629919,-119.008596,-3.1710558810644507,13.605559103509435,1.2000000014278696,4.79999999528297,0.7471550261334494,5.19568369035073,1.5128250122070028,100.0,-8.316123159213305,73.7237324891671,-0.015922800000000015,-0.912828,81.475235,143.068548,-119.008596,True,True,True
KAZ,Kazakhstan,Eurasia & Central Asia,2014,,179.191666666667,4.20000000566705,221415613595.469,6.84944977003358,4.32182944104254,29250310667.5371,145.5,64.9720346513507,-0.842471,-0.5977257,,100.29159,95.1453094482422,,,,0,5.188455996483345,0.1637260557945126,16.37260557945126,0,13.210590794639277,1,4.980176086611547,-0.0587226727575673,4.555405296134431,-0.0647798491653848,,,,17.254983999999993,17.254983999999993,0.0,0,1,161.884903,-119.008596,2.7760875721942924,10.434503222444985,-1.7999999910437898,5.99999999671084,0.9066110535494003,5.94283871648418,-6.367515563964801,101.512825012207,-0.4355746786031034,65.4076093299538,0.08627980000000002,-0.9287508,83.036606,144.629919,-119.008596,True,True,True
KAZ,Kazakhstan,Eurasia & Central Asia,2015,,221.728333333333,1.20000000053288,184388404706.042,6.67828585615236,5.68829985813844,27854795818.7629,100.0,53.0497288072652,-0.8337886,-0.4919324,,105.95364,59.1845550537109,,,,0,5.401452908787275,0.2129969123039297,21.29969123039297,0,15.106587566159556,1,4.605170185988092,-0.3750059006234556,4.080660613488114,-0.4747446826463175,,,,5.662049999999994,5.662049999999994,0.0,0,1,167.54695299999997,-119.008596,1.895996771520279,13.210590794639277,-3.0000000051341704,4.20000000566705,-0.17116391388121954,6.84944977003358,-35.9607543945313,95.1453094482422,-11.9223058440855,64.9720346513507,0.008682399999999979,-0.842471,100.29159,161.884903,-119.008596,True,True,True
KAZ,Kazakhstan,Eurasia & Central Asia,2016,,342.16,1.09999999910173,137278320084.171,14.3610942386248,6.81127436878551,29603056785.2248,89.2,60.3115965864153,-0.7865395,-0.510937699999999,,98.67869,53.5892524719238,,,,0,5.8352784639186535,0.4338255551313787,43.38255551313787,0,21.564262126076382,1,4.490881039585964,-0.114289146402128,3.981348534387709,-0.0993120791004047,,,,-7.27494999999999,0.0,-7.27494999999999,0,1,167.54695299999997,-126.28354599999999,6.457674559916827,15.106587566159556,-0.10000000143114995,1.20000000053288,7.682808382472439,6.67828585615236,-5.595302581787102,59.1845550537109,7.261867779150101,53.0497288072652,0.047249100000000044,-0.8337886,105.95364,167.54695299999997,-119.008596,True,True,True
KAZ,Kazakhstan,Eurasia & Central Asia,2017,,326.001022727273,4.10000000257358,166805788827.233,7.44266321306792,5.97546684476115,30746770568.3835,101.8,56.825387935971,-0.7427939,-0.4614698,,107.37731,63.7415084838867,,,,0,5.78690051856201,-0.048377945356643,4.837794535664308,0,18.43267597878697,1,4.623010104116422,0.1321290645304582,4.154835974913836,0.1734874405261273,,,,8.698619999999991,8.698619999999991,0.0,0,1,176.24557299999998,-126.28354599999999,-3.1315861472894113,21.564262126076382,3.0000000034718504,1.09999999910173,-6.918431025556879,14.3610942386248,10.152256011962898,53.5892524719238,-3.486208650444297,60.3115965864153,0.04374559999999994,-0.7865395,98.67869,167.54695299999997,-126.28354599999999,True,True,True
KAZ,Kazakhstan,Eurasia & Central Asia,2018,,344.705833333333,4.09999999309841,179339977690.485,6.16366247577762,5.18798743503507,30976612438.5176,114.9,63.5279565118188,-0.5048657,-0.3704992,,98.55291,77.2315979003906,,,,0,5.842691396307778,0.0557908777457676,5.579087774576763,0,17.27256400799758,1,4.74406218485471,0.1210520807382877,4.346808672518508,0.1919726976046716,,,,-8.824399999999997,0.0,-8.824399999999997,0,1,176.24557299999998,-135.10794599999997,-1.1601119707893908,18.43267597878697,-9.475169981953968e-09,4.10000000257358,-1.2790007372902998,7.44266321306792,13.4900894165039,63.7415084838867,6.702568575847799,56.825387935971,0.23792820000000003,-0.7427939,107.37731,176.24557299999998,-126.28354599999999,True,True,True
KAZ,Kazakhstan,Eurasia & Central Asia,2019,,382.747310606061,4.50000000091883,181667184854.501,5.33356098916669,4.46057061758816,28957509931.0023,106.5,64.8586165517565,-0.207193,-0.430970199999999,,90.94625,69.2701873779297,,,,0,5.947375008010328,0.1046836117025495,10.468361170254958,0,15.93986825644634,1,4.66814498514948,-0.0759171997052297,4.238014617068096,-0.1087940554504118,,,,-7.606659999999991,0.0,-7.606659999999991,0,1,176.24557299999998,-142.71460599999997,-1.33269575155124,17.27256400799758,0.4000000078204202,4.09999999309841,-0.8301014866109302,6.16366247577762,-7.961410522460895,77.2315979003906,1.3306600399376975,63.5279565118188,0.2976727,-0.5048657,98.55291,176.24557299999998,-135.10794599999997,True,True,True
KAZ,Kazakhstan,Eurasia & Central Asia,2020,,412.953333333333,-2.49999999628,171082365861.423,6.71815454861458,6.70962132483119,35638096635.119,85.9,57.0264423660931,-0.2881195,-0.4154444,,77.2938,53.3420715332031,,,,0,6.023334592226407,0.0759595842160791,7.595958421607918,0,20.83095850099824,1,4.45318382899021,-0.2149611561592701,3.976725354392764,-0.2612892626753318,,,,-13.652450000000002,0.0,-13.652450000000002,0,1,176.24557299999998,-156.367056,4.891090244551899,15.93986825644634,-6.999999997198831,4.50000000091883,1.3845935594478895,5.33356098916669,-15.928115844726605,69.2701873779297,-7.832174185663398,64.8586165517565,-0.08092649999999998,-0.207193,90.94625,176.24557299999998,-142.71460599999997,True,True,True
KAZ,Kazakhstan,Eurasia & Central Asia,2021,,425.9075,4.29999999729456,197112255360.612,8.04147134028401,5.42839331910088,34377998805.6455,120.8,58.6686085779207,-0.2698189,-0.4655785,,82.07024,80.2135848999023,,,,0,6.0542221865416685,0.0308875943152617,3.088759431526178,0,17.44082261285672,1,4.794136285500715,0.3409524565105046,4.384692888307309,0.4079675339145447,,,,4.776439999999994,4.776439999999994,0.0,0,1,181.02201299999996,-156.367056,-3.3901358881415184,20.83095850099824,6.799999993574561,-2.49999999628,1.3233167916694306,6.71815454861458,26.871513366699205,53.3420715332031,1.6421662118276004,57.0264423660931,0.0183006,-0.2881195,77.2938,176.24557299999998,-156.367056,True,True,True
KAZ,Kazakhstan,Eurasia & Central Asia,2022,,460.165,3.19999999970734,225496328925.494,15.0278644440851,4.68627763510631,35076053023.0673,144.2,68.3343147415612,-0.1920096,-0.440637699999999,,157.58319,97.3619003295898,,,,0,6.131585120819409,0.0773629342777404,7.736293427774044,0,15.555043929188196,1,4.971201224850849,0.1770649393501342,4.578434967075371,0.1937420787680617,,,,75.51295,75.51295,0.0,0,1,256.53496299999995,-156.367056,-1.8857786836685246,17.44082261285672,-1.0999999975872203,4.29999999729456,6.98639310380109,8.04147134028401,17.1483154296875,80.2135848999023,9.6657061636405,58.6686085779207,0.07780929999999997,-0.2698189,82.07024,181.02201299999996,-156.367056,True,True,True
KAZ,Kazakhstan,Eurasia & Central Asia,2023,,456.165,5.09999999973641,261840101059.923,14.5275597825952,4.20119988344391,35964591353.82,124.4,62.3342837675021,-0.2223164,-0.3777888,,121.71125,81.7633438110352,,,,0,6.122854586170583,-0.0087305346488264,0.8730534648826449,0,13.73532595207385,1,4.823502180305079,-0.14769904454577,4.40382902350358,-0.1746059435717901,,,,-35.871939999999995,0.0,-35.871939999999995,0,1,256.53496299999995,-192.238996,-1.8197179771143457,15.555043929188196,1.9000000000290695,3.19999999970734,-0.5003046614899009,15.0278644440851,-15.598556518554602,97.3619003295898,-6.000030974059101,68.3343147415612,-0.030306799999999995,-0.1920096,157.58319,256.53496299999995,-156.367056,True,True,True
KAZ,Kazakhstan,Eurasia & Central Asia,2024,,468.9625,4.99999999996936,291480274648.826,8.69082156104494,5.37012273083905,45807523139.2563,119.4,57.1613431963924,-0.0670902999999999,-0.3815477,,134.45274,78.7486877441406,,,,0,6.150522807893442,0.0276682217228598,2.766822172285988,0,15.715479613310018,1,4.782479200958502,-0.041022979346577,4.366261614000435,-0.0375674095031453,,,,12.741489999999999,12.741489999999999,0.0,0,1,269.27645299999995,-192.238996,1.9801536612361677,13.73532595207385,-0.09999999976704999,5.09999999973641,-5.8367382215502595,14.5275597825952,-3.0146560668946023,81.7633438110352,-5.172940571109699,62.3342837675021,0.1552261000000001,-0.2223164,121.71125,256.53496299999995,-192.238996,True,True,True
KWT,Kuwait,MENA,2000,,0.306751583333333,4.69458187079211,37718743480.0751,1.81294613887089,7.78649951408655,7779055735.12478,,86.618324503254,0.5138229,0.6733683,,57.415283,37.451057434082,,,,0,-1.18171703376358,,,0,20.623846441846773,1,,,3.623034945454644,,,,,,,,0,1,,,,,,,,,,,,,,,,,,True,True,True
KWT,Kuwait,MENA,2001,,0.306681666666667,0.213332576499354,34889559869.8326,1.29999999999999,9.84008150405294,10599228051.4041,,86.8504672897196,,,,168.82918,33.6805725097656,,,,0,-1.1819449857598852,-0.000227951996305,0.0227951996305098,0,30.379368759445903,1,,,3.516921187738133,-0.1061137577165109,,,,111.413897,111.413897,0.0,0,1,111.413897,0.0,9.75552231759913,20.623846441846773,-4.4812492942927555,4.69458187079211,-0.5129461388709,1.81294613887089,-3.7704849243164062,37.451057434082,0.2321427864656016,86.618324503254,,0.5138229,57.415283,,,True,True,True
KWT,Kuwait,MENA,2002,,0.303914251666667,3.01428315192251,38135788413.8276,0.888450148074907,8.44280332060961,10078199079.2847,,81.2251941328732,0.5740395,0.5984993,,156.04216,34.5525016784668,,,,0,-1.1910096842502254,-0.0090646984903401,0.9064698490340196,0,26.42714232080872,1,,,3.542479955073333,0.0255587673352004,,,,-12.787020000000012,0.0,-12.787020000000012,0,1,111.413897,-12.787020000000012,-3.952226438637183,30.379368759445903,2.800950575423156,0.213332576499354,-0.4115498519250831,1.29999999999999,0.8719291687012003,33.6805725097656,-5.625273156846404,86.8504672897196,,,168.82918,111.413897,0.0,True,True,True
KWT,Kuwait,MENA,2003,,0.298011521083333,17.3260204175143,47874582231.588,0.961350293542112,6.14408307135068,8636260734.28501,,86.5551755074577,0.4566733,0.4805315,,176.30156,39.0987701416016,,,,0,-1.210623131870597,-0.0196134476203715,1.9613447620371536,0,18.039344327869127,1,,,3.66609101231764,0.1236110572443065,,,,20.2594,20.2594,0.0,0,1,131.673297,-12.787020000000012,-8.387797992939593,26.42714232080872,14.311737265591791,3.01428315192251,0.07290014546720502,0.888450148074907,4.546268463134801,34.5525016784668,5.329981374584506,81.2251941328732,-0.11736620000000003,0.5740395,156.04216,111.413897,-12.787020000000012,True,True,True
KWT,Kuwait,MENA,2004,,0.2947,10.2402980586354,59439090600.6108,1.24856443679889,5.44938664448142,9353825022.43273,,89.2976416790834,0.4076687,0.5021968,,129.39624,47.2118377685547,,,,0,-1.221797389238488,-0.011174257367891,1.1174257367891016,0,15.736823911529711,1,,,3.8546446613276455,0.1885536490100059,,,,-46.90531999999999,0.0,-46.90531999999999,0,1,131.673297,-59.69234,-2.3025204163394157,18.039344327869127,-7.0857223588789005,17.3260204175143,0.28721414325677797,0.961350293542112,8.113067626953104,39.0987701416016,2.7424661716256935,86.5551755074577,-0.04900460000000001,0.4566733,176.30156,131.673297,-12.787020000000012,True,True,True
KWT,Kuwait,MENA,2005,,0.292,10.6090449840228,80798630136.9863,4.14297583631023,4.95679256066719,10165102734.7153,113.4,92.2426800942645,0.4603332,0.4849199,,101.538994,63.5881843566895,,,,0,-1.2310014767138553,-0.0092040874753673,0.9204087475367384,0,12.580785982981824,1,4.730921391293652,,4.152427672531535,0.2977830112038893,,,,-27.857246000000004,0.0,-27.857246000000004,0,1,131.673297,-87.549586,-3.156037928547887,15.736823911529711,0.3687469253874003,10.2402980586354,2.89441139951134,1.24856443679889,16.3763465881348,47.2118377685547,2.945038415181102,89.2976416790834,0.0526645,0.4076687,129.39624,131.673297,-59.69234,True,True,True
KWT,Kuwait,MENA,2006,,0.290176225,7.51477300024021,101557330723.423,3.05701339166722,5.9891351417996,14179782169.7327,126.0,89.7130931980522,0.15691,0.343322,,104.03535,73.7182998657227,,,,0,-1.237266868145942,-0.0062653914320867,0.6265391432086709,0,13.962342323026713,1,4.836281906951478,0.1053605156578258,4.30025107048635,0.1478233979548155,,,,2.4963559999999916,2.4963559999999916,0.0,0,1,134.16965299999998,-87.549586,1.381556340044888,12.580785982981824,-3.0942719837825896,10.6090449840228,-1.0859624446430098,4.14297583631023,10.130115509033196,63.5881843566895,-2.529586896212294,92.2426800942645,-0.3034232,0.4603332,101.538994,131.673297,-87.549586,True,True,True
KWT,Kuwait,MENA,2007,,0.284213958333333,5.99157551059315,114634043361.692,5.48494983277596,6.05074841854203,18776552864.7304,130.4,91.7325033915889,0.0700515,0.4231405,,93.73795,78.4431686401367,,,,0,-1.2580279500518383,-0.0207610819058965,2.076108190589654,0,16.3795608303607,1,4.870606649492553,0.0343247425410746,4.362374396230474,0.0621233257441238,,,,-10.297399999999996,0.0,-10.297399999999996,0,1,134.16965299999998,-97.846986,2.4172185073339865,13.962342323026713,-1.5231974896470604,7.51477300024021,2.4279364411087396,3.05701339166722,4.724868774414006,73.7182998657227,2.0194101935367,89.7130931980522,-0.08685849999999999,0.15691,104.03535,134.16965299999998,-87.549586,True,True,True
KWT,Kuwait,MENA,2008,,0.268828366666667,2.47975694278544,147379737229.753,10.5827097865144,5.52868743977491,19320771658.4914,157.4,92.6834562516721,0.0880729,0.39266,,81.196495,99.6947631835938,,,,0,-1.3136821451471514,-0.0556541950953128,5.565419509531289,0,13.109516967296456,1,5.058790335983303,0.18818368649075,4.602113149846982,0.2397387536165078,,,,-12.541455,0.0,-12.541455,0,1,134.16965299999998,-110.388441,-3.2700438630642434,16.3795608303607,-3.51181856780771,5.99157551059315,5.09775995373844,5.48494983277596,21.251594543457102,78.4431686401367,0.9509528600831914,91.7325033915889,0.018021399999999993,0.0700515,93.73795,134.16965299999998,-97.846986,True,True,True
KWT,Kuwait,MENA,2009,,0.287785416666667,-7.07605643073411,105968691905.415,4.60959548447787,8.26133405096814,23028171515.8341,109.3,88.8110649851457,0.0933994,0.3177109,,83.10186,65.4653472900391,,,,0,-1.2455401575755238,0.0681419875716276,6.814198757162759,0,21.73110859610164,1,4.694096395182493,-0.3646939408008096,4.1815209536383655,-0.4205921962086165,,,,1.9053650000000033,1.9053650000000033,0.0,0,1,136.075018,-110.388441,8.621591628805186,13.109516967296456,-9.55581337351955,2.47975694278544,-5.97311430203653,10.5827097865144,-34.2294158935547,99.6947631835938,-3.8723912665263924,92.6834562516721,0.005326499999999998,0.0880729,81.196495,134.16965299999998,-110.388441,True,True,True
KWT,Kuwait,MENA,2010,,0.286606591666667,-2.37054804425912,115416245241.742,4.49640287769787,8.12731623049244,24801842016.4147,130.7,97.0280216600064,0.1131822,0.3381151,,84.17017,81.2581787109375,,,,0,-1.2496447643177742,-0.0041046067422503,0.4104606742250327,0,21.489039055521744,1,4.872904620630176,0.1788082254476828,4.397631477201555,0.2161105235631897,,,,1.0683099999999968,1.0683099999999968,0.0,0,1,137.143328,-110.388441,-0.24206954057989805,21.73110859610164,4.705508386474991,-7.07605643073411,-0.1131926067800002,4.60959548447787,15.792831420898395,65.4653472900391,8.216956674860697,88.8110649851457,0.019782800000000003,0.0933994,83.10186,136.075018,-110.388441,True,True,True
KWT,Kuwait,MENA,2011,,0.275978944444444,9.62863419534361,154039231245.856,4.8394034987095,8.27693096964217,29681701459.822,156.0,99.1164927646913,-0.0793826,0.3070359,,90.09539,101.121162414551,,,,0,-1.2874307044198514,-0.0377859401020772,3.778594010207725,0,19.268923390333075,1,5.049856007249537,0.1769513866193612,4.616319425729539,0.2186879485279833,,,,5.925219999999996,5.925219999999996,0.0,0,1,143.068548,-110.388441,-2.2201156651886684,21.489039055521744,11.99918223960273,-2.37054804425912,0.34300062101163054,4.49640287769787,19.862983703613494,81.2581787109375,2.088471104684899,97.0280216600064,-0.19256479999999998,0.1131822,84.17017,137.143328,-110.388441,True,True,True
KWT,Kuwait,MENA,2012,,0.279935558333333,6.62587485078971,174047662680.041,3.25514600287211,8.51843721530013,33109896469.2245,158.7,101.011435104032,-0.1357484,0.3272807,,81.475235,100.0,,,,0,-1.273195851110714,0.0142348533091374,1.423485330913743,0,19.023465158559347,1,5.067015627532364,0.0171596202828263,4.605170185988092,-0.0111492397414467,,,,-8.620154999999997,0.0,-8.620154999999997,0,1,143.068548,-119.008596,-0.24545823177372839,19.268923390333075,-3.0027593445538994,9.62863419534361,-1.5842574958373903,4.8394034987095,-1.1211624145509944,101.121162414551,1.8949423393407017,99.1164927646913,-0.056365799999999994,-0.0793826,90.09539,143.068548,-110.388441,True,True,True
KWT,Kuwait,MENA,2013,,0.283589441666667,1.14946552780648,174168116534.844,2.68229684085039,8.10687874184372,32410244556.9514,159.2,97.6054913328151,-0.123960599999999,0.2919927,,83.036606,102.096664428711,,,,0,-1.2602277146834011,0.0129681364273128,1.296813642731287,0,18.60859794649466,1,5.0701612734102826,0.0031456458779191,4.62592005498672,0.020749868998628,,,,1.5613710000000083,1.5613710000000083,0.0,0,1,144.629919,-119.008596,-0.4148672120646886,19.023465158559347,-5.47640932298323,6.62587485078971,-0.5728491620217198,3.25514600287211,2.0966644287109943,100.0,-3.405943771216897,101.011435104032,0.011787800000000986,-0.1357484,81.475235,143.068548,-119.008596,True,True,True
KWT,Kuwait,MENA,2014,,0.284567141666667,0.500914669444924,162650450684.725,2.90892672858625,8.03008854467478,35175442351.7033,150.9,100.037189841844,-0.2717863,0.0157648,,100.29159,95.383415222168,,,,0,-1.2567860544307392,0.0034416602526619,0.3441660252661904,0,21.62640324918985,1,5.016617365773803,-0.0535439076364792,4.557904718710149,-0.0680153362765709,,,,17.254983999999993,17.254983999999993,0.0,0,1,161.884903,-119.008596,3.0178053026951908,18.60859794649466,-0.648550858361556,1.14946552780648,0.2266298877358599,2.68229684085039,-6.713249206542997,102.096664428711,2.431698509028891,97.6054913328151,-0.14782570000000098,-0.123960599999999,83.036606,144.629919,-119.008596,True,True,True
KWT,Kuwait,MENA,2015,,0.300852025,0.592770817217982,114585555688.511,3.27170166092133,6.97335100639206,30960893267.6336,100.0,98.6999884455485,-0.241923499999999,7.06e-05,,105.95364,53.4285278320313,,,,0,-1.2011367464093945,0.0556493080213447,5.564930802134471,0,27.0198918891641,1,4.605170185988092,-0.4114471797857115,3.978344832380862,-0.579559886329287,,,,5.662049999999994,5.662049999999994,0.0,0,1,167.54695299999997,-119.008596,5.393488639974251,21.62640324918985,0.09185614777305795,0.500914669444924,0.36277493233507974,2.90892672858625,-41.9548873901367,95.383415222168,-1.337201396295498,100.037189841844,0.029862800000000994,-0.2717863,100.29159,161.884903,-119.008596,True,True,True
KWT,Kuwait,MENA,2016,,0.302137441178496,2.92607584256388,109406674124.652,3.19839776658374,7.54601228573551,33936274928.4313,86.2,96.1576723758617,-0.338747099999999,-0.0688786,,98.67869,47.6953620910645,,,,0,-1.1968732618952844,0.00426348451411,0.4263484514110072,0,31.018468662858865,1,4.456670177669648,-0.148500008318444,3.864834162371782,-0.11351067000908,,,,-7.27494999999999,0.0,-7.27494999999999,0,1,167.54695299999997,-126.28354599999999,3.998576773694765,27.0198918891641,2.333305025345898,0.592770817217982,-0.07330389433758988,3.27170166092133,-5.733165740966797,53.4285278320313,-2.5423160696868052,98.6999884455485,-0.09682360000000004,-0.241923499999999,105.95364,167.54695299999997,-119.008596,True,True,True
KWT,Kuwait,MENA,2017,,0.303349758333333,-4.71222270495362,120687539805.505,2.17183298510006,7.33105759499094,36889754716.8625,99.1,97.840046457409,-0.3931383,-0.0541277,,107.37731,57.7016448974609,,,,0,-1.1928688212536729,0.0040044406416115,0.4004440641611539,0,30.56633251146928,1,4.596129441335942,0.1394592636662945,4.055285680862671,0.1904515184908888,,,,8.698619999999991,8.698619999999991,0.0,0,1,176.24557299999998,-126.28354599999999,-0.45213615138958474,31.018468662858865,-7.6382985475175,2.92607584256388,-1.02656478148368,3.19839776658374,10.006282806396399,47.6953620910645,1.6823740815473087,96.1576723758617,-0.05439120000000097,-0.338747099999999,98.67869,167.54695299999997,-126.28354599999999,True,True,True
KWT,Kuwait,MENA,2018,,0.301956493524177,2.74333045031415,138646316350.727,0.543133148199567,6.7996454578408,40282453060.4129,116.1,102.785630655,-0.2747578,-0.0177652,,98.55291,72.4684982299805,,,,0,-1.1974723331632977,-0.0046035119096246,0.4603511909624602,0,29.05410985352997,1,4.754451888703846,0.1583224473679036,4.283151960262352,0.2278662793996808,,,,-8.824399999999997,0.0,-8.824399999999997,0,1,176.24557299999998,-135.10794599999997,-1.5122226579393114,30.56633251146928,7.455553155267769,-4.71222270495362,-1.628699836900493,2.17183298510006,14.766853332519595,57.7016448974609,4.945584197591003,97.840046457409,0.1183805,-0.3931383,107.37731,176.24557299999998,-126.28354599999999,True,True,True
KWT,Kuwait,MENA,2019,,0.303611163035755,2.26381706595791,140856394860.529,1.09184802655856,8.19436804212924,43668410965.0783,106.3,91.6857123895953,-0.1345999,0.0662246,,90.94625,64.3395538330078,,,,0,-1.1920074652441477,0.0054648679191497,0.5464867919149796,0,31.00207910923548,1,4.666265285347902,-0.0881866033559442,4.164174587267219,-0.1189773729951326,,,,-7.606659999999991,0.0,-7.606659999999991,0,1,176.24557299999998,-142.71460599999997,1.9479692557055124,29.05410985352997,-0.4795133843562396,2.74333045031415,0.5487148783589929,0.543133148199567,-8.128944396972699,72.4684982299805,-11.09991826540471,102.785630655,0.1401579,-0.2747578,98.55291,176.24557299999998,-135.10794599999997,True,True,True
KWT,Kuwait,MENA,2020,,0.306233121756716,-4.81731593381585,111045470605.715,2.101729548274,13.4337803734092,52918606999.3546,78.3,82.0125101293052,-0.1551226,0.146885,,77.2938,45.8981666564941,,,,0,-1.1834086312730885,0.0085988339710592,0.8598833971059205,0,47.65489912438727,1,4.360547602996758,-0.305717682351144,3.82642517414448,-0.3377494131227387,,,,-13.652450000000002,0.0,-13.652450000000002,0,1,176.24557299999998,-156.367056,16.65282001515179,31.00207910923548,-7.081132999773761,2.26381706595791,1.0098815217154402,1.09184802655856,-18.4413871765137,64.3395538330078,-9.673202260290097,91.6857123895953,-0.020522700000000005,-0.1345999,90.94625,176.24557299999998,-142.71460599999997,True,True,True
KWT,Kuwait,MENA,2021,,0.301643110769949,1.67213054307859,148350671489.144,3.42362947609188,11.5856043455391,49525016980.8271,121.8,82.0003751775886,-0.0606404,0.1194986,,82.07024,71.5951461791992,,,,0,-1.198510712844652,-0.0151020815715634,1.5102081571563453,0,33.38374978939764,1,4.802380355275797,0.4418327522790388,4.271027280875393,0.4446021067309131,,,,4.776439999999994,4.776439999999994,0.0,0,1,181.02201299999996,-156.367056,-14.27114933498963,47.65489912438727,6.48944647689444,-4.81731593381585,1.32189992781788,2.101729548274,25.696979522705107,45.8981666564941,-0.012134951716603837,82.0125101293052,0.0944822,-0.1551226,77.2938,176.24557299999998,-156.367056,True,True,True
KWT,Kuwait,MENA,2022,,0.306250154417753,6.75866711966617,183502046693.878,3.98064961990313,10.3160929642549,52461721622.8115,164.1,90.9188102023425,0.0771437,0.2236666,,157.58319,90.6272354125977,,,,0,-1.1833530129020933,0.0151576999425586,1.515769994255867,0,28.58917519886264,1,5.100475998096045,0.2980956428202486,4.506754779492391,0.2357274986169972,,,,75.51295,75.51295,0.0,0,1,256.53496299999995,-156.367056,-4.7945745905349995,33.38374978939764,5.08653657658758,1.67213054307859,0.5570201438112496,3.42362947609188,19.032089233398494,71.5951461791992,8.918435024753904,82.0003751775886,0.1377841,-0.0606404,82.07024,181.02201299999996,-156.367056,True,True,True
KWT,Kuwait,MENA,2023,,0.30718535125088,-1.64087799968877,165462656226.772,3.64216403030709,9.16572725223109,52619359334.9437,133.8,96.0343509693162,0.1660086,0.1910577,,121.71125,75.7360992431641,,,,0,-1.1803039635757813,0.003049049326312,0.3049049326312003,0,31.801350549351238,1,4.896346147694128,-0.2041298504019169,4.327254919208695,-0.1794998602836957,,,,-35.871939999999995,0.0,-35.871939999999995,0,1,256.53496299999995,-192.238996,3.2121753504885966,28.58917519886264,-8.39954511935494,6.75866711966617,-0.3384855895960399,3.98064961990313,-14.891136169433594,90.6272354125977,5.1155407669736945,90.9188102023425,0.08886490000000001,0.0771437,157.58319,256.53496299999995,-156.367056,True,True,True
KWT,Kuwait,MENA,2024,,0.306690648597046,-1.47401818168846,160903106639.233,2.89855072463762,8.95073906369193,50727942998.1333,123.3,93.9909162684119,0.2183455,0.2308269,,134.45274,73.2925872802734,,,,0,-1.1819156987178845,-0.0016117351421032,0.1611735142103221,0,31.52701278283729,1,4.814620410170298,-0.08172573752383,4.294459475269543,-0.0327954439391522,,,,12.741489999999999,12.741489999999999,0.0,0,1,269.27645299999995,-192.238996,-0.27433776651394837,31.801350549351238,0.1668598180003098,-1.64087799968877,-0.74361330566947,3.64216403030709,-2.4435119628907103,75.7360992431641,-2.0434347009042995,96.0343509693162,0.05233689999999999,0.1660086,121.71125,256.53496299999995,-192.238996,True,True,True
MYS,Malaysia,Asia-Pacific,2000,,3.8,8.85886816969386,93789736842.1053,1.53474023697699,3.31032261008636,28650936563.5298,,220.406788982074,0.1485516,-0.0264614,0.050902482,57.415283,84.2542037963867,,,,0,1.33500106673234,,,0,30.54805091495624,1,,,4.43383846468069,,,,,,,,1,1,,,,,,,,,,,,,,,,,,True,True,True
MYS,Malaysia,Asia-Pacific,2001,,3.8,0.517675319192861,92783947368.4211,1.41678473206098,3.77910372568465,29845803173.9213,,203.364636010653,,,0.060303062,168.82918,81.8559875488281,,,,0,1.33500106673234,0.0,0.0,0,32.16699011027341,1,,,4.404961453845685,-0.0288770108350053,,,,111.413897,111.413897,0.0,1,1,111.413897,0.0,1.6189391953171715,30.54805091495624,-8.341192850500999,8.85886816969386,-0.11795550491600992,1.53474023697699,-2.398216247558608,84.2542037963867,-17.042152971421018,220.406788982074,,0.1485516,57.415283,,,True,True,True
MYS,Malaysia,Asia-Pacific,2002,,3.8,5.39098830692797,100845526315.789,1.80787246281536,4.03512981463616,33761683387.9318,,199.356232695655,0.0229281,0.2232436,0.07403326,156.04216,85.2341766357422,,,,0,1.33500106673234,0.0,0.0,0,33.47861290565337,1,,,4.445402487624773,0.0404410337790883,,,,-12.787020000000012,0.0,-12.787020000000012,1,1,111.413897,-12.787020000000012,1.3116227953799608,32.16699011027341,4.873312987735109,0.517675319192861,0.39108773075437986,1.41678473206098,3.378189086914105,81.8559875488281,-4.008403314997992,203.364636010653,,,168.82918,111.413897,0.0,True,True,True
MYS,Malaysia,Asia-Pacific,2003,,3.8,5.7884992858875,110202368421.053,1.08967632577286,5.007262129418,44309888490.9861,,194.195129056831,0.1430371,0.3410072,0.061622098,176.30156,91.2057952880859,,,,0,1.33500106673234,0.0,0.0,0,40.207746100056745,1,,,4.513118439886902,0.0677159522621293,,,,20.2594,20.2594,0.0,1,1,131.673297,-12.787020000000012,6.729133194403374,33.47861290565337,0.3975109789595299,5.39098830692797,-0.7181961370424998,1.80787246281536,5.971618652343693,85.2341766357422,-5.161103638823988,199.356232695655,0.120109,0.0229281,156.04216,111.413897,-12.787020000000012,True,True,True
MYS,Malaysia,Asia-Pacific,2004,,3.8,6.78343772370305,124749473684.211,1.42127115937402,6.16483766943988,66393546884.2326,,210.374265897124,0.1525683,0.3711285,0.051671058,129.39624,91.3798828125,,,,0,1.33500106673234,0.0,0.0,0,53.22150460714588,1,,,4.515025353714736,0.0019069138278338,,,,-46.90531999999999,0.0,-46.90531999999999,1,1,131.673297,-59.69234,13.013758507089136,40.207746100056745,0.9949384378155495,5.7884992858875,0.3315948336011598,1.08967632577286,0.17408752441410513,91.2057952880859,16.179136840292983,194.195129056831,0.00953119999999999,0.1430371,176.30156,131.673297,-12.787020000000012,True,True,True
MYS,Malaysia,Asia-Pacific,2005,,3.78709166666667,5.33213916141486,143534405818.501,2.97507092684449,5.94300135813711,70458190074.6077,94.2,203.854644595624,0.0332139,0.2772334,0.028721465,101.538994,94.3055191040039,,,,0,1.3315983542424104,-0.0034027124899296,0.3402712489929627,0,49.08801459331078,1,4.545420181582317,,4.546539715010585,0.0315143612958488,,,,-27.857246000000004,0.0,-27.857246000000004,1,1,131.673297,-87.549586,-4.1334900138351,53.22150460714588,-1.4512985622881898,6.78343772370305,1.5537997674704702,1.42127115937402,2.9256362915039062,91.3798828125,-6.5196213014999955,210.374265897124,-0.1193544,0.1525683,129.39624,131.673297,-59.69234,True,True,True
MYS,Malaysia,Asia-Pacific,2006,,3.66817695833333,5.5848470671515,162692258307.056,3.60923564224389,6.20407077455397,82876090883.1742,100.9,202.577146840398,0.1145548,0.3835036,0.03210572,104.03535,94.8090057373047,,,,0,1.2996947970509507,-0.0319035571914596,3.1903557191459653,0,50.94040229422511,1,4.614129927359564,0.0687097457772463,4.551864401977977,0.0053246869673921,,,,2.4963559999999916,2.4963559999999916,0.0,1,1,134.16965299999998,-87.549586,1.8523877009143277,49.08801459331078,0.25270790573664037,5.33213916141486,0.6341647153993999,2.97507092684449,0.5034866333007955,94.3055191040039,-1.277497755225994,203.854644595624,0.0813409,0.0332139,101.538994,131.673297,-87.549586,True,True,True
MYS,Malaysia,Asia-Pacific,2007,,3.43756938226247,6.29878592740947,193549569477.733,2.02735317779569,6.70420376771245,101994768944.723,104.7,192.465506357652,0.05892,0.2985609,0.023278961,93.73795,99.4797134399414,,,,0,1.2347646467198972,-0.0649301503310535,6.493015033105354,0,52.69697536395556,1,4.651099117876491,0.0369691905169276,4.599953738351455,0.0480893363734775,,,,-10.297399999999996,0.0,-10.297399999999996,1,1,134.16965299999998,-97.846986,1.7565730697304502,50.94040229422511,0.7139388602579695,5.5848470671515,-1.5818824644482001,3.60923564224389,4.6707077026367045,94.8090057373047,-10.111640482745997,202.577146840398,-0.0556348,0.1145548,104.03535,134.16965299999998,-87.549586,True,True,True
MYS,Malaysia,Asia-Pacific,2008,,3.33583333333333,4.83176988913097,230811614370.384,5.44078221100769,5.58926321544649,92166457064.9209,112.2,176.668324785148,-0.0949358,0.2195174,0.021518612,81.196495,104.564979553223,,,,0,1.2047225232164809,-0.0300421235034162,3.0042123503416285,0,39.93146415804758,1,4.720282993088596,0.0691838752121052,4.649808692065143,0.0498549537136883,,,,-12.541455,0.0,-12.541455,1,1,134.16965299999998,-110.388441,-12.765511205907977,52.69697536395556,-1.4670160382784996,6.29878592740947,3.413429033212,2.02735317779569,5.085266113281591,99.4797134399414,-15.797181572504002,192.465506357652,-0.1538558,0.05892,93.73795,134.16965299999998,-97.846986,True,True,True
MYS,Malaysia,Asia-Pacific,2009,,3.52450291070644,-1.51352871598714,202257453036.641,0.583308405623702,7.24461462096015,96704054214.866,98.4,162.558970452699,-0.1462104,0.2116536,0.020689795,83.10186,92.4761276245117,,,,0,1.2597394080809174,0.0550168848644365,5.501688486443657,0,47.81235636213963,1,4.589040804058207,-0.1312421890303889,4.526950531475065,-0.122858160590078,,,,1.9053650000000033,1.9053650000000033,0.0,1,1,136.075018,-110.388441,7.880892204092049,39.93146415804758,-6.34529860511811,4.83176988913097,-4.857473805383988,5.44078221100769,-12.088851928711293,104.564979553223,-14.109354332449016,176.668324785148,-0.05127459999999999,-0.0949358,81.196495,134.16965299999998,-110.388441,True,True,True
MYS,Malaysia,Asia-Pacific,2010,,3.22108691472175,7.42484738326097,255017638455.59,1.62285235577035,6.34115209858422,106528123469.784,100.3,157.944764886771,-0.0491702,0.2255439,0.016528001,84.17017,95.6179351806641,,,,0,1.1697188537545655,-0.0900205543263519,9.002055432635192,0,41.77284524902984,1,4.60816569496789,0.0191248909096826,4.560360408953761,0.0334098774786957,,,,1.0683099999999968,1.0683099999999968,0.0,1,1,137.143328,-110.388441,-6.039511113109789,47.81235636213963,8.93837609924811,-1.51352871598714,1.0395439501466481,0.583308405623702,3.1418075561524006,92.4761276245117,-4.614205565927989,162.558970452699,0.0970402,-0.1462104,83.10186,136.075018,-110.388441,True,True,True
MYS,Malaysia,Asia-Pacific,2011,,3.06000301052058,5.29391283414003,297951668674.835,3.1744709215131,6.91559543869623,133571684231.728,105.8,154.937684607226,0.0660407,0.1386142,0.014467879,90.09539,100.979568481445,,,,0,1.1184158997940603,-0.0513029539605052,5.1302953960505215,0,44.82998360969054,1,4.661550519424199,0.0533848244563088,4.614918204114499,0.0545577951607381,,,,5.925219999999996,5.925219999999996,0.0,1,1,143.068548,-110.388441,3.0571383606606943,41.77284524902984,-2.1309345491209406,7.42484738326097,1.55161856574275,1.62285235577035,5.361633300780895,95.6179351806641,-3.0070802795449936,157.944764886771,0.11521089999999999,-0.0491702,84.17017,137.143328,-110.388441,True,True,True
MYS,Malaysia,Asia-Pacific,2012,,3.08880086662188,5.47345419253853,314443047642.111,1.66357102479206,6.96382782004854,139730782665.941,105.5,147.841754766013,0.1532346,0.2392426,0.02475892,81.475235,100.0,,,,0,1.1277829465369644,0.0093670467429041,0.9367046742904116,0,44.43754877512131,1,4.658710952916121,-0.0028395665080775,4.605170185988092,-0.0097480181264071,,,,-8.620154999999997,0.0,-8.620154999999997,1,1,143.068548,-119.008596,-0.39243483456922945,44.82998360969054,0.1795413583985006,5.29391283414003,-1.5108998967210399,3.1744709215131,-0.9795684814449999,100.979568481445,-7.095929841213007,154.937684607226,0.0871939,0.0660407,90.09539,143.068548,-110.388441,True,True,True
MYS,Malaysia,Asia-Pacific,2013,70.0,3.15090855009724,4.69372252557893,323276235524.415,2.10501231233612,6.66725243910911,134853702251.859,103.3,142.720991464873,0.215957,0.1917656,0.01699584,83.036606,98.7149200439453,,,,0,1.1476908398523074,0.0199078933153429,1.9907893315342928,0,41.71469704016469,1,4.637637376125593,-0.0210735767905285,4.59223610060722,-0.0129340853808717,4.262679877041316,1.0,0.0,1.5613710000000083,1.5613710000000083,0.0,1,1,144.629919,-119.008596,-2.7228517349566204,44.43754877512131,-0.7797316669596004,5.47345419253853,0.44144128754405987,1.66357102479206,-1.2850799560547017,100.0,-5.120763301139988,147.841754766013,0.06272240000000001,0.1532346,81.475235,143.068548,-119.008596,True,True,True
MYS,Malaysia,Asia-Pacific,2014,,3.27285974643047,6.00672194558203,338066095097.254,3.14299050879095,5.67002202010292,115958875075.857,103.5,138.312231176843,0.2951748,0.2420724,0.15223247,100.29159,99.2471237182617,,,,0,1.1856641429145012,0.0379733030621938,3.797330306219382,0,34.30065207884814,1,4.639571612705423,0.0019342365798307,4.597612938978719,0.0053768383714984,,,,17.254983999999993,17.254983999999993,0.0,1,1,161.884903,-119.008596,-7.414044961316549,41.71469704016469,1.3129994200031003,4.69372252557893,1.03797819645483,2.10501231233612,0.5322036743164062,98.7149200439453,-4.40876028803001,142.720991464873,0.0792178,0.215957,83.036606,144.629919,-119.008596,True,True,True
MYS,Malaysia,Asia-Pacific,2015,,3.90550026302768,5.09153242155011,301355266964.947,2.10438980238359,5.50777041074817,95282342267.7486,100.0,131.37007244526,0.2439907,0.1141708,0.045154408,105.95364,92.8342971801758,,,,0,1.3623858834162297,0.1767217405017285,17.67217405017285,0,31.617944901832967,1,4.605170185988092,-0.0344014267173315,4.530816153196596,-0.066796785782123,,,,5.662049999999994,5.662049999999994,0.0,1,1,167.54695299999997,-119.008596,-2.682707177015171,34.30065207884814,-0.9151895240319199,6.00672194558203,-1.03860070640736,3.14299050879095,-6.412826538085909,99.2471237182617,-6.9421587315829925,138.312231176843,-0.05118410000000001,0.2951748,100.29159,161.884903,-119.008596,True,True,True
MYS,Malaysia,Asia-Pacific,2016,,4.14830066287879,4.44978139761541,301256033870.334,2.09056659525742,5.64270997827513,94481267074.1533,96.7,126.8990100257,0.1034428,0.098701,0.034990028,98.67869,90.6230850219727,,,,0,1.422698771558872,0.0603128881426422,6.031288814264224,0,31.36244803475695,1,4.571613402459248,-0.0335567835288435,4.506708982159555,-0.0241071710370404,,,,-7.27494999999999,0.0,-7.27494999999999,1,1,167.54695299999997,-126.28354599999999,-0.2554968670760154,31.617944901832967,-0.6417510239347006,5.09153242155011,-0.013823207126169912,2.10438980238359,-2.2112121582030966,92.8342971801758,-4.471062419560013,131.37007244526,-0.1405479,0.2439907,105.95364,167.54695299999997,-119.008596,True,True,True
MYS,Malaysia,Asia-Pacific,2017,1.0,4.30044087761124,5.81272240983328,319109094160.343,3.87120115774237,5.50760741130421,102446599680.702,97.7,133.155173371956,0.0731841,0.1306432,0.06839203,107.37731,91.6160125732422,,,,0,1.4587175471207412,0.0360187755618692,3.601877556186928,0,32.103942368131186,1,4.581901559048737,0.010288156589489,4.517606066154193,0.0108970839946378,0.6931471805599453,0.0,0.0,8.698619999999991,8.698619999999991,0.0,1,1,176.24557299999998,-126.28354599999999,0.7414943333742343,31.36244803475695,1.3629410122178705,4.44978139761541,1.7806345624849498,2.09056659525742,0.9929275512695028,90.6230850219727,6.256163346256017,126.8990100257,-0.0302587,0.1034428,98.67869,167.54695299999997,-126.28354599999999,True,True,True
MYS,Malaysia,Asia-Pacific,2018,,4.03513013706806,4.84308697634881,358788845712.53,0.884709160571235,4.91023691554348,101452531755.37,97.4,130.402625502126,0.4935415,0.2863954,0.03643053,98.55291,92.5885314941406,,,,0,1.3950385532633025,-0.0636789938574386,6.367899385743869,0,28.27638957222659,1,4.578826210648489,-0.0030753484002481,4.52816528402681,0.0105592178726166,,,,-8.824399999999997,0.0,-8.824399999999997,1,1,176.24557299999998,-135.10794599999997,-3.8275527959045945,32.103942368131186,-0.9696354334844699,5.81272240983328,-2.986491997171135,3.87120115774237,0.9725189208983949,91.6160125732422,-2.7525478698300105,133.155173371956,0.4203574,0.0731841,107.37731,176.24557299999998,-126.28354599999999,True,True,True
MYS,Malaysia,Asia-Pacific,2019,,4.14246973569731,4.41318742129586,365177721021.516,0.662891865764326,5.26575125943776,103629721168.985,98.5,123.028562027943,0.4609033,0.3389272,0.023311697,90.94625,87.0310440063477,,,,0,1.4212921644855712,0.0262536112222686,2.625361122226866,0,28.377887040616923,1,4.590056548178043,0.0112303375295539,4.466264882665904,-0.0619004013609059,,,,-7.606659999999991,0.0,-7.606659999999991,1,1,176.24557299999998,-142.71460599999997,0.10149746839033114,28.27638957222659,-0.4298995550529501,4.84308697634881,-0.22181729480690904,0.884709160571235,-5.557487487792898,92.5885314941406,-7.374063474183004,130.402625502126,-0.032638200000000006,0.4935415,98.55291,176.24557299999998,-135.10794599999997,True,True,True
MYS,Malaysia,Asia-Pacific,2020,,4.20348194851884,-5.45684658426701,337456163961.211,-1.1387021539305,6.26880997379088,107643865229.363,99.0,116.788182437638,0.420523,0.3499706,0.02466449,77.2938,86.5904159545898,,,,0,1.4359132171909497,0.0146210527053785,1.46210527053785,0,31.898621724905333,1,4.59511985013459,0.0050633019565466,4.461189139173658,-0.0050757434922461,,,,-13.652450000000002,0.0,-13.652450000000002,1,1,176.24557299999998,-156.367056,3.52073468428841,28.377887040616923,-9.870034005562871,4.41318742129586,-1.801594019694826,0.662891865764326,-0.44062805175789777,87.0310440063477,-6.240379590304997,123.028562027943,-0.040380300000000036,0.4609033,90.94625,176.24557299999998,-142.71460599999997,True,True,True
MYS,Malaysia,Asia-Pacific,2021,,4.14329759817721,3.31534954399166,373784553029.978,2.47710241465447,5.18620609619313,116915867599.997,104.9,134.035994690727,0.3015023,0.3016338,0.025891878,82.07024,102.679252624512,,,,0,1.4214919920813258,-0.0144212251096238,1.4421225109623848,0,31.278945759596485,1,4.653007515402251,0.0578876652676614,4.6316100772903575,0.1704209381166999,,,,4.776439999999994,4.776439999999994,0.0,1,1,181.02201299999996,-156.367056,-0.619675965308847,31.898621724905333,8.77219612825867,-5.45684658426701,3.61580456858497,-1.1387021539305,16.088836669922202,86.5904159545898,17.247812253088995,116.788182437638,-0.11902069999999998,0.420523,77.2938,176.24557299999998,-156.367056,True,True,True
MYS,Malaysia,Asia-Pacific,2022,,4.40107634540072,9.03173723044451,407830525989.553,3.37869862549928,4.32861908087948,114658812345.11,111.9,146.424604753908,0.3710292,0.2952941,0.030087413,157.58319,109.866897583008,,,,0,1.4818491349633636,0.0603571428820377,6.035714288203775,0,28.11432814326584,1,4.71760561531788,0.0645980999156288,4.6992696111520855,0.067659533861728,,,,75.51295,75.51295,0.0,1,1,256.53496299999995,-156.367056,-3.164617616330645,31.278945759596485,5.716387686452849,3.31534954399166,0.9015962108448101,2.47710241465447,7.187644958495994,102.679252624512,12.388610063181005,134.035994690727,0.0695269,0.3015023,82.07024,181.02201299999996,-156.367056,True,True,True
MYS,Malaysia,Asia-Pacific,2023,,4.56062343240897,3.5370638041057,399949418752.657,2.48886560125754,4.77774044018093,113462632023.729,111.7,132.593461641599,0.380697,0.3016843,0.024245627,121.71125,95.0762100219727,,,,0,1.5174593318148368,0.0356101968514732,3.5610196851473264,0,28.36924538547669,1,4.715816706075155,-0.001788909242725,4.5546787807590805,-0.144590830393005,,,,-35.871939999999995,0.0,-35.871939999999995,1,1,256.53496299999995,-192.238996,0.2549172422108512,28.11432814326584,-5.494673426338809,9.03173723044451,-0.88983302424174,3.37869862549928,-14.790687561035298,109.866897583008,-13.831143112309007,146.424604753908,0.009667800000000004,0.3710292,157.58319,256.53496299999995,-156.367056,True,True,True
MYS,Malaysia,Asia-Pacific,2024,,4.5764279106858,5.10545921024041,422227005428.688,1.834100204499,4.45057833503037,116229205257.758,116.1,137.362571161559,0.4983973,0.3451357,0.029097201,134.45274,94.6783065795898,,,,0,1.520918761656095,0.0034594298412582,0.3459429841258243,0,27.527657815195933,1,4.754451888703846,0.038635182628691,4.550484898761178,-0.0041938819979021,,,,12.741489999999999,12.741489999999999,0.0,1,1,269.27645299999995,-192.238996,-0.8415875702807583,28.36924538547669,1.5683954061347096,3.5370638041057,-0.6547653967585398,2.48886560125754,-0.39790344238289777,95.0762100219727,4.769109519960011,132.593461641599,0.11770029999999998,0.380697,121.71125,256.53496299999995,-192.238996,True,True,True
MEX,Mexico,Latin America,2000,,9.45555833333333,5.02928399378261,742061329749.127,9.49156149435403,2.01762486355417,35577279053.6649,,49.9104091872497,-0.052013,-0.5434,0.07080921,57.415283,76.8695755004883,,,,0,2.2466027520150984,,,0,4.79438526539211,0,,,4.342110161041751,,,,,,,,1,1,,,,,,,,,,,,,,,,,,True,True,True
MEX,Mexico,Latin America,2001,,9.34234166666667,-0.450845253215945,796064590549.136,6.36773806235037,2.63689971681986,44804667773.015,,44.7401090123173,,,0.14001401,168.82918,73.5401306152344,,,,0,2.2345569345931797,-0.0120458174219191,1.2045817421919125,0,5.628270407318097,0,,,4.297831251982976,-0.0442789090587742,,,,111.413897,111.413897,0.0,1,1,111.413897,0.0,0.833885141925987,4.79438526539211,-5.480129246998556,5.02928399378261,-3.12382343200366,9.49156149435403,-3.329444885253892,76.8695755004883,-5.1703001749324,49.9104091872497,,-0.052013,57.415283,,,True,True,True
MEX,Mexico,Latin America,2002,,9.65595833333333,-0.236588001922641,810666116401.915,5.03072733151295,2.98006982310122,50671452144.9585,,45.209829259652,-0.323118099999999,-0.2878254,0.14228405,156.04216,74.2240829467773,,,,0,2.267575168679596,0.0330182340864166,3.3018234086416687,0,6.250594556715927,0,,,4.307088665528397,0.0092574135454208,,,,-12.787020000000012,0.0,-12.787020000000012,1,1,111.413897,-12.787020000000012,0.62232414939783,5.628270407318097,0.21425725129330397,-0.450845253215945,-1.3370107308374202,6.36773806235037,0.6839523315428977,73.5401306152344,0.4697202473346991,44.7401090123173,,,168.82918,111.413897,0.0,True,True,True
MEX,Mexico,Latin America,2003,,10.7890191666667,1.18554486709559,765549967888.647,4.54690012118718,3.44046588174088,59026700311.4513,,48.7004168690455,-0.321735899999999,-0.239611499999999,0.17473914,176.30156,75.2269515991211,,,,0,2.378528873068385,0.1109537043887889,11.095370438878891,0,7.710365461087319,0,,,4.320509565670724,0.0134209001423268,,,,20.2594,20.2594,0.0,1,1,131.673297,-12.787020000000012,1.4597709043713918,6.250594556715927,1.4221328690182309,-0.236588001922641,-0.4838272103257699,5.03072733151295,1.0028686523437926,74.2240829467773,3.4905876093935007,45.209829259652,0.0013822,-0.323118099999999,156.04216,111.413897,-12.787020000000012,True,True,True
MEX,Mexico,Latin America,2004,,11.2859666666667,3.56544102622887,819459227375.022,4.68840884843143,3.28782723404344,64201699862.8694,,52.0406200335632,-0.4561652,-0.1818945,0.12831219,129.39624,79.1482620239258,,,,0,2.4235600660308645,0.0450311929624795,4.503119296247959,0,7.834642373669651,0,,,4.371322828081213,0.0508132624104886,,,,-46.90531999999999,0.0,-46.90531999999999,1,1,131.673297,-59.69234,0.12427691258233242,7.710365461087319,2.3798961591332803,1.18554486709559,0.14150872724424968,4.54690012118718,3.9213104248047017,75.2269515991211,3.3402031645177033,48.7004168690455,-0.13442930000000097,-0.321735899999999,176.30156,131.673297,-12.787020000000012,True,True,True
MEX,Mexico,Latin America,2005,,10.8978916666667,2.11324711473297,917571853437.344,3.98805714597437,3.31288171093641,74109703346.0659,92.4,52.5626446570451,-0.432437399999999,-0.2086303,0.08729732,101.538994,88.6880493164063,,,,0,2.3885693454496058,-0.0349907205812587,3.499072058125874,0,8.07671934011939,0,4.526126978647638,,4.485125148743575,0.1138023206623621,,,,-27.857246000000004,0.0,-27.857246000000004,1,1,131.673297,-87.549586,0.24207696644973797,7.834642373669651,-1.4521939114959,3.56544102622887,-0.70035170245706,4.68840884843143,9.539787292480511,79.1482620239258,0.5220246234818973,52.0406200335632,0.02372780000000102,-0.4561652,129.39624,131.673297,-59.69234,True,True,True
MEX,Mexico,Latin America,2006,,10.8992416666667,4.80501351664901,1020265057882.01,3.62946762439132,2.96677953801298,76329367204.2543,99.9,54.4821160886169,-0.337978799999999,-0.2086418,0.10151709,104.03535,93.6958694458008,,,,0,2.388693214949423,0.0001238694998173,0.0123869499817352,0,7.481327191848368,0,4.604169685654508,0.0780427070068698,4.540054105517108,0.0549289567735336,,,,2.4963559999999916,2.4963559999999916,0.0,1,1,134.16965299999998,-87.549586,-0.5953921482710216,8.07671934011939,2.6917664019160403,2.11324711473297,-0.3585895215830499,3.98805714597437,5.007820129394489,88.6880493164063,1.9194714315718002,52.5626446570451,0.09445859999999995,-0.432437399999999,101.538994,131.673297,-87.549586,True,True,True
MEX,Mexico,Latin America,2007,,10.9281916666667,2.0778639395329,1102355554880.44,3.96684905458235,3.06932316704467,87208175923.3125,102.2,55.2585243990368,-0.402557699999999,-0.2930473,0.08142049,93.73795,94.3334350585938,,,,0,2.3913458417180657,0.0026526267686426,0.2652626768642641,0,7.9110751097699135,0,4.626931677769604,0.0227619921150958,4.546835687334198,0.0067815818170897,,,,-10.297399999999996,0.0,-10.297399999999996,1,1,134.16965299999998,-97.846986,0.42974791792154576,7.481327191848368,-2.7271495771161103,4.80501351664901,0.33738143019103006,3.62946762439132,0.6375656127930114,93.6958694458008,0.7764083104199031,54.4821160886169,-0.0645789,-0.337978799999999,104.03535,134.16965299999998,-87.549586,True,True,True
MEX,Mexico,Latin America,2008,,11.1297166666667,0.943331872912935,1161553459984.65,5.12498274575896,3.10571376172191,95299838182.8513,100.4,56.3652818731773,-0.3871309,-0.5412926,0.07064252,81.196495,99.3588790893555,,,,0,2.409618708239859,0.018272866521793,1.8272866521793047,0,8.20451588892953,0,4.609162207257629,-0.0177694705119746,4.598738336814725,0.0519026494805272,,,,-12.541455,0.0,-12.541455,1,1,134.16965299999998,-110.388441,0.2934407791596163,7.9110751097699135,-1.1345320666199652,2.0778639395329,1.1581336911766096,3.96684905458235,5.02544403076169,94.3334350585938,1.106757474140501,55.2585243990368,0.015426799999999019,-0.402557699999999,93.73795,134.16965299999998,-97.846986,True,True,True
MEX,Mexico,Latin America,2009,,13.513475,-6.29525056697287,943437414950.633,5.29735584228856,4.18740932590072,99888815494.3453,106.0,54.5917421356323,-0.316011999999999,-0.478466299999999,0.08960894,83.10186,92.3690567016602,,,,0,2.603687335773906,0.194068627534047,19.40686275340471,0,10.587752182753125,0,4.663439094112067,0.0542768868544376,4.525792038380242,-0.0729462984344833,,,,1.9053650000000033,1.9053650000000033,0.0,1,1,136.075018,-110.388441,2.383236293823595,8.20451588892953,-7.238582439885805,0.943331872912935,0.17237309652960064,5.12498274575896,-6.989822387695298,99.3588790893555,-1.7735397375450006,56.3652818731773,0.07111890000000098,-0.3871309,81.196495,134.16965299999998,-110.388441,True,True,True
MEX,Mexico,Latin America,2010,,12.6360083333333,4.9713345832195,1105424238651.95,4.15672722680174,4.05364499570365,120584016515.123,105.1,59.2733845336286,-0.383217,-0.5089477,0.11971951,84.17017,96.712516784668,,,,0,2.536550542431019,-0.067136793342887,6.7136793342887024,0,10.908392660375675,0,4.6549122778829055,-0.0085268162291614,4.571742833427766,0.0459507950475241,,,,1.0683099999999968,1.0683099999999968,0.0,1,1,137.143328,-110.388441,0.32064047762255043,10.587752182753125,11.26658515019237,-6.29525056697287,-1.1406286154868202,5.29735584228856,4.343460083007798,92.3690567016602,4.681642397996299,54.5917421356323,-0.06720500000000096,-0.316011999999999,83.10186,136.075018,-110.388441,True,True,True
MEX,Mexico,Latin America,2011,,12.423325,3.44404505297089,1229013703416.76,3.40737824605742,4.27630853093349,149208113907.362,100.9,62.1623872764498,-0.4247504,-0.617978399999999,0.08207973,90.09539,99.5421524047852,,,,0,2.519575754042044,-0.0169747883889752,1.697478838897526,0,12.140476016870362,0,4.614129927359564,-0.040782350523342,4.600581196712649,0.0288383632848825,,,,5.925219999999996,5.925219999999996,0.0,1,1,143.068548,-110.388441,1.2320833564946874,10.908392660375675,-1.52728953024861,4.9713345832195,-0.7493489807443203,4.15672722680174,2.8296356201172017,96.712516784668,2.889002742821198,59.2733845336286,-0.0415334,-0.383217,84.17017,137.143328,-110.388441,True,True,True
MEX,Mexico,Latin America,2012,,13.1694583333333,3.55321076010608,1255110424741.85,4.11150981070289,4.48471717639987,167075785316.037,100.2,64.2579318938989,-0.4579567,-0.5948829,0.068160616,81.475235,100.0,,,,0,2.577900386081229,0.0583246320391852,5.832463203918525,0,13.31164031646068,0,4.607168188650764,-0.0069617387087994,4.605170185988092,0.0045889892754429,,,,-8.620154999999997,0.0,-8.620154999999997,1,1,143.068548,-119.008596,1.171164299590318,12.140476016870362,0.10916570713518992,3.44404505297089,0.7041315646454698,3.40737824605742,0.4578475952148011,99.5421524047852,2.0955446174491,62.1623872764498,-0.03320630000000002,-0.4247504,90.09539,143.068548,-110.388441,True,True,True
MEX,Mexico,Latin America,2013,,12.7719916666667,0.852101550164704,1327436290439.27,3.80639069747204,4.5658776197185,180200033349.658,97.7,62.6916747661852,-0.5312775,-0.6475514,0.05668704,83.036606,100.615783691406,,,,0,2.5472546223833827,-0.0306457636978461,3.0645763697846107,0,13.575041954746236,0,4.581901559048737,-0.0252666296020267,4.611309140899635,0.0061389549115435,,,,1.5613710000000083,1.5613710000000083,0.0,1,1,144.629919,-119.008596,0.26340163828555596,13.31164031646068,-2.701109209941376,3.55321076010608,-0.3051191132308495,4.11150981070289,0.6157836914059942,100.0,-1.5662571277136976,64.2579318938989,-0.07332079999999996,-0.4579567,81.475235,143.068548,-119.008596,True,True,True
MEX,Mexico,Latin America,2014,,13.29245,2.50376350783593,1364507717689.36,4.01861608078679,4.80529226012456,195681624545.922,97.7,64.0984090315875,-0.7528978,-0.5831095,0.043753278,100.29159,100.469078063965,,,,0,2.587196204869628,0.0399415824862452,3.994158248624524,0,14.34082211548695,0,4.581901559048737,0.0,4.609849999200062,-0.0014591416995735,,,,17.254983999999993,17.254983999999993,0.0,1,1,161.884903,-119.008596,0.7657801607407144,13.575041954746236,1.651661957671226,0.852101550164704,0.21222538331475027,3.80639069747204,-0.14670562744099414,100.615783691406,1.4067342654022923,62.6916747661852,-0.2216203,-0.5312775,83.036606,144.629919,-119.008596,True,True,True
MEX,Mexico,Latin America,2015,,15.8482666666667,2.70232343024026,1213294467653.78,2.72064064964023,4.46007738307296,177596632552.624,100.0,70.4129746799259,-0.840903899999999,-0.6829719,0.06528615,105.95364,92.841926574707,,,,0,2.763060135773281,0.1758639309036529,17.58639309036529,0,14.637553972866389,0,4.605170185988092,0.0232686269393544,4.530898332749596,-0.0789516664504654,,,,5.662049999999994,5.662049999999994,0.0,1,1,167.54695299999997,-119.008596,0.29673185737943797,14.34082211548695,0.19855992240433018,2.50376350783593,-1.2979754311465603,4.01861608078679,-7.627151489257997,100.469078063965,6.314565648338402,64.0984090315875,-0.08800609999999909,-0.7528978,100.29159,161.884903,-119.008596,True,True,True
MEX,Mexico,Latin America,2016,,18.6640583333333,1.7724932254128,1112233497452.7,2.8217078474766,4.54794007085504,177973637254.61,103.2,75.6903034088551,-0.8211672,-0.667592499999999,0.10743753,98.67869,93.1388549804688,,,,0,2.926599660160736,0.1635395243874544,16.353952438745445,0,16.001463511233503,0,4.636668853047462,0.0314986670593704,4.534091443947087,0.0031931111974907,,,,-7.27494999999999,0.0,-7.27494999999999,1,1,167.54695299999997,-126.28354599999999,1.363909538367114,14.637553972866389,-0.92983020482746,2.70232343024026,0.10106719783636997,2.72064064964023,0.296928405761804,92.841926574707,5.277328728929206,70.4129746799259,0.019736699999999052,-0.840903899999999,105.95364,167.54695299999997,-119.008596,True,True,True
MEX,Mexico,Latin America,2017,,18.9265166666667,1.87172854648381,1190721475853.16,6.04145724018986,4.12120736692421,175469669183.544,102.7,76.95212604414,-0.9481326,-0.7300047,0.13347028,107.37731,94.42626953125,,,,0,2.9405639370194927,0.0139642768587573,1.396427685875734,0,14.73641592445612,0,4.631812116934513,-0.0048567361129494,4.547819313371788,0.0137278694247005,,,,8.698619999999991,8.698619999999991,0.0,1,1,176.24557299999998,-126.28354599999999,-1.2650475867773832,16.001463511233503,0.09923532107100996,1.7724932254128,3.2197493927132603,2.8217078474766,1.2874145507811932,93.1388549804688,1.2618226352849007,75.6903034088551,-0.1269654,-0.8211672,98.67869,167.54695299999997,-126.28354599999999,True,True,True
MEX,Mexico,Latin America,2018,,19.2443416666667,1.97208211101069,1256300182983.65,4.89935015356551,3.74611361421752,176390278595.584,102.0,80.212661650262,-0.9427494,-0.8062687,0.13807194,98.55291,95.4390106201172,,,,0,2.9572170781312046,0.0166531411117119,1.66531411117119,0,14.040456332392308,0,4.624972813284271,-0.0068393036502421,4.558487411224164,0.0106680978523758,,,,-8.824399999999997,0.0,-8.824399999999997,1,1,176.24557299999998,-135.10794599999997,-0.6959595920638115,14.73641592445612,0.10035356452688005,1.87172854648381,-1.1421070866243506,6.04145724018986,1.0127410888672017,94.42626953125,3.260535606122005,76.95212604414,0.005383200000000032,-0.9481326,107.37731,176.24557299999998,-126.28354599999999,True,True,True
MEX,Mexico,Latin America,2019,,19.2636333333333,-0.392690513290532,1304106204006.27,3.63596142127046,3.91541539352767,183056094117.556,105.2,77.4619722509459,-0.8896518,-0.8760117,0.14396195,90.94625,97.5114517211914,,,,0,2.958219035168963,0.0010019570377584,0.1001957037758405,0,14.036900794981255,0,4.65586330030361,0.0308904870193389,4.579969824657354,0.0214824134331905,,,,-7.606659999999991,0.0,-7.606659999999991,1,1,176.24557299999998,-142.71460599999997,-0.003555537411052967,14.040456332392308,-2.364772624301222,1.97208211101069,-1.2633887322950499,4.89935015356551,2.0724411010742045,95.4390106201172,-2.7506893993161015,80.212661650262,0.05309759999999997,-0.9427494,98.55291,176.24557299999998,-135.10794599999997,True,True,True
MEX,Mexico,Latin America,2020,,21.4856083333333,-8.35403459379062,1121064767168.8,3.39683415570006,5.07902828726659,199069188921.046,107.9,76.8545557151738,-0.853792,-0.986665199999999,0.07891426,77.2938,93.9773712158203,,,,0,3.06738333115394,0.1091642959849763,10.916429598497636,0,17.75715326633505,0,4.681204872264089,0.025341571960479,4.543054021542873,-0.0369158031144811,,,,-13.652450000000002,0.0,-13.652450000000002,1,1,176.24557299999998,-156.367056,3.7202524713537937,14.036900794981255,-7.961344080500089,-0.392690513290532,-0.23912726557039976,3.63596142127046,-3.534080505371108,97.5114517211914,-0.6074165357721029,77.4619722509459,0.0358598,-0.8896518,90.94625,176.24557299999998,-142.71460599999997,True,True,True
MEX,Mexico,Latin America,2021,,20.2724083333333,6.04848347173572,1316569466833.94,5.68920847683753,4.12398114778684,207799490381.042,103.5,83.0692976264524,-0.8733867,-1.0248188,0.060982436,82.07024,90.0302047729492,,,,0,3.009260766101518,-0.0581225650524213,5.81225650524213,0,15.783404948677267,0,4.639571612705423,-0.0416332595586652,4.500145222614624,-0.0429087989282486,,,,4.776439999999994,4.776439999999994,0.0,1,1,181.02201299999996,-156.367056,-1.9737483176577815,17.75715326633505,14.40251806552634,-8.35403459379062,2.29237432113747,3.39683415570006,-3.9471664428710938,93.9773712158203,6.214741911278594,76.8545557151738,-0.019594699999999965,-0.853792,77.2938,176.24557299999998,-156.367056,True,True,True
MEX,Mexico,Latin America,2022,,20.12735,3.70975708309098,1466934724243.38,7.8962761916855,3.32190681281323,201118689946.087,98.9,88.7984855897261,-0.8757541,-1.0822517,0.08087531,157.58319,88.3885879516602,,,,0,3.002079586673855,-0.007181179427663,0.7181179427663054,0,13.71013219758777,0,4.594109238628667,-0.0454623740767567,4.481742865740593,-0.0184023568740316,,,,75.51295,75.51295,0.0,1,1,256.53496299999995,-156.367056,-2.0732727510894975,15.783404948677267,-2.33872638864474,6.04848347173572,2.2070677148479696,5.68920847683753,-1.6416168212890057,90.0302047729492,5.729187963273702,83.0692976264524,-0.0023674000000000195,-0.8733867,82.07024,181.02201299999996,-156.367056,True,True,True
MEX,Mexico,Latin America,2023,,17.7587166666667,3.1067964131456,1794410347718.25,5.52796087314389,3.44254741981939,214316827085.02,101.4,73.7390758255664,-0.9321625,-1.0777054,0.09251367,121.71125,93.80908203125,,,,0,2.876876475193404,-0.125203111480451,12.520311148045105,0,11.943579536171455,0,4.619073091157083,0.0249638525284163,4.541261674685974,0.0595188089453815,,,,-35.871939999999995,0.0,-35.871939999999995,1,1,256.53496299999995,-192.238996,-1.7665526614163145,13.71013219758777,-0.60296066994538,3.70975708309098,-2.36831531854161,7.8962761916855,5.420494079589801,88.3885879516602,-15.059409764159696,88.7984855897261,-0.056408400000000025,-0.8757541,157.58319,256.53496299999995,-156.367056,True,True,True
MEX,Mexico,Latin America,2024,,18.3048583333333,1.35057631384696,1830489311088.89,4.72225588452932,3.54735732153754,232035392464.815,104.4,75.4259015415068,-0.9408772,-1.15386449999999,0.11690325,134.45274,96.0407791137695,,,,0,2.907166507308889,0.0302900321154848,3.0290032115484866,0,12.67614025709802,0,4.648229675448539,0.0291565842914556,4.564772883708418,0.0235112090224438,,,,12.741489999999999,12.741489999999999,0.0,1,1,269.27645299999995,-192.238996,0.7325607209265641,11.943579536171455,-1.75622009929864,3.1067964131456,-0.8057049886145702,5.52796087314389,2.231697082519503,93.80908203125,1.686825715940401,73.7390758255664,-0.008714699999999964,-0.9321625,121.71125,256.53496299999995,-192.238996,True,True,True
MNG,Mongolia,Eurasia & Central Asia,2000,,1076.66666666667,1.14606213709108,1136896123.61298,11.5955387593327,3.06752208260454,202077115.561911,,121.886609754208,-0.250790399999999,0.061002,,57.415283,79.8474044799805,,,,0,6.981625127548596,,,0,17.774457258216643,0,,,4.3801173691857045,,,,,,,,0,0,,,,,,,,,,,,,,,,,,True,True,True
MNG,Mongolia,Eurasia & Central Asia,2001,,1097.6975,2.95271054338117,1267997934.3125,6.27736020484006,2.93095953561787,206545596.96037,,115.81832687888,,,,168.82918,78.2551803588867,,,,0,7.0009700832013815,0.0193449556527856,1.93449556527856,0,16.289111470229454,0,,,4.359975029898441,-0.020142339287263,,,,111.413897,111.413897,0.0,0,0,111.413897,0.0,-1.485345787987189,17.774457258216643,1.80664840629009,1.14606213709108,-5.318178554492639,11.5955387593327,-1.5922241210937926,79.8474044799805,-6.068282875327995,121.886609754208,,-0.250790399999999,57.415283,,,True,True,True
MNG,Mongolia,Eurasia & Central Asia,2002,,1110.31,4.73297846590111,1396555719.97409,0.91707468718427,3.32316605141988,267337072.582122,,118.517253113943,-0.1359898,0.1450536,,156.04216,79.4857940673828,,,,0,7.012394534594461,0.0114244513930792,1.1424451393079238,0,19.142599808841272,0,,,4.375578314716835,0.0156032848183933,,,,-12.787020000000012,0.0,-12.787020000000012,0,0,111.413897,-12.787020000000012,2.853488338611818,16.289111470229454,1.7802679225199398,2.95271054338117,-5.36028551765579,6.27736020484006,1.2306137084960938,78.2551803588867,2.6989262350629986,115.81832687888,,,168.82918,111.413897,0.0,True,True,True
MNG,Mongolia,Eurasia & Central Asia,2003,,1146.5425,7.00463457384886,1595297355.78349,5.12899499422419,2.20197247660903,203558127.168395,,120.299393514881,-0.330772399999999,0.1455551,,176.30156,81.0854797363281,,,,0,7.044506170952382,0.0321116363579214,3.211163635792147,0,12.75988620117925,0,,,4.39550390361592,0.0199255888990848,,,,20.2594,20.2594,0.0,0,0,131.673297,-12.787020000000012,-6.382713607662021,19.142599808841272,2.2716561079477504,4.73297846590111,4.21192030703992,0.91707468718427,1.5996856689452983,79.4857940673828,1.7821404009380046,118.517253113943,-0.19478259999999903,-0.1359898,156.04216,111.413897,-12.787020000000012,True,True,True
MNG,Mongolia,Eurasia & Central Asia,2004,,1185.2975,10.6254059599309,1992066808.09598,8.24115449417619,1.74005021253315,207833968.241407,,131.329318233554,-0.3130479,0.1323651,,129.39624,90.6455001831055,,,,0,7.077749076912556,0.0332429059601739,3.3242905960173985,0,10.433082233826031,0,,,4.506956296510486,0.1114523928945665,,,,-46.90531999999999,0.0,-46.90531999999999,0,0,131.673297,-59.69234,-2.3268039673532197,12.75988620117925,3.6207713860820396,7.00463457384886,3.112159499952,5.12899499422419,9.5600204467774,81.0854797363281,11.029924718673001,120.299393514881,0.017724499999999033,-0.330772399999999,176.30156,131.673297,-12.787020000000012,True,True,True
MNG,Mongolia,Eurasia & Central Asia,2005,,1205.24666666667,7.25366543796015,2523471601.10421,12.7165674066053,2.45430661887371,333150649.734728,85.6,122.381459889773,-0.5181569,-0.1863496,,101.538994,91.1147918701172,,,,0,7.094439527603973,0.0166904506914171,1.669045069141717,0,13.202076440604657,0,4.449685283147696,,4.512120160680536,0.0051638641700497,,,,-27.857246000000004,0.0,-27.857246000000004,0,0,131.673297,-87.549586,2.7689942067786255,10.433082233826031,-3.37174052197075,10.6254059599309,4.47541291242911,8.24115449417619,0.46929168701170454,90.6455001831055,-8.947858343781007,131.329318233554,-0.20510900000000004,-0.3130479,129.39624,131.673297,-59.69234,True,True,True
MNG,Mongolia,Eurasia & Central Asia,2006,,1179.69916666667,8.55623481664365,3414055661.61598,5.09516661663157,4.57783576708187,719617928.6269,117.9,112.929983096983,-0.5684421,-0.220498,,104.03535,110.23104095459,,,,0,7.073014741453269,-0.0214247861507042,2.14247861507042,0,21.078095964208217,0,4.769836807543325,0.3201515243956292,4.702578535408726,0.1904583747281902,,,,2.4963559999999916,2.4963559999999916,0.0,0,0,134.16965299999998,-87.549586,7.87601952360356,13.202076440604657,1.3025693786835006,7.25366543796015,-7.62140078997373,12.7165674066053,19.1162490844728,91.1147918701172,-9.451476792790004,122.381459889773,-0.05028519999999992,-0.5181569,101.538994,131.673297,-87.549586,True,True,True
MNG,Mongolia,Eurasia & Central Asia,2007,,1170.40083333333,10.2480163590057,4234999703.90059,9.63096309630964,4.59131566898255,1001846766.06474,120.2,117.880426425377,-0.642802499999999,-0.2335498,,93.73795,111.086669921875,,,,0,7.065101561712949,-0.0079131797403197,0.7913179740319798,0,23.656359766495434,0,4.789157022101107,0.0193202145577817,4.710310706745689,0.0077321713369631,,,,-10.297399999999996,0.0,-10.297399999999996,0,0,134.16965299999998,-97.846986,2.5782638022872177,21.078095964208217,1.6917815423620493,8.55623481664365,4.535796479678071,5.09516661663157,0.8556289672849999,110.23104095459,4.950443328394002,112.929983096983,-0.0743603999999991,-0.5684421,104.03535,134.16965299999998,-87.549586,True,True,True
MNG,Mongolia,Eurasia & Central Asia,2008,,1165.80416666667,8.90036794067551,5623216608.04288,27.9556650246306,1.99198261172605,656677378.546504,109.0,121.198013401183,-0.6709369,-0.3439559,,81.196495,98.9570617675781,,,,0,7.06116639968867,-0.0039351620242795,0.393516202427957,0,11.677966977250335,0,4.691347882229144,-0.0978091398719636,4.5946860365316615,-0.1156246702140277,,,,-12.541455,0.0,-12.541455,0,0,134.16965299999998,-110.388441,-11.978392789245099,23.656359766495434,-1.3476484183301896,10.2480163590057,18.324701928320962,9.63096309630964,-12.129608154296903,111.086669921875,3.317586975806009,117.880426425377,-0.028134400000000892,-0.642802499999999,93.73795,134.16965299999998,-97.846986,True,True,True
MNG,Mongolia,Eurasia & Central Asia,2009,,1437.795,-1.26859893608282,4583850367.88972,7.6195059351941,5.58709365624088,1327038037.27796,108.7,107.813757166177,-0.575945199999999,-0.2518534,,83.10186,93.7912902832031,,,,0,7.270865969008601,0.2096995693199312,20.969956931993128,0,28.95029136583471,0,4.688591794127164,-0.0027560881019796,4.541071997577333,-0.0536140389543282,,,,1.9053650000000033,1.9053650000000033,0.0,0,0,136.075018,-110.388441,17.272324388584373,11.677966977250335,-10.16896687675833,8.90036794067551,-20.3361590894365,27.9556650246306,-5.165771484375,98.9570617675781,-13.384256235006006,121.198013401183,0.0949917000000009,-0.6709369,81.196495,134.16965299999998,-110.388441,True,True,True
MNG,Mongolia,Eurasia & Central Asia,2010,,1357.06416666667,6.3651616786311,7189481998.90094,10.0462065881651,6.10657797157574,2287769451.70851,136.7,103.350031656557,-0.6280549,-0.322234099999999,,84.17017,111.043998718262,,,,0,7.213078944396133,-0.0577870246124678,5.778702461246787,0,31.821060989626822,0,4.917788743729904,0.2291969496027404,4.709926507621821,0.168854510044488,,,,1.0683099999999968,1.0683099999999968,0.0,0,0,137.143328,-110.388441,2.870769623792114,28.95029136583471,7.63376061471392,-1.26859893608282,2.4267006529710002,7.6195059351941,17.252708435058906,93.7912902832031,-4.463725509620005,107.813757166177,-0.052109700000000925,-0.575945199999999,83.10186,136.075018,-110.388441,True,True,True
MNG,Mongolia,Eurasia & Central Asia,2011,,1265.51583333333,17.2907775869555,10409797377.8571,8.41121495327101,3.13130065526704,2447811909.14304,140.7,126.999228633482,-0.5822872,-0.236366,,90.09539,115.248123168945,,,,0,7.14323509143068,-0.0698438529654534,6.984385296545348,0,23.514501006041023,1,4.946629964120343,0.0288412203904391,4.747087396876002,0.0371608892541805,,,,5.925219999999996,5.925219999999996,0.0,0,0,143.068548,-110.388441,-8.3065599835858,31.821060989626822,10.9256159083244,6.3651616786311,-1.6349916348940905,10.0462065881651,4.204124450682997,111.043998718262,23.649196976925012,103.350031656557,0.04576769999999997,-0.6280549,84.17017,137.143328,-110.388441,True,True,True
MNG,Mongolia,Eurasia & Central Asia,2012,,1357.58,12.3198198494032,12292770631.565,14.3303348325838,4.88524672838695,4125992250.74685,128.9,109.588564338415,-0.6058663,-0.2337148,,81.475235,100.0,,,,0,7.213458981931714,0.0702238905010341,7.022389050103417,0,33.56438002798371,1,4.859036909945142,-0.0875930541752012,4.605170185988092,-0.1419172108879101,,,,-8.620154999999997,0.0,-8.620154999999997,0,0,143.068548,-119.008596,10.049879021942687,23.514501006041023,-4.9709577375523,17.2907775869555,5.91911987931279,8.41121495327101,-15.248123168945,115.248123168945,-17.410664295067008,126.999228633482,-0.023579099999999964,-0.5822872,90.09539,143.068548,-110.388441,True,True,True
MNG,Mongolia,Eurasia & Central Asia,2013,,1523.9275,11.6489161878925,12582122604.2577,10.4906567588241,2.86625244618963,2247857983.84785,122.0,100.311989662943,-0.5605354,-0.2558773,,83.036606,96.5952758789063,,,,0,7.329046162936522,0.1155871810048081,11.558718100480814,0,17.865491018877773,1,4.804021044733257,-0.0550158652118852,4.570529836077566,-0.0346403499105258,,,,1.5613710000000083,1.5613710000000083,0.0,0,0,144.629919,-119.008596,-15.698889009105937,33.56438002798371,-0.6709036615106996,12.3198198494032,-3.8396780737597,14.3303348325838,-3.404724121093693,100.0,-9.276574675471991,109.588564338415,0.04533089999999995,-0.6058663,81.475235,143.068548,-119.008596,True,True,True
MNG,Mongolia,Eurasia & Central Asia,2014,,1817.93870833333,7.88522548204762,12226514668.0622,12.2539808129759,2.41166856736656,1651791011.42218,112.0,109.322311877187,-0.5593028,-0.246084299999999,,100.29159,88.8077926635742,,,,0,7.505458560381054,0.1764123974445324,17.64123974445324,0,13.50990904821754,1,4.718498871295094,-0.0855221734381626,4.486474401368291,-0.084055434709275,,,,17.254983999999993,17.254983999999993,0.0,0,0,161.884903,-119.008596,-4.355581970660232,17.865491018877773,-3.76369070584488,11.6489161878925,1.7633240541518003,10.4906567588241,-7.787483215332102,96.5952758789063,9.010322214243999,100.311989662943,0.0012326000000000281,-0.5605354,83.036606,144.629919,-119.008596,True,True,True
MNG,Mongolia,Eurasia & Central Asia,2015,,1970.30916666667,2.37983580731722,11619892590.6941,5.73568281938327,2.51241778847183,1322495172.72512,100.0,89.653663477814,-0.586661299999999,-0.2154153,,105.95364,84.0111236572266,,,,0,7.585945746812898,0.0804871864318439,8.048718643184394,0,11.3813029027846,1,4.605170185988092,-0.1133286853070023,4.430949214566757,-0.0555251868015336,,,,5.662049999999994,5.662049999999994,0.0,0,0,167.54695299999997,-119.008596,-2.12860614543294,13.50990904821754,-5.5053896747304,7.88522548204762,-6.51829799359263,12.2539808129759,-4.796669006347599,88.8077926635742,-19.668648399372998,109.322311877187,-0.027358499999999064,-0.5593028,100.29159,161.884903,-119.008596,True,True,True
MNG,Mongolia,Eurasia & Central Asia,2016,,2140.29086406116,1.48978448679577,11181350649.3573,0.733272227314397,2.37644141766578,1304052963.0909,99.9,101.055237224997,-0.6103892,-0.1441468,,98.67869,86.2250137329102,,,,0,7.668697016565501,0.0827512697526025,8.27512697526025,0,11.662749912649028,1,4.604169685654508,-0.0010005003335837,4.456960318091204,0.0260111035244463,,,,-7.27494999999999,0.0,-7.27494999999999,0,0,167.54695299999997,-126.28354599999999,0.2814470098644275,11.3813029027846,-0.8900513205214502,2.37983580731722,-5.002410592068873,5.73568281938327,2.2138900756835938,84.0111236572266,11.401573747182994,89.653663477814,-0.023727900000000912,-0.586661299999999,105.95364,167.54695299999997,-119.008596,True,True,True
MNG,Mongolia,Eurasia & Central Asia,2017,,2439.77720111244,5.63687638694772,11480847740.736,4.30143105302342,4.40820711750094,3016698322.0815,114.6,115.932901867963,-0.5320484,-0.1693798,,107.37731,99.1239929199219,,,,0,7.799662003098651,0.1309649865331499,13.096498653314992,0,26.27591960285077,1,4.741447804280639,0.1372781186261313,4.596371520205262,0.1394112021140587,,,,8.698619999999991,8.698619999999991,0.0,0,0,176.24557299999998,-126.28354599999999,14.613169690201742,11.662749912649028,4.14709190015195,1.48978448679577,3.5681588257090233,0.733272227314397,12.898979187011705,86.2250137329102,14.877664642965996,101.055237224997,0.07834079999999999,-0.6103892,98.67869,167.54695299999997,-126.28354599999999,True,True,True
MNG,Mongolia,Eurasia & Central Asia,2018,,2472.48405114235,7.74488062024881,13178094720.4986,6.82424790145522,4.2069503863241,3549666961.87949,117.8,126.355873241513,-0.573848799999999,-0.179897299999999,,98.55291,100.807411193848,,,,0,7.812978612977519,0.0133166098788679,1.3316609878867958,0,26.936116617510443,1,4.768988271217486,0.0275404669368466,4.613211876683022,0.0168403564777595,,,,-8.824399999999997,0.0,-8.824399999999997,0,0,176.24557299999998,-135.10794599999997,0.6601970146596727,26.27591960285077,2.1080042333010898,5.63687638694772,2.5228168484318,4.30143105302342,1.6834182739260939,99.1239929199219,10.422971373549998,115.932901867963,-0.04180039999999907,-0.5320484,107.37731,176.24557299999998,-126.28354599999999,True,True,True
MNG,Mongolia,Eurasia & Central Asia,2019,,2663.54139820163,5.60224422064255,14206359017.5143,7.30106953550729,4.67020197272455,4363699115.81581,105.5,124.396514621165,-0.6152153,-0.2038322,,90.94625,95.4339065551758,,,,0,7.887411869018932,0.0744332560414129,7.443325604141293,0,30.71652004877553,1,4.658710952916121,-0.1102773183013647,4.5584339299339085,-0.0547779467491134,,,,-7.606659999999991,0.0,-7.606659999999991,0,0,176.24557299999998,-142.71460599999997,3.7804034312650856,26.936116617510443,-2.1426363996062596,7.74488062024881,0.4768216340520697,6.82424790145522,-5.373504638672202,100.807411193848,-1.9593586203479987,126.355873241513,-0.04136650000000097,-0.573848799999999,98.55291,176.24557299999998,-135.10794599999997,True,True,True
MNG,Mongolia,Eurasia & Central Asia,2020,,2813.28983532639,-4.55775197583431,13312981429.0891,3.7237230614026,6.10446612083886,4545276809.36506,108.1,112.838647629317,-0.6207183,-0.1742243,,77.2938,97.4989624023438,,,,0,7.942109837425489,0.0546979684065576,5.469796840655761,0,34.14168970020156,1,4.683056724645162,0.0243457717290409,4.579841735919932,0.0214078059860236,,,,-13.652450000000002,0.0,-13.652450000000002,0,0,176.24557299999998,-156.367056,3.4251696514260317,30.71652004877553,-10.159996196476861,5.60224422064255,-3.57734647410469,7.30106953550729,2.0650558471680114,95.4339065551758,-11.557866991848002,124.396514621165,-0.005502999999999925,-0.6152153,90.94625,176.24557299999998,-142.71460599999997,True,True,True
MNG,Mongolia,Eurasia & Central Asia,2021,,2849.2886145414,1.63676957736662,15286441737.6686,7.35894657888155,4.46213256512366,4380126028.64883,134.0,119.098078437771,-0.6644684,-0.1731689,,82.07024,123.754623413086,,,,0,7.954824633172359,0.01271479574687,1.271479574687007,0,28.65366645695836,1,4.897839799950911,0.2147830753057489,4.818300761664724,0.2384590257447918,,,,4.776439999999994,4.776439999999994,0.0,0,0,181.02201299999996,-156.367056,-5.488023243243202,34.14168970020156,6.19452155320093,-4.55775197583431,3.6352235174789502,3.7237230614026,26.255661010742188,97.4989624023438,6.259430808453999,112.838647629317,-0.043750100000000014,-0.6207183,77.2938,176.24557299999998,-156.367056,True,True,True
MNG,Mongolia,Eurasia & Central Asia,2022,,3140.67788364809,5.0327096366527,17146471713.748,15.1509728200805,2.89822357618625,3398458522.32196,148.3,136.327929944516,-0.662165,-0.1500746,,157.58319,127.323348999023,,,,0,8.05219394211429,0.0973693089419303,9.73693089419303,0,19.820162299612253,1,4.999237249143887,0.1013974491929756,4.846729905861725,0.028429144197001,,,,75.51295,75.51295,0.0,0,0,256.53496299999995,-156.367056,-8.833504157346106,28.65366645695836,3.39594005928608,1.63676957736662,7.7920262411989505,7.35894657888155,3.5687255859370026,123.754623413086,17.229851506745007,119.098078437771,0.0023033999999999555,-0.6644684,82.07024,181.02201299999996,-156.367056,True,True,True
MNG,Mongolia,Eurasia & Central Asia,2023,,3465.73653626198,7.4221127615025,20325121393.9074,10.347583131434,3.63390248778193,4915514836.40429,110.2,142.864246599181,-0.6187813,-0.1575492,,121.71125,114.368812561035,,,,0,8.150680453613127,0.0984865114988373,9.848651149883736,0,24.184430395961872,1,4.702296896718814,-0.2969403524250724,4.739428424305329,-0.1073014815563961,,,,-35.871939999999995,0.0,-35.871939999999995,0,0,256.53496299999995,-192.238996,4.364268096349619,19.820162299612253,2.3894031248498004,5.0327096366527,-4.803389688646501,15.1509728200805,-12.954536437987997,127.323348999023,6.536316654665001,136.327929944516,0.043383700000000025,-0.662165,157.58319,256.53496299999995,-156.367056,True,True,True
MNG,Mongolia,Eurasia & Central Asia,2024,,3389.98152022101,5.12204539122661,23794540024.5132,6.1977990165842,3.33485033562729,5507944030.50837,111.3,138.448379141249,-0.4859579,-0.09977,,134.45274,111.096771240234,,,,0,8.1285797490974,-0.0221007045157275,2.2100704515727543,0,23.147932361096583,1,4.712229258281499,0.0099323615626847,4.710401634479215,-0.0290267898261138,,,,12.741489999999999,12.741489999999999,0.0,0,0,269.27645299999995,-192.238996,-1.0364980348652892,24.184430395961872,-2.3000673702758903,7.4221127615025,-4.1497841148498,10.347583131434,-3.2720413208009944,114.368812561035,-4.415867457931995,142.864246599181,0.13282339999999998,-0.6187813,121.71125,256.53496299999995,-192.238996,True,True,True
MAR,Morocco,MENA,2000,,10.6256361666667,2.58218091499747,43017455401.8445,1.89463456763464,4.98183092952708,5016934754.82376,,53.4403058388785,-0.2831165,0.2141976,,57.415283,165.22038269043,,,,0,2.363269587527881,,,0,11.662555834505833,0,,,5.107280235379286,,,,,,,,0,0,,,,,,,,,,,,,,,,,,True,True,True
MAR,Morocco,MENA,2001,,11.302975,7.72182519577728,43831480207.6444,0.619801875297975,8.80305336942005,8669348376.9561,,53.4915710187871,,,,168.82918,165.473663330078,,,,0,2.4250659654039715,0.0617963778760906,6.17963778760906,0,19.778817269885696,0,,,5.108812048196733,0.001531812817447,,,,111.413897,111.413897,0.0,0,0,111.413897,0.0,8.116261435379863,11.662555834505833,5.13964428077981,2.58218091499747,-1.274832692336665,1.89463456763464,0.2532806396480112,165.22038269043,0.05126517990859725,53.4403058388785,,-0.2831165,57.415283,,,True,True,True
MAR,Morocco,MENA,2002,,11.0205833333333,3.73019737485745,47077192187.6418,2.79561966936936,9.76299089569238,10375315951.7256,,54.31012791421,-0.123071,-0.1580799,,156.04216,160.652923583984,,,,0,2.399764736383094,-0.0253012290208776,2.5301229020877614,0,22.03894384858665,0,,,5.079246283864898,-0.029565764331835,,,,-12.787020000000012,0.0,-12.787020000000012,0,0,111.413897,-12.787020000000012,2.2601265787009552,19.778817269885696,-3.9916278209198297,7.72182519577728,2.175817794071385,0.619801875297975,-4.820739746094006,165.473663330078,0.8185568954229012,53.4915710187871,,,168.82918,111.413897,0.0,True,True,True
MAR,Morocco,MENA,2003,,9.57438333333333,6.17110214953244,58029363354.2757,1.16773367477592,11.1503344908544,14146568780.7636,,52.3318582669923,-0.3936459,-0.3429218,,176.30156,152.145462036133,,,,0,2.2590911291632767,-0.1406736072198171,14.067360721981714,0,24.37829395852101,0,,,5.024837050305898,-0.0544092335590002,,,,20.2594,20.2594,0.0,0,0,131.673297,-12.787020000000012,2.339350109934358,22.03894384858665,2.44090477467499,3.73019737485745,-1.6278859945934399,2.79561966936936,-8.507461547850994,160.652923583984,-1.9782696472177008,54.31012791421,-0.2705749,-0.123071,156.04216,111.413897,-12.787020000000012,True,True,True
MAR,Morocco,MENA,2004,,8.86801666666667,4.57138016516208,66114145451.0067,1.49344403381774,10.5684588498788,16646737348.8154,,55.5516384744536,-0.3883585,-0.2119047,,129.39624,139.082458496094,,,,0,2.1824511711689283,-0.0766399579943484,7.663995799434842,0,25.17878320177536,0,,,4.93506698383196,-0.089770066473938,,,,-46.90531999999999,0.0,-46.90531999999999,0,0,131.673297,-59.69234,0.8004892432543507,24.37829395852101,-1.59972198437036,6.17110214953244,0.32571035904182,1.16773367477592,-13.063003540039006,152.145462036133,3.219780207461298,52.3318582669923,0.005287399999999998,-0.3936459,176.30156,131.673297,-12.787020000000012,True,True,True
MAR,Morocco,MENA,2005,,8.86500833333334,3.19224973015831,68852658068.6673,0.982641660015951,9.18820030261672,16550639873.5961,84.5,61.4938276863235,-0.5205989,-0.4379494,,101.538994,131.381118774414,,,,0,2.1821118795520507,-0.0003392916168776,0.0339291616877623,0,24.037764609014825,0,4.436751534363128,,4.878102402989144,-0.0569645808428154,,,,-27.857246000000004,0.0,-27.857246000000004,0,0,131.673297,-87.549586,-1.1410185927605347,25.17878320177536,-1.3791304350037699,4.57138016516208,-0.510802373801789,1.49344403381774,-7.70133972168,139.082458496094,5.942189211869902,55.5516384744536,-0.13224039999999998,-0.3883585,129.39624,131.673297,-59.69234,True,True,True
MAR,Morocco,MENA,2006,,8.79558333333333,7.7908200104027,75883823300.8545,3.28476166954811,9.94667175054792,20790794061.3579,85.3,64.6721977787154,-0.3493154,-0.3782659,,104.03535,124.95516204834,,,,0,2.1742497015538453,-0.0078621779982053,0.7862177998205322,0,27.398189965902493,0,4.446174454497633,0.0094229201345052,4.827954969339491,-0.050147433649653,,,,2.4963559999999916,2.4963559999999916,0.0,0,0,134.16965299999998,-87.549586,3.360425356887667,24.037764609014825,4.59857028024439,3.19224973015831,2.302120009532159,0.982641660015951,-6.425956726074006,131.381118774414,3.1783700923919014,61.4938276863235,0.17128349999999998,-0.5205989,101.538994,131.673297,-87.549586,True,True,True
MAR,Morocco,MENA,2007,,8.19233333333333,3.44106776690418,86947913286.728,2.04208512673344,9.05935595048182,24713570214.4397,83.6,71.3496467796657,-0.3077874,-0.3834633,,93.73795,116.244537353516,,,,0,2.1031987575734985,-0.0710509439803468,7.105094398034684,0,28.42341958563376,0,4.426043520090656,-0.0201309344069775,4.755696052855988,-0.0722589164835039,,,,-10.297399999999996,0.0,-10.297399999999996,0,0,134.16965299999998,-97.846986,1.0252296197312667,27.398189965902493,-4.34975224349852,7.7908200104027,-1.24267654281467,3.28476166954811,-8.710624694824006,124.95516204834,6.677449000950304,64.6721977787154,0.04152800000000001,-0.3493154,104.03535,134.16965299999998,-87.549586,True,True,True
MAR,Morocco,MENA,2008,,7.750325,5.68453936284732,101822906949.063,3.71484311494064,6.07073077663712,22719558203.8162,98.6,77.8344716425602,-0.3770822,-0.467205899999999,,81.196495,97.1246337890625,,,,0,2.047734777969859,-0.0554639796036395,5.546397960363958,0,22.31281632450513,0,4.591071261608589,0.1650277415179335,4.57599503816912,-0.1797010146868674,,,,-12.541455,0.0,-12.541455,0,0,134.16965299999998,-110.388441,-6.110603261128631,28.42341958563376,2.24347159594314,3.44106776690418,1.6727579882072,2.04208512673344,-19.119903564453494,116.244537353516,6.484824862894499,71.3496467796657,-0.06929479999999999,-0.3077874,93.73795,134.16965299999998,-97.846986,True,True,True
MAR,Morocco,MENA,2009,,8.0571,3.74576940136258,101154952240.881,0.971862998667636,7.5729311824678,23568387092.7924,90.5,62.3709560152269,-0.3848958,-0.413999299999999,,83.10186,127.42008972168,,,,0,2.086553690285617,0.038818912315758,3.881891231575807,0,23.29929140460552,0,4.505349850705881,-0.0857214109027086,4.847489420829359,0.2714943826602392,,,,1.9053650000000033,1.9053650000000033,0.0,0,0,136.075018,-110.388441,0.9864750801003908,22.31281632450513,-1.93876996148474,5.68453936284732,-2.742980116273004,3.71484311494064,30.2954559326175,97.1246337890625,-15.463515627333301,77.8344716425602,-0.007813600000000032,-0.3770822,81.196495,134.16965299999998,-110.388441,True,True,True
MAR,Morocco,MENA,2010,,8.41715833333333,3.49955709403216,100865329473.44,0.993557401226392,7.27489844884876,23709466593.9932,89.2,69.541979610144,-0.3011276,-0.3848819,,84.17017,116.24299621582,,,,0,2.130272281188704,0.043718590903087,4.371859090308705,0,23.506061713937505,0,4.490881039585964,-0.0144688111199169,4.755682795046656,-0.091806625782703,,,,1.0683099999999968,1.0683099999999968,0.0,0,0,137.143328,-110.388441,0.20677030933198637,23.29929140460552,-0.2462123073304201,3.74576940136258,0.021694402558755987,0.971862998667636,-11.17709350586,127.42008972168,7.171023594917095,62.3709560152269,0.08376820000000001,-0.3848958,83.10186,136.075018,-110.388441,True,True,True
MAR,Morocco,MENA,2011,,8.089875,5.52464523319847,110080631332.375,0.9069249096918,4.96289903192589,20167412691.7066,89.2,76.8258714906247,-0.5058263,-0.381967699999999,,90.09539,99.2458572387695,,,,0,2.0906132797767403,-0.0396590014119637,3.965900141196377,0,18.32058232915976,0,4.490881039585964,0.0,4.5976001780288245,-0.1580826170178317,,,,5.925219999999996,5.925219999999996,0.0,0,0,143.068548,-110.388441,-5.1854793847777465,23.506061713937505,2.02508813916631,3.49955709403216,-0.08663249153459207,0.993557401226392,-16.997138977050497,116.24299621582,7.283891880480709,69.541979610144,-0.20469869999999996,-0.3011276,84.17017,137.143328,-110.388441,True,True,True
MAR,Morocco,MENA,2012,,8.62844458333333,3.06234368502997,106937392311.129,1.28712240079219,4.12037435216039,17138210439.2506,105.3,78.2221018956072,-0.5029325,-0.3317303,,81.475235,100.0,,,,0,2.1550642551703367,0.0644509753935964,6.4450975393596455,0,16.02639644455499,0,4.6568134191399295,0.1659323795539657,4.605170185988092,0.0075700079592673,,,,-8.620154999999997,0.0,-8.620154999999997,0,0,143.068548,-119.008596,-2.2941858846047687,18.32058232915976,-2.4623015481685,5.52464523319847,0.38019749110039003,0.9069249096918,0.7541427612304972,99.2458572387695,1.3962304049824894,76.8258714906247,0.0028937999999999464,-0.5058263,90.09539,143.068548,-110.388441,True,True,True
MAR,Morocco,MENA,2013,,8.4055039167443,4.12221286860944,115739287305.08,1.88065466724086,4.54168416711332,18797794939.8508,104.4,73.8577565315318,-0.4173212,-0.4333613,,83.036606,102.32893371582,,,,0,2.128886719464849,-0.0261775357054876,2.617753570548764,0,16.24149878364227,0,4.648229675448539,-0.0085837436913909,4.628192464989845,0.0230222790017533,,,,1.5613710000000083,1.5613710000000083,0.0,0,0,144.629919,-119.008596,0.21510233908728082,16.02639644455499,1.0598691835794698,3.06234368502997,0.59353226644867,1.28712240079219,2.32893371582,100.0,-4.36434536407539,78.2221018956072,0.0856113,-0.5029325,81.475235,143.068548,-119.008596,True,True,True
MAR,Morocco,MENA,2014,,8.40633668826152,2.7192440802029,119130841411.664,0.442310053557048,4.57755268835333,20272045638.8487,103.0,71.8935667539398,-0.4165717,-0.372493199999999,,100.29159,108.75609588623,,,,0,2.128985789107188,9.9069642339078e-05,0.0099069642339078,0,17.016622562747955,0,4.634728988229636,-0.0135006872189027,4.6891077225240725,0.0609152575342273,,,,17.254983999999993,17.254983999999993,0.0,0,0,161.884903,-119.008596,0.7751237791056838,16.24149878364227,-1.4029687884065396,4.12221286860944,-1.438344613683812,1.88065466724086,6.42716217041,102.32893371582,-1.9641897775920114,73.8577565315318,0.000749500000000014,-0.4173212,83.036606,144.629919,-119.008596,True,True,True
MAR,Morocco,MENA,2015,,9.76434827950111,4.34458297635238,110413823841.592,1.5579071134626,6.2579510518885,22749566243.6606,100.0,67.2886759253849,-0.352055199999999,-0.3687701,,105.95364,146.009490966797,,,,0,2.278737821650924,0.149752032543736,14.975203254373604,0,20.603911224285508,0,4.605170185988092,-0.029558802241544,4.983671626217395,0.2945639036933221,,,,5.662049999999994,5.662049999999994,0.0,0,0,167.54695299999997,-119.008596,3.5872886615375528,17.016622562747955,1.6253388961494801,2.7192440802029,1.1155970599055518,0.442310053557048,37.25339508056699,108.75609588623,-4.6048908285549,71.8935667539398,0.06451650000000098,-0.4165717,100.29159,161.884903,-119.008596,True,True,True
MAR,Morocco,MENA,2016,,9.8074760315025,0.52118550608968,111572947004.917,1.63531114327064,6.33785199898355,25096263443.799,100.2,71.1226603816864,-0.3146541,-0.2935249,,98.67869,160.019180297852,,,,0,2.283144955203861,0.0044071335529367,0.4407133552936759,0,22.493143828757173,0,4.607168188650764,0.0019980026626722,5.075293684910745,0.0916220586933507,,,,-7.27494999999999,0.0,-7.27494999999999,0,0,167.54695299999997,-126.28354599999999,1.8892326044716654,20.603911224285508,-3.8233974702627003,4.34458297635238,0.07740402980804006,1.5579071134626,14.009689331055,146.009490966797,3.8339844563015077,67.2886759253849,0.03740109999999902,-0.352055199999999,105.95364,167.54695299999997,-119.008596,True,True,True
MAR,Morocco,MENA,2017,,9.6919978888289,5.05789816173446,118540573367.844,0.754663249323619,6.02529305118118,26189585939.2967,93.6,74.1733578786573,-0.3911459,-0.3713857,,107.37731,144.770294189453,,,,0,2.2713005851281,-0.0118443700757611,1.1844370075761113,0,22.093351833239097,0,4.539030383483547,-0.0681378051672174,4.975148308280024,-0.1001453766307216,,,,8.698619999999991,8.698619999999991,0.0,0,0,176.24557299999998,-126.28354599999999,-0.39979199551807554,22.493143828757173,4.536712655644781,0.52118550608968,-0.880647893947021,1.63531114327064,-15.248886108398978,160.019180297852,3.0506974969708978,71.1226603816864,-0.0764918,-0.3146541,98.67869,167.54695299999997,-126.28354599999999,True,True,True
MAR,Morocco,MENA,2018,,9.38610242091972,3.06564133025955,127341147581.818,1.80391671141896,5.04505638234771,24461023093.2087,89.4,77.2548875243989,-0.475142299999999,-0.3248223,,98.55291,128.515655517578,,,,0,2.2392301294072685,-0.0320704557208313,3.2070455720831337,0,19.209048730687964,0,4.493120682179469,-0.0459097013040779,4.856050729735878,-0.1190975785441459,,,,-8.824399999999997,0.0,-8.824399999999997,0,0,176.24557299999998,-135.10794599999997,-2.884303102551133,22.093351833239097,-1.99225683147491,5.05789816173446,1.049253462095341,0.754663249323619,-16.254638671875,144.770294189453,3.081529645741597,74.1733578786573,-0.08399639999999903,-0.3911459,107.37731,176.24557299999998,-126.28354599999999,True,True,True
MAR,Morocco,MENA,2019,,9.61707609950743,2.89097476137077,128920266409.458,0.303386036590383,5.58422656502833,26412762236.8499,88.1,75.9981158798422,-0.425659399999999,-0.3198643,,90.94625,141.429916381836,,,,0,2.2635402787184224,0.0243101493111539,2.431014931115394,0,20.487672708464224,0,4.478472532942134,-0.0146481492373347,4.951804303798662,0.0957535740627841,,,,-7.606659999999991,0.0,-7.606659999999991,0,0,176.24557299999998,-142.71460599999997,1.2786239777762596,19.209048730687964,-0.1746665688887803,3.06564133025955,-1.500530674828577,1.80391671141896,12.914260864257983,128.515655517578,-1.256771644556693,77.2548875243989,0.049482899999999996,-0.475142299999999,98.55291,176.24557299999998,-135.10794599999997,True,True,True
MAR,Morocco,MENA,2020,,9.49684732221969,-7.17820744246774,121353645057.144,0.705968661338261,8.9354144570375,35997639773.4544,91.5,68.8438033904364,-0.408551999999999,-0.314662899999999,,77.2938,161.738403320313,,,,0,2.250959882709528,-0.0125803960088948,1.2580396008894823,0,29.663418644329585,0,4.516338972281476,0.0378664393393419,5.085980235727722,0.13417593192906,,,,-13.652450000000002,0.0,-13.652450000000002,0,0,176.24557299999998,-156.367056,9.175745935865361,20.487672708464224,-10.06918220383851,2.89097476137077,0.402582624747878,0.303386036590383,20.308486938477017,141.429916381836,-7.154312489405797,75.9981158798422,0.017107399999999995,-0.425659399999999,90.94625,176.24557299999998,-142.71460599999997,True,True,True
MAR,Morocco,MENA,2021,,8.98848402414138,8.15473889823681,142022058447.231,1.40195883962006,6.7712924140998,35648269520.1527,87.1,75.5234171756506,-0.4783966,-0.4447944,,82.07024,112.341972351074,,,,0,2.1959442051362728,-0.0550156775732548,5.501567757325487,0,25.100516011319463,0,4.467056883858457,-0.0492820884230189,4.7215475439296375,-0.3644326917980844,,,,4.776439999999994,4.776439999999994,0.0,0,0,181.02201299999996,-156.367056,-4.562902633010122,29.663418644329585,15.332946340704549,-7.17820744246774,0.695990178281799,0.705968661338261,-49.396430969239006,161.738403320313,6.679613785214187,68.8438033904364,-0.06984460000000098,-0.408551999999999,77.2938,176.24557299999998,-156.367056,True,True,True
MAR,Morocco,MENA,2022,,10.1606602430359,1.81269242194809,131245312804.483,6.65704202759067,5.06212133329447,32314245660.4383,82.1,100.906310201651,-0.4879114,-0.4491939,,157.58319,93.8761672973633,,,,0,2.318523424589709,0.1225792194534363,12.25792194534363,0,24.62125691953437,0,4.407938016458383,-0.0591188674000742,4.541976544599408,-0.1795709993302292,,,,75.51295,75.51295,0.0,0,0,256.53496299999995,-156.367056,-0.4792590917850923,25.100516011319463,-6.342046476288719,8.15473889823681,5.25508318797061,1.40195883962006,-18.46580505371071,112.341972351074,25.382893026000403,75.5234171756506,-0.00951479999999999,-0.4783966,82.07024,181.02201299999996,-156.367056,True,True,True
MAR,Morocco,MENA,2023,,10.1314260970897,3.65564411017931,146036093666.762,6.09114152504141,5.63476498950226,36327701787.7523,83.6,93.1178844179777,-0.5521901,-0.3934002,,121.71125,117.274887084961,,,,0,2.315642087926579,-0.0028813366631301,0.2881336663130174,0,24.875837798461003,0,4.426043520090656,0.018105503632273,4.764520641391299,0.222544096791891,,,,-35.871939999999995,0.0,-35.871939999999995,0,0,256.53496299999995,-192.238996,0.2545808789266317,24.62125691953437,1.8429516882312198,1.81269242194809,-0.56590050254926,6.65704202759067,23.3987197875977,93.8761672973633,-7.78842578367329,100.906310201651,-0.06427870000000002,-0.4879114,157.58319,256.53496299999995,-156.367056,True,True,True
MAR,Morocco,MENA,2024,,9.94235921679198,3.79336515978963,160610994054.734,0.985256592004507,5.26170979299897,37133907722.7893,85.3,92.1872446062404,-0.5186913,-0.3678036,,134.45274,126.686660766602,,,,0,2.296804338260156,-0.0188377496664231,1.8837749666423156,0,23.12040215013835,0,4.446174454497633,0.0201309344069775,4.841716799752996,0.0771961583616969,,,,12.741489999999999,12.741489999999999,0.0,0,0,269.27645299999995,-192.238996,-1.7554356483226528,24.875837798461003,0.13772104961032028,3.65564411017931,-5.1058849330369025,6.09114152504141,9.411773681641009,117.274887084961,-0.9306398117373078,93.1178844179777,0.03349880000000005,-0.5521901,121.71125,256.53496299999995,-192.238996,True,True,True
NGA,Nigeria,Sub-Saharan Africa,2000,,101.697333333333,5.01593475936546,69171451627.2465,6.9332921556516,7.8784117256721,10099448197.5379,,,-1.42742899999999,-1.2256919,,57.415283,42.2050247192383,,,,0,4.62200108179956,,,0,14.600601779997554,0,,,3.7425392831300575,,,,,,,,0,1,,,,,,,,,,,,,,,,,,True,True,True
NGA,Nigeria,Sub-Saharan Africa,2001,,111.23125,5.91768464924425,73557840064.489,18.8736462093863,6.82011838685131,10646598366.0477,,,,,,168.82918,38.0,,,,0,4.711611367516158,0.0896102857165983,8.961028571659835,0,14.473777855241137,0,,,3.6375861597263857,-0.1049531234036718,,,,111.413897,111.413897,0.0,0,1,111.413897,0.0,-0.12682392475641713,14.600601779997554,0.9017498898787899,5.01593475936546,11.940354053734701,6.9332921556516,-4.205024719238303,42.2050247192383,,,,-1.42742899999999,57.415283,,,True,True,True
NGA,Nigeria,Sub-Saharan Africa,2002,,120.578158333333,15.3291557409618,95054059302.6995,12.8765792031099,4.86841650909391,7566806239.09119,,,-1.6883572,-1.5261562,,156.04216,39.3030662536621,,,,0,4.792298159543832,0.0806867920276737,8.06867920276737,0,7.960529297328279,0,,,3.671302537553361,0.0337163778269755,,,,-12.787020000000012,0.0,-12.787020000000012,0,1,111.413897,-12.787020000000012,-6.513248557912858,14.473777855241137,9.411471091717551,5.91768464924425,-5.997067006276401,18.8736462093863,1.3030662536621023,38.0,,,,,168.82918,111.413897,0.0,True,True,True
NGA,Nigeria,Sub-Saharan Africa,2003,,129.22235,7.34719496793299,104738954264.226,14.0317836131437,3.53225471979061,7415087386.00119,,,-1.5156767,-1.4253748,,176.30156,43.874927520752,,,,0,4.861534564003969,0.0692364044601365,6.923640446013657,0,7.07958890566644,0,,,3.781343029835993,0.1100404922826316,,,,20.2594,20.2594,0.0,0,1,131.673297,-12.787020000000012,-0.8809403916618388,7.960529297328279,-7.981960773028811,15.3291557409618,1.1552044100338001,12.8765792031099,4.571861267089901,39.3030662536621,,,0.17268050000000001,-1.6883572,156.04216,111.413897,-12.787020000000012,True,True,True
NGA,Nigeria,Sub-Saharan Africa,2004,151.0,132.888025,9.25055822923169,135764731645.611,14.9980338183251,8.74799100376589,17256543969.1635,,,-1.39574779999999,-1.2389652,,129.39624,51.9528541564941,,,,0,4.889506856317107,0.0279722923131382,2.7972292313138247,0,12.71062356180142,0,,,3.9503366564883096,0.1689936266523166,5.0238805208462765,1.0,0.0,-46.90531999999999,0.0,-46.90531999999999,0,1,131.673297,-59.69234,5.63103465613498,7.07958890566644,1.9033632612986997,7.34719496793299,0.9662502051813995,14.0317836131437,8.077926635742095,43.874927520752,,,0.11992890000000989,-1.5156767,176.30156,131.673297,-12.787020000000012,True,True,True
NGA,Nigeria,Sub-Saharan Africa,2005,,131.274333333333,6.43851652535925,175670569969.346,17.8634933661605,9.60467541549227,28632051717.2055,120.5,,-1.2796302,-1.2662786,,101.538994,66.7683334350586,,,,0,4.87728928111326,-0.0122175752038469,1.221757520384692,0,16.298718517394068,0,4.791649752930709,,4.201228917771824,0.2508922612835147,,,,-27.857246000000004,0.0,-27.857246000000004,0,1,131.673297,-87.549586,3.5880949555926485,12.71062356180142,-2.8120417038724392,9.25055822923169,2.8654595478354015,14.9980338183251,14.815479278564496,51.9528541564941,,,0.11611759999999016,-1.39574779999999,129.39624,131.673297,-59.69234,True,True,True
NGA,Nigeria,Sub-Saharan Africa,2006,,128.651666666667,6.05942803202491,238454997161.48,8.22743678120907,12.0982199034067,42735039033.3081,131.8,,-1.18877529999999,-1.1068189,,104.03535,75.8429946899414,,,,0,4.857108493689831,-0.0201807874234294,2.018078742342944,0,17.92163701411895,0,4.881285622068407,0.0896358691376972,4.328665344112608,0.1274364263407834,,,,2.4963559999999916,2.4963559999999916,0.0,0,1,134.16965299999998,-87.549586,1.622918496724882,16.298718517394068,-0.3790884933343399,6.43851652535925,-9.636056584951431,17.8634933661605,9.074661254882812,66.7683334350586,,,0.09085490000000984,-1.2796302,101.538994,131.673297,-87.549586,True,True,True
NGA,Nigeria,Sub-Saharan Africa,2007,,125.808108333333,6.59113036066867,278260846800.103,5.38610421570143,10.2180371505246,51906164585.6826,135.5,,-1.1576585,-1.0404247,,93.73795,80.2859954833984,,,,0,4.8347577963493,-0.0223506973405305,2.2350697340530523,0,18.653779424085105,0,4.908971640319756,0.0276860182513489,4.385595203294502,0.0569298591818938,,,,-10.297399999999996,0.0,-10.297399999999996,0,1,134.16965299999998,-97.846986,0.7321424099661549,17.92163701411895,0.5317023286437594,6.05942803202491,-2.8413325655076402,8.22743678120907,4.443000793456989,75.8429946899414,,,0.031116799999990175,-1.18877529999999,104.03535,134.16965299999998,-87.549586,True,True,True
NGA,Nigeria,Sub-Saharan Africa,2008,,118.566666666667,6.76447277784263,339476276257.793,11.583054796681,7.88144773894107,53598093556.5368,155.1,,-1.0428079,-0.999070599999999,,81.196495,99.4129791259766,,,,0,4.775475390286303,-0.059282406062997,5.928240606299706,0,15.788465146187486,0,5.044070070182493,0.1350984298627375,4.599282679846407,0.2136874765519056,,,,-12.541455,0.0,-12.541455,0,1,134.16965299999998,-110.388441,-2.8653142778976193,18.653779424085105,0.17334241717396015,6.59113036066867,6.1969505809795695,5.38610421570143,19.12698364257821,80.2859954833984,,,0.11485060000000002,-1.1576585,93.73795,134.16965299999998,-97.846986,True,True,True
NGA,Nigeria,Sub-Saharan Africa,2009,405.0,148.88,8.03692510100366,295008835380.997,12.5379242951095,7.98411055165794,43129830238.1048,113.0,,-1.0705308,-1.0044187,,83.10186,67.3932037353516,,,,0,5.003140612333995,0.2276652220476922,22.766522204769224,0,14.619843565838844,0,4.727387818712341,-0.3166822514701524,4.210544178047024,-0.3887385017993834,6.0063531596017325,1.0,0.0,1.9053650000000033,1.9053650000000033,0.0,0,1,136.075018,-110.388441,-1.168621580348642,15.788465146187486,1.2724523231610307,6.76447277784263,0.9548694984285007,11.583054796681,-32.019775390625,99.4129791259766,,,-0.027722900000000106,-1.0428079,81.196495,134.16965299999998,-110.388441,True,True,True
NGA,Nigeria,Sub-Saharan Africa,2010,,150.2975,8.00565591623166,366990417129.04,13.7400521363694,4.37788525667586,33305051215.6973,132.6,,-1.1312205,-1.11565809999999,,84.17017,82.9954833984375,,,,0,5.012616663220726,0.0094760508867306,0.9476050886730648,0,9.07518280075054,0,4.887337077751762,0.1599492590394211,4.4187861894296505,0.2082420113826266,,,,1.0683099999999968,1.0683099999999968,0.0,0,1,137.143328,-110.388441,-5.544660765088304,14.619843565838844,-0.03126918477200036,8.03692510100366,1.2021278412599,12.5379242951095,15.602279663085895,67.3932037353516,,,-0.06068969999999996,-1.0705308,83.10186,136.075018,-110.388441,True,True,True
NGA,Nigeria,Sub-Saharan Africa,2011,325.0,153.8625,5.30792420293915,414466676831.16,10.8261371880018,3.53184194734956,33691784435.7376,152.0,,-1.1407268,-1.061201,,90.09539,101.700706481934,,,,0,5.036059346436415,0.0234426832156886,2.3442683215688653,0,8.128948916552469,1,5.0238805208462765,0.1365434430945145,4.622034249755401,0.20324806032575,5.786897381366708,1.0,0.0,5.925219999999996,5.925219999999996,0.0,0,1,143.068548,-110.388441,-0.9462338841980706,9.07518280075054,-2.6977317132925105,8.00565591623166,-2.9139149483675997,13.7400521363694,18.705223083496506,82.9954833984375,,,-0.009506299999999968,-1.1312205,84.17017,137.143328,-110.388441,True,True,True
NGA,Nigeria,Sub-Saharan Africa,2012,811.0,157.5,4.23006117492493,463971018239.281,12.2242413020582,5.19347277530649,44973806131.6587,153.0,,-1.1466737,-1.0854852,,81.475235,100.0,,,,0,5.059425458265688,0.0233661118292731,2.3366111829273173,0,9.69323607804844,1,5.030437921392435,0.0065574005461588,4.605170185988092,-0.0168640637673087,6.699500340161678,1.0,0.0,-8.620154999999997,0.0,-8.620154999999997,0,1,143.068548,-119.008596,1.5642871614959706,8.128948916552469,-1.07786302801422,5.30792420293915,1.3981041140564,10.8261371880018,-1.7007064819340059,101.700706481934,,,-0.005946900000000088,-1.1407268,90.09539,143.068548,-110.388441,True,True,True
NGA,Nigeria,Sub-Saharan Africa,2013,1629.0,157.311666666667,6.67133539308232,520117180313.906,8.49551838265678,5.08562033779415,43675023637.5804,154.1,,-1.1851958,-1.18585759999999,,83.036606,101.185218811035,,,,0,5.058228975569891,-0.0011964826957964,0.1196482695796419,0,8.397150736536187,1,5.03760174232607,0.0071638209336351,4.616952687006188,0.0117825010180965,7.396335293800808,1.0,1.0,1.5613710000000083,1.5613710000000083,0.0,0,1,144.629919,-119.008596,-1.2960853415122529,9.69323607804844,2.44127421815739,4.23006117492493,-3.72872291940142,12.2242413020582,1.185218811035,100.0,,,-0.038522100000000004,-1.1466737,81.475235,143.068548,-119.008596,True,True,True
NGA,Nigeria,Sub-Saharan Africa,2014,3819.0,158.552641666667,6.30971865521856,574183763411.508,8.04741087967907,3.92421294227136,35070259874.4871,146.2,,-1.29811949999999,-1.1320206,,100.29159,95.1517944335938,,,,0,5.06608666225626,0.0078576866863686,0.7857686686368659,0,6.107845973581252,1,4.984975547315679,-0.0526261950103918,4.555473452561637,-0.0614792344445511,8.24800570160062,1.0,1.0,17.254983999999993,17.254983999999993,0.0,0,1,161.884903,-119.008596,-2.2893047629549343,8.397150736536187,-0.36161673786376003,6.67133539308232,-0.4481075029777095,8.49551838265678,-6.033424377441193,101.185218811035,,,-0.11292369999999008,-1.1851958,83.036606,144.629919,-119.008596,True,True,True
NGA,Nigeria,Sub-Saharan Africa,2015,4637.0,192.440333333333,2.65269329541779,493026682800.63,9.00943498007706,4.06769256756332,29011450144.31,100.0,,-1.1613946,-0.960877499999999,,105.95364,60.1480827331543,,,,0,5.259786148971371,0.1936994867151114,19.36994867151114,0,5.884357004677908,1,4.605170185988092,-0.3798053613275867,4.09680956715215,-0.4586638854094875,8.442038517815478,1.0,1.0,5.662049999999994,5.662049999999994,0.0,0,1,167.54695299999997,-119.008596,-0.2234889689033439,6.107845973581252,-3.6570253598007696,6.30971865521856,0.9620241003979899,8.04741087967907,-35.00371170043951,95.1517944335938,,,0.13672489999999016,-1.29811949999999,100.29159,161.884903,-119.008596,True,True,True
NGA,Nigeria,Sub-Saharan Africa,2016,2491.0,253.492,-1.61686894903467,404649125252.16,15.6968126387972,6.16907128225614,28020197619.3379,88.8,,-1.0910815,-0.8794569,,98.67869,54.2249603271484,,,,0,5.535332264347863,0.2755461153764917,27.554611537649176,0,6.924566462827991,1,4.486386649998124,-0.1187835359899676,3.993141325078709,-0.1036682420734411,7.820840879907344,1.0,1.0,-7.27494999999999,0.0,-7.27494999999999,0,1,167.54695299999997,-126.28354599999999,1.0402094581500823,5.884357004677908,-4.26956224445246,2.65269329541779,6.6873776587201395,9.00943498007706,-5.923122406005895,60.1480827331543,,,0.0703130999999999,-1.1613946,105.95364,167.54695299999997,-119.008596,True,True,True
NGA,Nigeria,Sub-Saharan Africa,2017,1879.0,305.790109160005,0.805886619091581,375745731053.427,16.5022662139641,7.99776517285898,40499220796.3652,100.3,,-1.14439619999999,-0.793796,,107.37731,62.6814727783203,,,,0,5.722898948825394,0.187566684477531,18.7566684477531,0,10.778358195267597,1,4.60816569496789,0.1217790449697657,4.138065913994167,0.1449245889154582,7.539027055823995,1.0,1.0,8.698619999999991,8.698619999999991,0.0,0,1,176.24557299999998,-126.28354599999999,3.853791732439606,6.924566462827991,2.422755568126251,-1.61686894903467,0.805453575166899,15.6968126387972,8.456512451171896,54.2249603271484,,,-0.053314699999990056,-1.0910815,98.67869,167.54695299999997,-126.28354599999999,True,True,True
NGA,Nigeria,Sub-Saharan Africa,2018,1173.0,306.083688245234,1.92275734199798,421739251509.08,12.0951065173432,6.17649818075879,43719362674.791,114.8,,-1.1452871,-0.813823899999999,,98.55291,74.7038269042969,,,,0,5.723858555558032,0.0009596067326382,0.0959606732638285,0,10.366443843762008,1,4.743191483885466,0.1350257889175763,4.3135313211384165,0.1754654071442498,7.068172000388042,1.0,1.0,-8.824399999999997,0.0,-8.824399999999997,0,1,176.24557299999998,-135.10794599999997,-0.4119143515055885,10.778358195267597,1.116870722906399,0.805886619091581,-4.407159696620898,16.5022662139641,12.022354125976605,62.6814727783203,,,-0.0008909000000099088,-1.14439619999999,107.37731,176.24557299999998,-126.28354599999999,True,True,True
NGA,Nigeria,Sub-Saharan Africa,2019,1326.0,306.920951495222,2.20842927835211,668219992686.575,11.3964223378115,4.20823395263946,39382191478.7729,105.4,,-1.1258494,-0.8377059,,90.94625,66.6988830566406,,,,0,5.7265902274454845,0.0027316718874521,0.2731671887452158,0,5.893596706144186,1,4.657762636107262,-0.0854288477782043,4.200188207003864,-0.1133431141345528,7.190676034332207,1.0,1.0,-7.606659999999991,0.0,-7.606659999999991,0,1,176.24557299999998,-142.71460599999997,-4.472847137617822,10.366443843762008,0.28567193635413,1.92275734199798,-0.6986841795316998,12.0951065173432,-8.004943847656307,74.7038269042969,,,0.019437700000000113,-1.1452871,98.55291,176.24557299999998,-135.10794599999997,True,True,True
NGA,Nigeria,Sub-Saharan Africa,2020,2001.0,358.810797258297,-6.36889840468527,598586817817.392,13.2460234276598,5.80242492927345,38028751517.615,78.8,,-1.1178348,-0.8413031,,77.2938,51.4018707275391,,,,0,5.882795222425001,0.1562049949795163,15.620499497951634,0,6.353088705875286,1,4.366912996863833,-0.2908496392434285,3.9396745672762346,-0.2605136397276291,7.601901959875166,1.0,1.0,-13.652450000000002,0.0,-13.652450000000002,0,1,176.24557299999998,-156.367056,0.45949199973109955,5.893596706144186,-8.57732768303738,2.20842927835211,1.8496010898482993,11.3964223378115,-15.297012329101499,66.6988830566406,,,0.008014599999999872,-1.1258494,90.94625,176.24557299999998,-142.71460599999997,True,True,True
NGA,Nigeria,Sub-Saharan Africa,2021,1999.0,401.152029220779,1.109252540249,609147716965.348,16.9528457221608,6.4228056688618,41727503547.2316,120.7,,-1.1909306,-0.926327599999999,,82.07024,75.9834365844727,,,,0,5.994340480695605,0.1115452582706044,11.154525827060446,0,6.850145274303853,1,4.793308128103486,0.4263951312396523,4.330515376856037,0.3908408095798026,7.600902459542082,1.0,1.0,4.776439999999994,4.776439999999994,0.0,0,1,181.02201299999996,-156.367056,0.49705656842856705,6.353088705875286,7.47815094493427,-6.36889840468527,3.7068222945009985,13.2460234276598,24.5815658569336,51.4018707275391,,,-0.07309579999999993,-1.1178348,77.2938,176.24557299999998,-156.367056,True,True,True
NGA,Nigeria,Sub-Saharan Africa,2022,1535.0,425.979158066857,4.31882949157136,646950257575.455,18.8471877843274,4.82273022445492,36809762970.197,146.9,,-1.225087,-0.9998212,,157.58319,93.1026992797852,,,,0,6.054390420346829,0.0600499396512237,6.004993965122374,0,5.689736195197945,1,4.989752083179832,0.1964439550763463,4.53370317720091,0.2031878003448728,7.336936913707618,1.0,1.0,75.51295,75.51295,0.0,0,1,256.53496299999995,-156.367056,-1.160409079105908,6.850145274303853,3.2095769513223598,1.109252540249,1.8943420621666007,16.9528457221608,17.1192626953125,75.9834365844727,,,-0.03415640000000009,-1.1909306,82.07024,181.02201299999996,-156.367056,True,True,True
NGA,Nigeria,Sub-Saharan Africa,2023,2084.0,645.194067883201,3.31590368111438,487387801877.803,24.659550203114,5.11997312993286,33452495121.7329,127.4,,-1.098731,-0.934848799999999,,121.71125,77.3474578857422,,,,0,6.469551151979402,0.4151607316325725,41.516073163257246,0,6.863629945773663,1,4.847331743138063,-0.1424203400417694,4.348307711394872,-0.1853954658060379,7.642524134232902,1.0,1.0,-35.871939999999995,0.0,-35.871939999999995,0,1,256.53496299999995,-192.238996,1.1738937505757185,5.689736195197945,-1.0029258104569796,4.31882949157136,5.812362418786602,18.8471877843274,-15.755241394042997,93.1026992797852,,,0.12635600000000013,-1.225087,157.58319,256.53496299999995,-156.367056,True,True,True
NGA,Nigeria,Sub-Saharan Africa,2024,1486.0,1478.96519740023,4.07106650147703,252261880140.271,33.2416590552749,7.20884197072518,40405994024.7986,127.1,,-1.1145909,-1.0069453,,134.45274,76.0471572875977,,,,0,7.299097931264383,0.829546779284982,82.9546779284982,0,16.01747913808092,1,4.844974178195408,-0.0023575649426543,4.331353638487903,-0.0169540729069694,7.304515946460155,1.0,1.0,12.741489999999999,12.741489999999999,0.0,0,1,269.27645299999995,-192.238996,9.153849192307256,6.863629945773663,0.7551628203626497,3.31590368111438,8.5821088521609,24.659550203114,-1.3003005981445028,77.3474578857422,,,-0.01585990000000015,-1.098731,121.71125,256.53496299999995,-192.238996,True,True,True
OMN,Oman,MENA,2000,,0.3845,6.19241063695442,22259557867.3602,,3.94563778808601,2459611528.57575,,81.4132822358275,0.6950737,0.3985596,,57.415283,47.5827331542969,,,,0,-0.9558114900364384,,,1,11.049687254491008,1,,,3.862469946568783,,,,,,,,0,1,,,,,,,,,,,,,,,,,,True,True,True
OMN,Oman,MENA,2001,,0.3845,4.61316649389876,22205721716.515,-0.816666666666656,3.504674111794,2445296351.99359,,84.5270024947002,,,,168.82918,42.8467636108398,,,,0,-0.9558114900364384,0.0,0.0,1,11.01201025218179,1,,,3.757630113856253,-0.1048398327125297,,,,111.413897,111.413897,0.0,0,1,111.413897,0.0,-0.03767700230921811,11.049687254491008,-1.5792441430556599,6.19241063695442,,,-4.735969543457102,47.5827331542969,3.1137202588727035,81.4132822358275,,0.6950737,57.415283,,,True,True,True
OMN,Oman,MENA,2002,,0.3845,-0.784165786429256,23065539661.8986,-0.279578822571373,4.49376463524816,3173684750.84952,,83.6537485764543,0.6811065,0.5175375,,156.04216,43.8827972412109,,,,0,-0.9558114900364384,0.0,0.0,1,13.759421185761598,1,,,3.7815223808960017,0.0238922670397485,,,,-12.787020000000012,0.0,-12.787020000000012,0,1,111.413897,-12.787020000000012,2.7474109335798076,11.01201025218179,-5.3973322803280155,4.61316649389876,0.537087844095283,-0.816666666666656,1.0360336303711009,42.8467636108398,-0.8732539182458936,84.5270024947002,,,168.82918,111.413897,0.0,True,True,True
OMN,Oman,MENA,2003,,0.3845,-2.19466567976842,24733680104.0312,0.231328682267143,4.53171805087342,3593748666.69828,,84.846636733578,0.5541684,0.5168513,,176.30156,49.5869407653809,,,,0,-0.9558114900364384,0.0,0.0,1,14.529777419222608,1,,,3.9037275080431697,0.122205127147168,,,,20.2594,20.2594,0.0,0,1,131.673297,-12.787020000000012,0.7703562334610101,13.759421185761598,-1.4104998933391637,-0.784165786429256,0.510907504838516,-0.279578822571373,5.70414352417,43.8827972412109,1.19288815712369,83.6537485764543,-0.12693809999999994,0.6811065,156.04216,111.413897,-12.787020000000012,True,True,True
OMN,Oman,MENA,2004,,0.3845,1.99251510973346,28378933680.104,0.624969062631367,3.54538873119322,3597609064.5638,,88.611307129045,0.5924371,0.5043168,,129.39624,57.558666229248,,,,0,-0.9558114900364384,0.0,0.0,1,12.6770410231658,1,,,4.052804709916923,0.1490772018737529,,,,-46.90531999999999,0.0,-46.90531999999999,0,1,131.673297,-59.69234,-1.852736396056807,14.529777419222608,4.1871807895018796,-2.19466567976842,0.393640380364224,0.231328682267143,7.971725463867095,49.5869407653809,3.7646703954670073,84.846636733578,0.038268700000000044,0.5541684,176.30156,131.673297,-12.787020000000012,True,True,True
OMN,Oman,MENA,2005,,0.3845,2.77944360306151,35506892067.6203,1.90983553531865,4.03527954320605,4358381770.0032,100.1,86.7613020421318,0.5527816,0.3070555,,101.538994,72.4702758789063,,,,0,-0.9558114900364384,0.0,0.0,1,12.274748693022689,1,4.606169686321175,,4.2831764899154665,0.2303717799985438,,,,-27.857246000000004,0.0,-27.857246000000004,0,1,131.673297,-87.549586,-0.40229233014311205,12.6770410231658,0.7869284933280503,1.99251510973346,1.2848664726872832,0.624969062631367,14.91160964965831,57.558666229248,-1.8500050869131996,88.611307129045,-0.039655500000000066,0.5924371,129.39624,131.673297,-59.69234,True,True,True
OMN,Oman,MENA,2006,,0.3845,4.66981481939328,42577633289.987,3.54498591605033,3.716736040735,5014439182.011,117.0,86.1457079854133,0.5045908,0.3077883,,104.03535,80.939338684082,,,,0,-0.9558114900364384,0.0,0.0,1,11.777167481007565,1,4.762173934797756,0.1560042484765817,4.393699968968109,0.1105234790526425,,,,2.4963559999999916,2.4963559999999916,0.0,0,1,134.16965299999998,-87.549586,-0.49758121201512395,12.274748693022689,1.8903712163317699,2.77944360306151,1.6351503807316798,1.90983553531865,8.469062805175696,72.4702758789063,-0.615594056718507,86.7613020421318,-0.04819079999999998,0.5527816,101.538994,131.673297,-87.549586,True,True,True
OMN,Oman,MENA,2007,,0.3845,4.98065467051528,48300390117.0351,5.8304841809271,5.10130893971957,9523990109.93137,116.0,94.8657889777347,0.3274633,0.2909254,,93.73795,84.7138900756836,,,,0,-0.9558114900364384,0.0,0.0,1,19.71824676126652,1,4.7535901911063645,-0.0085837436913918,4.43927957966133,0.0455796106932204,,,,-10.297399999999996,0.0,-10.297399999999996,0,1,134.16965299999998,-97.846986,7.941079280258956,11.777167481007565,0.3108398511220001,4.66981481939328,2.2854982648767703,3.54498591605033,3.774551391601591,80.939338684082,8.7200809923214,86.1457079854133,-0.1771275,0.5045908,104.03535,134.16965299999998,-87.549586,True,True,True
OMN,Oman,MENA,2008,,0.3845,8.95005895005896,69804681404.4213,12.3754091529912,4.56986550208972,11582398508.9704,167.2,94.7619029877161,0.3348495,0.3627015,,81.196495,105.64575958252,,,,0,-0.9558114900364384,0.0,0.0,1,16.59258129389126,1,5.119190700650601,0.3656005095442367,4.660091606792023,0.2208120271306937,,,,-12.541455,0.0,-12.541455,0,1,134.16965299999998,-110.388441,-3.12566546737526,19.71824676126652,3.9694042795436797,4.98065467051528,6.544924972064099,5.8304841809271,20.931869506836406,84.7138900756836,-0.10388599001859689,94.8657889777347,0.007386200000000009,0.3274633,93.73795,134.16965299999998,-97.846986,True,True,True
OMN,Oman,MENA,2009,,0.3845,5.98196694904402,55454096228.8687,3.46881023754893,5.82498329389042,12203595445.786,98.4,91.6279353346997,0.3084555,0.4004044,,83.10186,71.4124755859375,,,,0,-0.9558114900364384,0.0,0.0,1,22.00666186212762,1,4.589040804058207,-0.5301498965923939,4.2684725821767255,-0.3916190246152977,,,,1.9053650000000033,1.9053650000000033,0.0,0,1,136.075018,-110.388441,5.414080568236358,16.59258129389126,-2.9680920010149396,8.95005895005896,-8.90659891544227,12.3754091529912,-34.2332839965825,105.64575958252,-3.1339676530163985,94.7619029877161,-0.02639400000000003,0.3348495,81.196495,134.16965299999998,-110.388441,True,True,True
OMN,Oman,MENA,2010,,0.3845,2.47199856582773,64993498049.4148,3.25657959078624,5.47673202539588,13025235620.4615,126.9,96.3865546218487,0.276183,0.4122993,,84.17017,84.2022094726563,,,,0,-0.9558114900364384,0.0,0.0,1,20.040828715756096,1,4.843399374720342,0.2543585706621343,4.433221161671888,0.1647485794951624,,,,1.0683099999999968,1.0683099999999968,0.0,0,1,137.143328,-110.388441,-1.9658331463715228,22.00666186212762,-3.50996838321629,5.98196694904402,-0.21223064676269,3.46881023754893,12.789733886718807,71.4124755859375,4.758619287149003,91.6279353346997,-0.03227249999999998,0.3084555,83.10186,136.075018,-110.388441,True,True,True
OMN,Oman,MENA,2011,,0.3845,2.89460973541192,77497529258.7776,4.0421886711639,5.05999040118844,14366193706.0241,155.7,101.641731939942,-0.0352342,0.2438476,,90.09539,100.917526245117,,,,0,-0.9558114900364384,0.0,0.0,1,18.537615125835693,1,5.0479310788399525,0.2045317041196108,4.6143036114343525,0.1810824497624645,,,,5.925219999999996,5.925219999999996,0.0,0,1,143.068548,-110.388441,-1.5032135899204029,20.040828715756096,0.42261116958418965,2.47199856582773,0.7856090803776601,3.25657959078624,16.715316772460696,84.2022094726563,5.255177318093303,96.3865546218487,-0.3114172,0.276183,84.17017,137.143328,-110.388441,True,True,True
OMN,Oman,MENA,2012,,0.3845,8.86312225557018,87408842652.7958,2.94773495257209,4.36417390706347,14401122657.9676,167.5,102.0747604043,-0.0252944999999999,0.3148844,,81.475235,100.0,,,,0,-0.9558114900364384,0.0,0.0,1,16.47559013585335,1,5.120983351265121,0.0730522724251683,4.605170185988092,-0.0091334254462607,,,,-8.620154999999997,0.0,-8.620154999999997,0,1,143.068548,-119.008596,-2.062024989982344,18.537615125835693,5.968512520158261,2.89460973541192,-1.0944537185918097,4.0421886711639,-0.9175262451170028,100.917526245117,0.4330284643579887,101.641731939942,0.0099397000000001,-0.0352342,90.09539,143.068548,-110.388441,True,True,True
OMN,Oman,MENA,2013,,0.3845,5.22770408145942,89936020806.2419,1.05354820265932,4.07750628970272,15951037291.2884,163.3,112.543521763774,-0.0651045,0.2530108,,83.036606,101.873680114746,,,,0,-0.9558114900364384,0.0,0.0,1,17.735982922408034,1,5.095588999976419,-0.0253943512887016,4.6237336155482245,0.0185634295601326,,,,1.5613710000000083,1.5613710000000083,0.0,0,1,144.629919,-119.008596,1.2603927865546858,16.47559013585335,-3.635418174110761,8.86312225557018,-1.8941867499127703,2.94773495257209,1.8736801147459943,100.0,10.468761359474001,102.0747604043,-0.039810000000000095,-0.0252944999999999,81.475235,143.068548,-119.008596,True,True,True
OMN,Oman,MENA,2014,,0.3845,1.29225229411081,92699089726.9181,1.01401483924156,4.52170368798391,16324457251.6461,163.1,102.27872108813,0.0116479,0.2045055,,100.29159,97.438232421875,,,,0,-0.9558114900364384,0.0,0.0,1,17.610159171720298,1,5.094363509626968,-0.0012254903494515,4.5792186636274606,-0.0445149519207639,,,,17.254983999999993,17.254983999999993,0.0,0,1,161.884903,-119.008596,-0.12582375068773644,17.735982922408034,-3.93545178734861,5.22770408145942,-0.039533363417759926,1.05354820265932,-4.435447692870994,101.873680114746,-10.264800675643997,112.543521763774,0.0767524,-0.0651045,83.036606,144.629919,-119.008596,True,True,True
OMN,Oman,MENA,2015,,0.3845,5.01705799719045,78710793237.9714,0.0652901330286599,5.31284073750933,17543980312.7005,100.0,96.3775801852347,-0.0016798,0.2116285,,105.95364,64.2189636230469,,,,0,-0.9558114900364384,0.0,0.0,1,22.289167204373936,1,4.605170185988092,-0.4891933236388759,4.162298550615343,-0.4169201130121172,,,,5.662049999999994,5.662049999999994,0.0,0,1,167.54695299999997,-119.008596,4.679008032653638,17.610159171720298,3.7248057030796398,1.29225229411081,-0.9487247062129001,1.01401483924156,-33.2192687988281,97.438232421875,-5.901140902895293,102.27872108813,-0.0133277,0.0116479,100.29159,161.884903,-119.008596,True,True,True
OMN,Oman,MENA,2016,,0.3845,5.04642394571691,75128738621.5865,1.10920805807027,7.11426799298371,20262241805.121,70.1,82.8642642018901,-0.020659,0.2216168,,98.67869,58.8889198303223,,,,0,-0.9558114900364384,0.0,0.0,1,26.970027950527992,1,4.249922794040544,-0.3552473919475476,4.075652954630377,-0.0866455959849661,,,,-7.27494999999999,0.0,-7.27494999999999,0,1,167.54695299999997,-126.28354599999999,4.680860746154057,22.289167204373936,0.02936594852646035,5.01705799719045,1.04391792504161,0.0652901330286599,-5.330043792724602,64.2189636230469,-13.513315983344611,96.3775801852347,-0.0189792,-0.0016798,105.95364,167.54695299999997,-119.008596,True,True,True
OMN,Oman,MENA,2017,,0.3845,0.304057565922449,80856697009.1027,1.58909413567799,4.94495511746356,16088803822.7708,77.0,88.9531480182956,-0.0211191,0.1808944,,107.37731,67.1420440673828,,,,0,-0.9558114900364384,0.0,0.0,1,19.897923632670217,1,4.343805421853684,0.0938826278131399,4.206810435940745,0.1311574813103675,,,,8.698619999999991,8.698619999999991,0.0,0,1,176.24557299999998,-126.28354599999999,-7.072104317857775,26.970027950527992,-4.742366379794461,5.04642394571691,0.47988607760772006,1.10920805807027,8.253124237060497,58.8889198303223,6.088883816405499,82.8642642018901,-0.000460099999999998,-0.020659,98.67869,167.54695299999997,-126.28354599999999,True,True,True
OMN,Oman,MENA,2018,,0.3845,1.28710391543288,91505851755.5267,0.889312370970404,4.97765718217376,17388370607.2955,85.4,89.2792178262847,-0.0203366,0.1837813,,98.55291,78.6342391967773,,,,0,-0.9558114900364384,0.0,0.0,1,19.00246844732014,1,4.447346100794524,0.1035406789408401,4.364807217773831,0.157996781833086,,,,-8.824399999999997,0.0,-8.824399999999997,0,1,176.24557299999998,-135.10794599999997,-0.8954551853500767,19.897923632670217,0.9830463495104311,0.304057565922449,-0.6997817647075859,1.58909413567799,11.492195129394503,67.1420440673828,0.3260698079891,88.9531480182956,0.0007824999999999985,-0.0211191,107.37731,176.24557299999998,-126.28354599999999,True,True,True
OMN,Oman,MENA,2019,,0.3845,-1.12863801728058,88060858257.4772,0.490815362820671,5.0046927367051,16661756725.189,80.0,86.4782010313236,0.1612579,0.260692,,90.94625,71.0009231567383,,,,0,-0.9558114900364384,0.0,0.0,1,18.920729430631297,1,4.382026634673881,-0.0653194661206431,4.262692879164369,-0.1021143386094616,,,,-7.606659999999991,0.0,-7.606659999999991,0,1,176.24557299999998,-142.71460599999997,-0.08173901668884298,19.00246844732014,-2.41574193271346,1.28710391543288,-0.39849700814973305,0.889312370970404,-7.633316040039006,78.6342391967773,-2.8010167949611002,89.2792178262847,0.18159450000000002,-0.0203366,98.55291,176.24557299999998,-135.10794599999997,True,True,True
OMN,Oman,MENA,2020,,0.3845,-3.37972052697999,75909492847.8544,-0.40640291946585,4.48086343653317,15007356725.394,66.8,91.8758908014472,0.0239194,0.2562542,,77.2938,56.3814430236816,,,,0,-0.9558114900364384,0.0,0.0,1,19.770065853915376,1,4.2017030805426,-0.1803235541312808,4.0321400799608,-0.2305527992035694,,,,-13.652450000000002,0.0,-13.652450000000002,0,1,176.24557299999998,-156.367056,0.849336423284079,18.920729430631297,-2.25108250969941,-1.12863801728058,-0.897218282286521,0.490815362820671,-14.619480133056697,71.0009231567383,5.3976897701236055,86.4782010313236,-0.1373385,0.1612579,90.94625,176.24557299999998,-142.71460599999997,True,True,True
OMN,Oman,MENA,2021,,0.3845,2.5821749892893,87323797139.1417,1.68221185876085,5.25409519559332,19730879938.0596,93.4,95.9494877293305,0.0233919,0.2255117,,82.07024,80.1679229736328,,,,0,-0.9558114900364384,0.0,0.0,1,22.595077841863,1,4.536891345234797,0.3351882646921966,4.384123471943681,0.3519833919828814,,,,4.776439999999994,4.776439999999994,0.0,0,1,181.02201299999996,-156.367056,2.8250119879476223,19.770065853915376,5.961895516269291,-3.37972052697999,2.0886147782267,-0.40640291946585,23.7864799499512,56.3814430236816,4.073596927883301,91.8758908014472,-0.0005275000000000002,0.0239194,77.2938,176.24557299999998,-156.367056,True,True,True
OMN,Oman,MENA,2022,,0.3845,7.98570728354278,109852795838.752,2.5061425061425,3.70600673637267,17606348634.1578,118.9,105.745009280655,0.0212395,0.3524322,,157.58319,96.5543975830078,,,,0,-0.9558114900364384,0.0,0.0,1,16.02721942553139,1,4.778282803696737,0.2413914584619396,4.570106555046062,0.1859830831023803,,,,75.51295,75.51295,0.0,0,1,256.53496299999995,-156.367056,-6.56785841633161,22.595077841863,5.4035322942534805,2.5821749892893,0.8239306473816499,1.68221185876085,16.386474609375,80.1679229736328,9.795521551324498,95.9494877293305,-0.0021523999999999988,0.0233919,82.07024,181.02201299999996,-156.367056,True,True,True
OMN,Oman,MENA,2023,,0.3845,1.41401383200161,106174707932.38,0.950782997762827,3.83596093159061,17454630668.5072,98.9,106.446731102604,0.227724,0.3443083,,121.71125,81.4500579833984,,,,0,-0.9558114900364384,0.0,0.0,1,16.439537257426327,1,4.594109238628667,-0.18417356506807,4.399990046937284,-0.1701165081087774,,,,-35.871939999999995,0.0,-35.871939999999995,0,1,256.53496299999995,-192.238996,0.41231783189493854,16.02721942553139,-6.5716934515411705,7.98570728354278,-1.555359508379673,2.5061425061425,-15.104339599609403,96.5543975830078,0.7017218219490076,105.745009280655,0.20648450000000002,0.0212395,157.58319,256.53496299999995,-156.367056,True,True,True
OMN,Oman,MENA,2024,,0.3845,1.63163231397978,107137198699.61,0.593589236248469,3.68674849054903,18286526117.9972,93.5,114.852671596819,0.5072492,0.4493583,,134.45274,79.071418762207,,,,0,-0.9558114900364384,0.0,0.0,1,17.068325791556994,1,4.537961436294641,-0.0561478023340251,4.370351479038175,-0.0296385678991093,,,,12.741489999999999,12.741489999999999,0.0,0,1,269.27645299999995,-192.238996,0.6287885341306669,16.439537257426327,0.2176184819781699,1.41401383200161,-0.357193761514358,0.950782997762827,-2.378639221191392,81.4500579833984,8.405940494214988,106.446731102604,0.2795251999999999,0.227724,121.71125,256.53496299999995,-192.238996,True,True,True
PER,Peru,Latin America,2000,,3.49,2.69437139806912,51744749133.213,3.75733833344474,9.06191564384195,8675891763.57695,,35.5380321623178,-0.511564,-0.7597657,0.03427632,57.415283,72.8351135253906,,,,0,1.249901736214336,,,0,16.76670949015815,0,,,4.288198167565044,,,,,,,,1,0,,,,,,,,,,,,,,,,,,True,True,True
PER,Peru,Latin America,2001,,3.50683333333333,0.617892325624297,52030158775.4055,1.97709878502053,9.73495551425895,8980104804.36401,,35.0644014310212,,,0.03564963,168.82918,70.6080551147461,,,,0,1.2547134460291194,0.0048117098147835,0.4811709814783516,0,17.259422257632774,0,,,4.257144233100562,-0.0310539344644817,,,,111.413897,111.413897,0.0,1,0,111.413897,0.0,0.4927127674746252,16.76670949015815,-2.0764790724448234,2.69437139806912,-1.7802395484242102,3.75733833344474,-2.227058410644503,72.8351135253906,-0.47363073129659483,35.5380321623178,,-0.511564,57.415283,,,True,True,True
PER,Peru,Latin America,2002,,3.5165,5.45352893818767,54777553515.0809,0.193135003853722,10.229262297093,9721160042.62848,,35.2491813317695,-0.2430338,-0.5353011,0.02527601,156.04216,71.1386032104492,,,,0,1.257466176765936,0.0027527307368164,0.2752730736816478,0,17.74661228700572,0,,,4.26463013195096,0.0074858988503976,,,,-12.787020000000012,0.0,-12.787020000000012,1,0,111.413897,-12.787020000000012,0.48719002937294675,17.259422257632774,4.835636612563373,0.617892325624297,-1.7839637811668079,1.97709878502053,0.5305480957031108,70.6080551147461,0.1847799007482962,35.0644014310212,,,168.82918,111.413897,0.0,True,True,True
PER,Peru,Latin America,2003,,3.478467,4.16502313666112,58731030121.8671,2.25937753363072,9.38296559343825,10241971443.4071,,37.6246103251002,-0.057581,-0.5205074,0.020571308,176.30156,71.7565460205078,,,,0,1.2465916794887797,-0.0108744972771563,1.0874497277156392,0,17.438773714942464,0,,,4.273279084213487,0.0086489522625265,,,,20.2594,20.2594,0.0,1,0,131.673297,-12.787020000000012,-0.3078385720632575,17.74661228700572,-1.2885058015265498,5.45352893818767,2.0662425297769977,0.193135003853722,0.6179428100585938,71.1386032104492,2.3754289933307007,35.2491813317695,0.1854528,-0.2430338,156.04216,111.413897,-12.787020000000012,True,True,True
PER,Peru,Latin America,2004,,3.413175,4.95820320611745,66768703497.5687,3.66247320092233,9.30448932988442,12664710327.2194,,41.9360782679273,-0.4101705,-0.3791477,0.017356507,129.39624,79.0226593017578,,,,0,1.227642943148605,-0.0189487363401745,1.8948736340174577,0,18.96803391978484,0,,,4.369734637944664,0.0964555537311779,,,,-46.90531999999999,0.0,-46.90531999999999,1,0,131.673297,-59.69234,1.5292602048423767,17.438773714942464,0.79318006945633,4.16502313666112,1.4030956672916104,2.25937753363072,7.26611328125,71.7565460205078,4.3114679428271,37.6246103251002,-0.3525895,-0.057581,176.30156,131.673297,-12.787020000000012,True,True,True
PER,Peru,Latin America,2005,,3.29584166666667,6.28506032509601,76060606060.6061,1.61630193862544,8.24288413578902,14171339683.0385,78.5,47.3573174768394,-0.4001666,-0.4764555,0.017183261,101.538994,84.4277572631836,,,,0,1.1926615728674734,-0.0349813702811314,3.4981370281131463,0,18.6316418143534,0,4.363098624788363,,4.435896225059424,0.0661615871147596,,,,-27.857246000000004,0.0,-27.857246000000004,1,0,131.673297,-87.549586,-0.3363921054314396,18.96803391978484,1.3268571189785598,4.95820320611745,-2.04617126229689,3.66247320092233,5.4050979614257955,79.0226593017578,5.421239208912098,41.9360782679273,0.01000390000000001,-0.4101705,129.39624,131.673297,-59.69234,True,True,True
PER,Peru,Latin America,2006,,3.27403250265816,7.5288990440594,88643193061.748,2.00225801248819,7.9018575908709,17442093800.3961,100.9,51.7850560338442,-0.260941,-0.5145408,0.014312585,104.03535,107.531120300293,,,,0,1.1860224064067395,-0.0066391664607337,0.6639166460733703,0,19.67674358057714,0,4.614129927359564,0.2510313025712003,4.677780296838751,0.2418840717793271,,,,2.4963559999999916,2.4963559999999916,0.0,1,0,134.16965299999998,-87.549586,1.0451017662237376,18.6316418143534,1.2438387189633895,6.28506032509601,0.3859560738627499,1.61630193862544,23.103363037109403,84.4277572631836,4.427738557004801,47.3573174768394,0.1392256,-0.4001666,101.538994,131.673297,-87.549586,True,True,True
PER,Peru,Latin America,2007,32.0,3.12804457735247,8.5183877690955,102170981144.136,1.77998644680372,9.93602025327817,27786002524.9928,107.2,55.6881132836815,-0.355667199999999,-0.5442173,0.014608082,93.73795,109.976249694824,,,,0,1.1404080736532805,-0.0456143327534592,4.561433275345928,0,27.195591364434648,0,4.674696248636701,0.0605663212771379,4.700264430614857,0.0224841337761061,3.49650756146648,1.0,0.0,-10.297399999999996,0.0,-10.297399999999996,1,0,134.16965299999998,-97.846986,7.51884778385751,19.67674358057714,0.9894887250361011,7.5288990440594,-0.22227156568446982,2.00225801248819,2.4451293945310084,107.531120300293,3.9030572498373033,51.7850560338442,-0.09472619999999904,-0.260941,104.03535,134.16965299999998,-87.549586,True,True,True
PER,Peru,Latin America,2008,40.0,2.92440833333333,9.1265683014642,120550599815.441,5.78587598206755,8.44274791990058,31241123023.427,93.2,58.4337673899053,-0.302610999999999,-0.579087999999999,0.011413162,81.196495,96.7342224121094,,,,0,1.0730921810203424,-0.067315892632938,6.731589263293802,0,25.91536091173012,0,4.534747721691546,-0.1399485269451554,4.57196724276775,-0.1282971878471075,3.713572066704308,1.0,0.0,-12.541455,0.0,-12.541455,1,0,134.16965299999998,-110.388441,-1.2802304527045294,27.195591364434648,0.6081805323686993,8.5183877690955,4.0058895352638295,1.77998644680372,-13.242027282714602,109.976249694824,2.745654106223796,55.6881132836815,0.0530562,-0.355667199999999,93.73795,134.16965299999998,-97.846986,True,True,True
PER,Peru,Latin America,2009,50.0,3.01150833333333,1.0958236592427,120822986521.479,2.936231535967,11.2592762683117,33225062118.6704,93.3,48.1119296153519,-0.3848159,-0.503791,0.010047646,83.10186,91.1932144165039,,,,0,1.1024410606681003,0.0293488796477581,2.934887964775812,0,27.49895783511683,0,4.535820107853298,0.001072386161752,4.512980490984413,-0.0589867517833369,3.9318256327243257,1.0,0.0,1.9053650000000033,1.9053650000000033,0.0,1,0,136.075018,-110.388441,1.583596923386711,25.91536091173012,-8.0307446422215,9.1265683014642,-2.84964444610055,5.78587598206755,-5.541007995605497,96.7342224121094,-10.321837774553401,58.4337673899053,-0.08220490000000097,-0.302610999999999,81.196495,134.16965299999998,-110.388441,True,True,True
PER,Peru,Latin America,2010,28.0,2.825125,8.33245910749577,147527631520.729,1.52832059732901,11.3343565365921,44214818032.5469,111.4,51.6728089370033,-0.2613416,-0.4909174,0.012240385,84.17017,107.043891906738,,,,0,1.0385526114071104,-0.0638884492609901,6.388844926099013,0,29.97053336841126,0,4.713127327493184,0.1773072196398857,4.673238955086814,0.1602584641024007,3.367295829986474,1.0,0.0,1.0683099999999968,1.0683099999999968,0.0,1,0,137.143328,-110.388441,2.4715755332944305,27.49895783511683,7.236635448253071,1.0958236592427,-1.40791093863799,2.936231535967,15.85067749023409,91.1932144165039,3.560879321651406,48.1119296153519,0.12347429999999998,-0.3848159,83.10186,136.075018,-110.388441,True,True,True
PER,Peru,Latin America,2011,,2.7541,6.32719240161117,171761737046.585,3.36931095333853,10.1893973684482,48913125192.9625,117.9,55.9882802838607,-0.2482217,-0.443320599999999,0.010982346,90.09539,107.674110412598,,,,0,1.013090710467866,-0.0254619009392444,2.5461900939244497,0,28.47731167256206,0,4.769836807543325,0.0567094800501415,4.679109169123812,0.0058702140369986,,,,5.925219999999996,5.925219999999996,0.0,1,0,143.068548,-110.388441,-1.4932216958492006,29.97053336841126,-2.0052667058846003,8.33245910749577,1.84099035600952,1.52832059732901,0.6302185058600003,107.043891906738,4.3154713468574,51.6728089370033,0.013119900000000018,-0.2613416,84.17017,137.143328,-110.388441,True,True,True
PER,Peru,Latin America,2012,,2.63758641774892,6.13972470560435,192650021648.583,3.61121294940163,12.2073819997094,64155414233.6095,114.6,52.6198952632294,-0.3605037,-0.4879551,0.005876236,81.475235,100.0,,,,0,0.9698642632887104,-0.0432264471791554,4.322644717915547,0,33.30153492047706,0,4.741447804280639,-0.0283890032626858,4.605170185988092,-0.0739389831357204,,,,-8.620154999999997,0.0,-8.620154999999997,1,0,143.068548,-119.008596,4.8242232479150005,28.47731167256206,-0.18746769600682,6.32719240161117,0.24190199606309992,3.36931095333853,-7.674110412597997,107.674110412598,-3.368385020631301,55.9882802838607,-0.11228199999999999,-0.2482217,90.09539,143.068548,-110.388441,True,True,True
PER,Peru,Latin America,2013,,2.70189902597403,5.85251821084928,201175543571.392,2.76789666082002,12.3787709993876,65766057258.3036,108.4,49.7871424471444,-0.399042199999999,-0.555049,0.005987909,83.036606,99.9603652954102,,,,0,0.9939548687338908,0.0240906054451804,2.409060544518049,0,32.69088085499067,0,4.685828089005546,-0.0556197152750934,4.604773760375942,-0.0003964256121493,,,,1.5613710000000083,1.5613710000000083,0.0,1,0,144.629919,-119.008596,-0.6106540654863934,33.30153492047706,-0.2872064947550701,6.13972470560435,-0.8433162885816099,3.61121294940163,-0.03963470458980112,100.0,-2.832752816085005,52.6198952632294,-0.03853849999999903,-0.3605037,81.475235,143.068548,-119.008596,True,True,True
PER,Peru,Latin America,2014,,2.83904413780664,2.38215737180541,200786250582.943,3.41194579807465,12.4158044903277,62529703139.4597,103.6,46.8531210912899,-0.5816106,-0.553702,0.021450965,100.29159,101.178115844727,,,,0,1.043467424325473,0.0495125555915817,4.951255559158174,0,31.142422829211228,0,4.640537329825382,-0.0452907591801636,4.616882486875093,0.0121087264991501,,,,17.254983999999993,17.254983999999993,0.0,1,0,161.884903,-119.008596,-1.5484580257794391,32.69088085499067,-3.4703608390438703,5.85251821084928,0.6440491372546302,2.76789666082002,1.2177505493168042,99.9603652954102,-2.9340213558544974,49.7871424471444,-0.18256840000000096,-0.399042199999999,83.036606,144.629919,-119.008596,True,True,True
PER,Peru,Latin America,2015,,3.18443924152237,3.25224477218451,189802976285.619,3.39809194746308,13.5145296502602,61594854517.8208,100.0,45.1627686891148,-0.5919962,-0.4520227,0.007574074,105.95364,96.3477172851563,,,,0,1.1582762112069702,0.1148087868814975,11.480878688149756,0,32.45199612946624,0,4.605170185988092,-0.0353671438372904,4.567963702676825,-0.0489187841982676,,,,5.662049999999994,5.662049999999994,0.0,1,0,167.54695299999997,-119.008596,1.3095733002550105,31.142422829211228,0.8700874003790999,2.38215737180541,-0.013853850611570184,3.41194579807465,-4.830398559570696,101.178115844727,-1.690352402175101,46.8531210912899,-0.010385599999999995,-0.5816106,100.29159,161.884903,-119.008596,True,True,True
PER,Peru,Latin America,2016,,3.37506158720665,3.95331871520767,191898104390.379,3.55717663556279,13.7589480936311,61801163825.775,103.3,45.3888411964154,-0.5112656,-0.3392422,0.014475793,98.67869,95.4133834838867,,,,0,1.2164135722192289,0.0581373610122586,5.813736101225864,0,32.205197660552535,0,4.637637376125593,0.0324671901375008,4.558218856705842,-0.0097448459709825,,,,-7.27494999999999,0.0,-7.27494999999999,1,0,167.54695299999997,-126.28354599999999,-0.2467984689137026,32.45199612946624,0.7010739430231601,3.25224477218451,0.1590846880997101,3.39809194746308,-0.9343338012696023,96.3477172851563,0.22607250730060002,45.1627686891148,0.08073059999999999,-0.5919962,105.95364,167.54695299999997,-119.008596,True,True,True
PER,Peru,Latin America,2017,,3.2604884908321,2.51883544233135,211007984080.911,2.99490045809443,12.5788871466609,63819289822.9382,111.0,47.5135503619971,-0.593187599999999,-0.374605199999999,0.012800598,107.37731,103.740921020508,,,,0,1.181877027966681,-0.0345365442525478,3.453654425254782,0,30.244964474172075,0,4.709530201312334,0.0718928251867412,4.641896647045671,0.0836777903398289,,,,8.698619999999991,8.698619999999991,0.0,1,0,176.24557299999998,-126.28354599999999,-1.96023318638046,32.205197660552535,-1.43448327287632,3.95331871520767,-0.5622761774683602,3.55717663556279,8.327537536621293,95.4133834838867,2.1247091655816988,45.3888411964154,-0.08192199999999905,-0.5112656,98.67869,167.54695299999997,-126.28354599999999,True,True,True
PER,Peru,Latin America,2018,,3.28660269803296,3.969351341365,222597009739.235,1.50915423024742,11.0434886099462,60333192028.0169,108.2,48.631470171736,-0.5877892,-0.4609214,0.019135348,98.55291,103.131332397461,,,,0,1.1898544166838905,0.0079773887172094,0.7977388717209433,0,27.104223951029365,0,4.6839813664123815,-0.0255488348999524,4.636003247835919,-0.0058933992097518,,,,-8.824399999999997,0.0,-8.824399999999997,1,0,176.24557299999998,-135.10794599999997,-3.1407405231427106,30.244964474172075,1.45051589903365,2.51883544233135,-1.48574622784701,2.99490045809443,-0.6095886230470029,103.740921020508,1.1179198097389005,47.5135503619971,0.005398399999999026,-0.593187599999999,107.37731,176.24557299999998,-126.28354599999999,True,True,True
PER,Peru,Latin America,2019,,3.3372655465368,2.24063176875049,228346006003.648,2.25212191358027,12.7403915926788,68440494635.2458,109.5,46.9435053754409,-0.490189,-0.456438399999999,0.03593124,90.94625,98.425178527832,,,,0,1.2051517730301715,0.015297356346281,1.5297356346281044,0,29.972275772650217,0,4.695924549256556,0.011943182844174,4.589296650674557,-0.0467065971613624,,,,-7.606659999999991,0.0,-7.606659999999991,1,0,176.24557299999998,-142.71460599999997,2.8680518216208526,27.104223951029365,-1.72871957261451,3.969351341365,0.74296768333285,1.50915423024742,-4.7061538696289915,103.131332397461,-1.6879647962950983,48.631470171736,0.09760020000000003,-0.5877892,98.55291,176.24557299999998,-135.10794599999997,True,True,True
PER,Peru,Latin America,2020,5.0,3.4949411976912,-10.9333065010382,201409694755.934,2.00241205759292,17.6625455259195,74961659711.1288,121.8,44.245967197744,-0.4980887,-0.4320888,0.015642133,77.2938,101.418632507324,,,,0,1.2513165508493012,0.0461647778191296,4.616477781912964,0,37.218496260553145,0,4.802380355275797,0.1064558060192411,4.619256826814365,0.0299601761398085,1.791759469228055,0.0,0.0,-13.652450000000002,0.0,-13.652450000000002,1,0,176.24557299999998,-156.367056,7.246220487902928,29.972275772650217,-13.173938269788689,2.24063176875049,-0.24970985598735007,2.25212191358027,2.9934539794920028,98.425178527832,-2.6975381776968987,46.9435053754409,-0.00789970000000001,-0.490189,90.94625,176.24557299999998,-142.71460599999997,True,True,True
PER,Peru,Latin America,2021,,3.88055413137587,13.4166456126513,226406075008.878,4.27166381536798,12.0403827833534,78589897922.7032,132.9,55.4083231938774,-0.509709,-0.5208197,0.012419358,82.07024,114.911682128906,,,,0,1.355977960802668,0.1046614099533669,10.466140995336692,0,34.711921011669624,0,4.8895969657192,0.0872166104434031,4.744163851826622,0.1249070250122565,,,,4.776439999999994,4.776439999999994,0.0,1,0,181.02201299999996,-156.367056,-2.5065752488835216,37.218496260553145,24.349952113689497,-10.9333065010382,2.2692517577750597,2.00241205759292,13.493049621581989,101.418632507324,11.1623559961334,44.245967197744,-0.011620299999999972,-0.4980887,77.2938,176.24557299999998,-156.367056,True,True,True
PER,Peru,Latin America,2022,,3.83518137473542,2.81819976419922,246169867862.821,8.33370630096231,9.65845989719161,72328123071.4846,119.6,57.2727003111939,-0.641561199999999,-0.487251699999999,0.046695147,157.58319,107.487823486328,,,,0,1.344216728286373,-0.011761232516295,1.1761232516295017,0,29.381387616371345,0,4.784152841516532,-0.105444124202668,4.677377571257575,-0.0667862805690466,,,,75.51295,75.51295,0.0,1,0,256.53496299999995,-156.367056,-5.3305333952982785,34.711921011669624,-10.59844584845208,13.4166456126513,4.062042485594331,4.27166381536798,-7.423858642577997,114.911682128906,1.8643771173165007,55.4083231938774,-0.1318521999999991,-0.509709,82.07024,181.02201299999996,-156.367056,True,True,True
PER,Peru,Latin America,2023,,3.74382620959376,-0.350699814345759,268025009709.319,6.45561348369586,10.2506314353337,71394387239.6392,128.8,50.9070307213493,-0.6654876,-0.4787644,0.047137454,121.71125,105.42610168457,,,,0,1.3201081391602445,-0.0241085891261287,2.4108589126128788,0,26.63721095171996,0,4.858260813670253,0.0741079721537216,4.6580102495146605,-0.0193673217429148,,,,-35.871939999999995,0.0,-35.871939999999995,1,0,256.53496299999995,-192.238996,-2.744176664651384,29.381387616371345,-3.1688995785449787,2.81819976419922,-1.8780928172664506,8.33370630096231,-2.0617218017579972,107.487823486328,-6.3656695898446,57.2727003111939,-0.023926400000000903,-0.641561199999999,157.58319,256.53496299999995,-156.367056,True,True,True
PER,Peru,Latin America,2024,,3.7525,3.5152749274832,291751523018.903,2.00770739412712,10.5197345775178,79246042707.9259,145.0,51.6811479870417,-0.7203896,-0.5057749,0.027667463,134.45274,110.224822998047,,,,0,1.32242228452548,0.0023141453652357,0.2314145365235775,0,27.162169330917745,0,4.976733742420574,0.1184729287503207,4.702522125418689,0.0445118759040283,,,,12.741489999999999,12.741489999999999,0.0,1,0,269.27645299999995,-192.238996,0.5249583791977841,26.63721095171996,3.8659747418289587,-0.350699814345759,-4.44790608956874,6.45561348369586,4.798721313477003,105.42610168457,0.7741172656923965,50.9070307213493,-0.054902000000000006,-0.6654876,121.71125,256.53496299999995,-192.238996,True,True,True
QAT,Qatar,MENA,2000,,3.64,8.02812548837973,17759890109.8901,1.65033522434232,,1163240534.55416,,89.6126597159917,0.4560717,0.4550523,,57.415283,48.5621299743652,,,,0,1.2919836816486494,,,1,6.549818311693137,0,,,3.8828440085233455,,,,,,,,0,1,,,,,,,,,,,,,,,,,,True,True,True
QAT,Qatar,MENA,2001,,3.64,3.89814748805541,17538461538.4615,1.47133434804683,,1317979112.40082,,94.968671679198,,,,168.82918,45.2241287231445,,,,0,1.2919836816486494,0.0,0.0,1,7.514793184741535,0,,,3.811630765714784,-0.0712132428085614,,,,111.413897,111.413897,0.0,0,1,111.413897,0.0,0.9649748730483978,6.549818311693137,-4.1299780003243205,8.02812548837973,-0.17900087629549,1.65033522434232,-3.338001251220696,48.5621299743652,5.356011963206299,89.6126597159917,,0.4560717,57.415283,,,True,True,True
QAT,Qatar,MENA,2002,,3.64,7.18252331136711,19363736263.7363,0.239999999999952,,1573357086.57437,,88.4697236252199,0.5957195,0.5489488,,156.04216,43.0053596496582,,,,0,1.2919836816486494,0.0,0.0,1,8.125276367871708,0,,,3.7613247509415744,-0.0503060147732097,,,,-12.787020000000012,0.0,-12.787020000000012,0,1,111.413897,-12.787020000000012,0.6104831831301727,7.514793184741535,3.2843758233116995,3.89814748805541,-1.231334348046878,1.47133434804683,-2.2187690734862997,45.2241287231445,-6.498948053978097,94.968671679198,,,168.82918,111.413897,0.0,True,True,True
QAT,Qatar,MENA,2003,,3.64,3.7199194981967,23533791208.7912,2.26456504389469,,2952140936.48057,,90.1649486943021,0.5949337,0.5495621,,176.30156,53.1481666564941,,,,0,1.2919836816486494,0.0,0.0,1,12.54426416164421,0,,,3.9730836104299874,0.211758859488413,,,,20.2594,20.2594,0.0,0,1,131.673297,-12.787020000000012,4.4189877937725015,8.125276367871708,-3.4626038131704098,7.18252331136711,2.024565043894738,0.239999999999952,10.142807006835895,43.0053596496582,1.6952250690821984,88.4697236252199,-0.0007857999999999477,0.5957195,156.04216,111.413897,-12.787020000000012,True,True,True
QAT,Qatar,MENA,2004,0.0,3.64,19.2185032411244,31734065934.0659,6.79933665008279,,3414202840.55407,,90.3724288385622,0.5543046,0.4532057,,129.39624,60.1199111938477,,,,0,1.2919836816486494,0.0,0.0,1,10.758794185553732,0,,,4.096341087735441,0.1232574773054535,0.0,0.0,0.0,-46.90531999999999,0.0,-46.90531999999999,0,1,131.673297,-59.69234,-1.7854699760904769,12.54426416164421,15.4985837429277,3.7199194981967,4.5347716061881,2.26456504389469,6.971744537353601,53.1481666564941,0.20748014426010286,90.1649486943021,-0.040629099999999974,0.5949337,176.30156,131.673297,-12.787020000000012,True,True,True
QAT,Qatar,MENA,2005,,3.64,7.49272803754515,44530494505.4945,8.81439532334683,,4552170762.09192,141.0,94.7455441696331,0.666323,0.3921128,,101.538994,81.7162704467773,,,,0,1.2919836816486494,0.0,0.0,1,10.22259198475831,1,4.948759890378168,,4.403253130713857,0.306912042978416,,,,-27.857246000000004,0.0,-27.857246000000004,0,1,131.673297,-87.549586,-0.5362022007954224,10.758794185553732,-11.72577520357925,19.2185032411244,2.01505867326404,6.79933665008279,21.596359252929602,60.1199111938477,4.373115331070906,90.3724288385622,0.11201839999999996,0.5543046,129.39624,131.673297,-59.69234,True,True,True
QAT,Qatar,MENA,2006,,3.64,26.17039955781,60882142857.1429,11.8358096197431,,5394808792.02756,148.2,98.570919313572,0.8261586,0.5046424,,104.03535,87.9313125610352,,,,0,1.2919836816486494,0.0,0.0,1,8.861069172098997,1,4.998562712861986,0.0498028224838176,4.476555970619829,0.0733028399059723,,,,2.4963559999999916,2.4963559999999916,0.0,0,1,134.16965299999998,-87.549586,-1.361522812659313,10.22259198475831,18.677671520264852,7.49272803754515,3.021414296396271,8.81439532334683,6.215042114257898,81.7162704467773,3.825375143938899,94.7455441696331,0.15983559999999997,0.666323,101.538994,131.673297,-87.549586,True,True,True
QAT,Qatar,MENA,2007,,3.64,17.9852165615129,79711813186.8132,13.7581625759964,,9749045696.11503,152.6,96.11443696558,0.9099992,0.5476294,,93.73795,90.9638214111328,,,,0,1.2919836816486494,0.0,0.0,1,12.230364994040588,1,5.027820118850356,0.0292574059883703,4.510461860555544,0.0339058899357151,,,,-10.297399999999996,0.0,-10.297399999999996,0,1,134.16965299999998,-97.846986,3.3692958219415914,8.861069172098997,-8.185182996297101,26.17039955781,1.9223529562532988,11.8358096197431,3.0325088500975994,87.9313125610352,-2.456482347992008,98.570919313572,0.08384060000000004,0.8261586,104.03535,134.16965299999998,-87.549586,True,True,True
QAT,Qatar,MENA,2008,,3.64,17.6630346842674,115269780219.78,15.0501451570333,,9996578243.98446,188.7,89.4332931345959,1.0956962,0.5133196,,81.196495,117.153060913086,,,,0,1.2919836816486494,0.0,0.0,1,8.67233218014679,1,5.240158452374504,0.2123383335241477,4.763481292765147,0.2530194322096024,,,,-12.541455,0.0,-12.541455,0,1,134.16965299999998,-110.388441,-3.5580328138937976,12.230364994040588,-0.32218187724549807,17.9852165615129,1.2919825810369012,13.7581625759964,26.189239501953196,90.9638214111328,-6.681143830984098,96.11443696558,0.1856969999999999,0.9099992,93.73795,134.16965299999998,-97.846986,True,True,True
QAT,Qatar,MENA,2009,,3.64,11.9575512911227,97798351648.3516,-4.86327801622565,,18803758797.5506,116.5,80.1441629727012,1.3734502,0.7580663,,83.10186,73.0226593017578,,,,0,1.2919836816486494,0.0,0.0,1,19.22707129580495,1,4.757891273005756,-0.4822671793687485,4.290769794377788,-0.4727114983873592,,,,1.9053650000000033,1.9053650000000033,0.0,0,1,136.075018,-110.388441,10.55473911565816,8.67233218014679,-5.705483393144702,17.6630346842674,-19.913423173258952,15.0501451570333,-44.130401611328196,117.153060913086,-9.289130161894704,89.4332931345959,0.27775400000000006,1.0956962,81.196495,134.16965299999998,-110.388441,True,True,True
QAT,Qatar,MENA,2010,,3.64,16.7315558489187,125122252747.253,-2.42525675161714,,31181698262.5165,130.4,86.0703268232169,1.3446901,0.7067019,,84.17017,82.3102722167969,,,,0,1.2919836816486494,0.0,0.0,1,24.920985338638,1,4.870606649492553,0.1127153764867969,4.410495914193237,0.1197261198154491,,,,1.0683099999999968,1.0683099999999968,0.0,0,1,137.143328,-110.388441,5.69391404283305,19.22707129580495,4.774004557795999,11.9575512911227,2.43802126460851,-4.86327801622565,9.287612915039105,73.0226593017578,5.926163850515707,80.1441629727012,-0.028760099999999955,1.3734502,83.10186,136.075018,-110.388441,True,True,True
QAT,Qatar,MENA,2011,,3.64,13.0214050496923,167775274725.275,1.13836623529202,3.19016206908009,16809490742.533,145.0,98.7216351018991,1.1504795,0.641775,,90.09539,99.8233337402344,,,,0,1.2919836816486494,0.0,0.0,1,10.019051239855122,1,4.976733742420574,0.1061270929280215,4.603401961001655,0.1929060468084182,,,,5.925219999999996,5.925219999999996,0.0,0,1,143.068548,-110.388441,-14.90193409878288,24.920985338638,-3.7101507992263993,16.7315558489187,3.5636229869091602,-2.42525675161714,17.5130615234375,82.3102722167969,12.651308278682194,86.0703268232169,-0.1942105999999999,1.3446901,84.17017,137.143328,-110.388441,True,True,True
QAT,Qatar,MENA,2012,,3.64,4.62623675511804,186833502362.637,2.31534853431661,5.43006082958833,33185072530.0802,140.5,105.746343435217,1.1558661,0.7277942,,81.475235,100.0,,,,0,1.2919836816486494,0.0,0.0,1,17.761842555233585,1,4.945207488773801,-0.0315262536467733,4.605170185988092,0.0017682249864368,,,,-8.620154999999997,0.0,-8.620154999999997,0,1,143.068548,-119.008596,7.742791315378463,10.019051239855122,-8.39516829457426,13.0214050496923,1.1769822990245897,1.13836623529202,0.17666625976559658,99.8233337402344,7.0247083333179035,98.7216351018991,0.005386599999999797,1.1504795,90.09539,143.068548,-110.388441,True,True,True
QAT,Qatar,MENA,2013,,3.64,4.43070196521455,198727642967.033,3.22197756829293,6.67015979671203,42082172537.965,150.1,102.383208106327,1.1766023,0.7628549,,83.036606,103.521980285645,,,,0,1.2919836816486494,0.0,0.0,1,21.175802173100813,1,5.011301738639416,0.0660942498656149,4.63978396006774,0.0346137740796486,,,,1.5613710000000083,1.5613710000000083,0.0,0,1,144.629919,-119.008596,3.413959617867228,17.761842555233585,-0.1955347899034896,4.62623675511804,0.9066290339763201,2.31534853431661,3.521980285645,100.0,-3.363135328889996,105.746343435217,0.020736200000000204,1.1558661,81.475235,143.068548,-119.008596,True,True,True
QAT,Qatar,MENA,2014,,3.64,4.11911527912761,206224598571.429,3.34972085659523,6.42598128516767,43215459717.5334,147.2,99.0343747414317,0.8617689,0.5935569,,100.29159,101.941696166992,,,,0,1.2919836816486494,0.0,0.0,1,20.9555310166188,1,4.991792206294776,-0.0195095323446397,4.624401043649202,-0.0153829164185381,,,,17.254983999999993,17.254983999999993,0.0,0,1,161.884903,-119.008596,-0.22027115648201345,21.175802173100813,-0.3115866860869403,4.43070196521455,0.12774328830229997,3.22197756829293,-1.5802841186529974,103.521980285645,-3.348833364895299,102.383208106327,-0.31483340000000015,1.1766023,83.036606,144.629919,-119.008596,True,True,True
QAT,Qatar,MENA,2015,,3.64,4.75334572438737,161739955576.923,1.8140772393776,6.33001498015487,37257529105.0352,100.0,93.7076041736357,0.8450167,0.5358302,,105.95364,66.1461486816406,,,,0,1.2919836816486494,0.0,0.0,1,23.035451550693445,1,4.605170185988092,-0.3866220203066843,4.191866667878009,-0.4325343757711932,,,,5.662049999999994,5.662049999999994,0.0,0,1,167.54695299999997,-119.008596,2.0799205340746454,20.9555310166188,0.6342304452597602,4.11911527912761,-1.53564361721763,3.34972085659523,-35.795547485351406,101.941696166992,-5.326770567796004,99.0343747414317,-0.016752199999999995,0.8617689,100.29159,161.884903,-119.008596,True,True,True
QAT,Qatar,MENA,2016,,3.64,3.06419188430156,151732181868.132,2.6765917009819,5.33675404453708,31887349772.9792,83.0,89.5476001199351,0.8601436,0.5818673,,98.67869,52.4077415466309,,,,0,1.2919836816486494,0.0,0.0,1,21.01554817203643,1,4.418840607796598,-0.1863295781914935,3.9590543198541215,-0.2328123480238875,,,,-7.27494999999999,0.0,-7.27494999999999,0,1,167.54695299999997,-126.28354599999999,-2.019903378657016,23.035451550693445,-1.68915384008581,4.75334572438737,0.8625144616042999,1.8140772393776,-13.738407135009695,66.1461486816406,-4.160004053700604,93.7076041736357,0.015126900000000054,0.8450167,105.95364,167.54695299999997,-119.008596,True,True,True
QAT,Qatar,MENA,2017,,3.64,-1.49760470227838,161099122225.275,0.394878914083005,2.52957830646864,15007730964.8132,95.4,91.4945879195194,0.7457912,0.470148,,107.37731,61.0382537841797,,,,0,1.2919836816486494,0.0,0.0,1,9.315836584029894,1,4.558078578454241,0.1392379706576427,4.111500778837303,0.1524464589831811,,,,8.698619999999991,8.698619999999991,0.0,0,1,176.24557299999998,-126.28354599999999,-11.699711588006535,21.01554817203643,-4.56179658657994,3.06419188430156,-2.2817127868988947,2.6765917009819,8.6305122375488,52.4077415466309,1.9469877995843063,89.5476001199351,-0.11435240000000002,0.8601436,98.67869,167.54695299999997,-126.28354599999999,True,True,True
QAT,Qatar,MENA,2018,,3.64,1.23487220191065,183334953818.681,0.255815382724408,4.69637516299306,30358280804.0766,110.6,91.838448978201,0.7493739,0.4639058,,98.55291,74.8651504516602,,,,0,1.2919836816486494,0.0,0.0,1,16.558915892329544,1,4.705920089088234,0.1478415106339934,4.31568850122715,0.2041877223898476,,,,-8.824399999999997,0.0,-8.824399999999997,0,1,176.24557299999998,-135.10794599999997,7.2430793082996505,9.315836584029894,2.73247690418903,-1.49760470227838,-0.139063531358597,0.394878914083005,13.826896667480497,61.0382537841797,0.3438610586815969,91.4945879195194,0.0035827000000000497,0.7457912,107.37731,176.24557299999998,-126.28354599999999,True,True,True
QAT,Qatar,MENA,2019,,3.64,0.688240954592672,176371267692.308,-0.666641124861147,5.94863841809649,39718464943.2827,91.9,90.0463755485388,0.8776184,0.4938622,,90.94625,51.9438400268555,,,,0,1.2919836816486494,0.0,0.0,1,22.51980465013969,1,4.520701029361642,-0.1852190597265925,3.950163135478193,-0.3655253657489572,,,,-7.606659999999991,0.0,-7.606659999999991,0,1,176.24557299999998,-142.71460599999997,5.960888757810146,16.558915892329544,-0.546631247317978,1.23487220191065,-0.9224565075855551,0.255815382724408,-22.9213104248047,74.8651504516602,-1.7920734296621958,91.838448978201,0.12824449999999998,0.7493739,98.55291,176.24557299999998,-135.10794599999997,True,True,True
QAT,Qatar,MENA,2020,,3.64,-3.5576039896784,144411363351.648,-2.5403150300476,6.77351981461538,40972506521.4797,68.9,90.0190948833102,0.8746817,0.4786325,,77.2938,40.8155517578125,,,,0,1.2919836816486494,0.0,0.0,1,28.37207929524898,1,4.232656178019613,-0.288044851342029,3.709063179317703,-0.24109995616049,,,,-13.652450000000002,0.0,-13.652450000000002,0,1,176.24557299999998,-156.367056,5.85227464510929,22.51980465013969,-4.245844944271072,0.688240954592672,-1.873673905186453,-0.666641124861147,-11.128288269042997,51.9438400268555,-0.027280665228602174,90.0463755485388,-0.0029367000000000143,0.8776184,90.94625,176.24557299999998,-142.71460599999997,True,True,True
QAT,Qatar,MENA,2021,,3.64,1.62684671918775,179732009560.44,2.30446565742003,6.81463955622911,42212542110.0839,139.8,92.7791585715125,0.8394432,0.5003341,,82.07024,108.624031066895,,,,0,1.2919836816486494,0.0,0.0,1,23.48637964562942,1,4.94021282979971,0.7075566517800969,4.687892663563218,0.9788294842455154,,,,4.776439999999994,4.776439999999994,0.0,0,1,181.02201299999996,-156.367056,-4.885699649619561,28.37207929524898,5.18445070886615,-3.5576039896784,4.84478068746763,-2.5403150300476,67.8084793090825,40.8155517578125,2.760063688202294,90.0190948833102,-0.03523850000000006,0.8746817,77.2938,176.24557299999998,-156.367056,True,True,True
QAT,Qatar,MENA,2022,,3.64,4.18500970982862,235709325714.286,4.99527553740761,5.86304657389892,47389335669.7513,237.5,100.213647199618,0.8197673,0.5977458,,157.58319,181.507843017578,,,,0,1.2919836816486494,0.0,0.0,1,20.104989705496024,1,5.470167623474696,0.5299547936749862,5.2012988649893455,0.5134062014261271,,,,75.51295,75.51295,0.0,0,1,256.53496299999995,-156.367056,-3.3813899401333956,23.48637964562942,2.55816299064087,1.62684671918775,2.6908098799875804,2.30446565742003,72.88381195068301,108.624031066895,7.434488628105498,92.7791585715125,-0.01967589999999997,0.8394432,82.07024,181.02201299999996,-156.367056,True,True,True
QAT,Qatar,MENA,2023,,3.64,1.18715991623776,213002809340.659,3.02764899198902,6.48104847137267,51538727785.639,137.1,,0.7757739,0.5728637,,121.71125,85.7692260742188,,,,0,1.2919836816486494,0.0,0.0,1,24.19626668078929,1,4.920710586568268,-0.5494570369064276,4.451660271692632,-0.749638593296714,,,,-35.871939999999995,0.0,-35.871939999999995,0,1,256.53496299999995,-192.238996,4.091276975293265,20.104989705496024,-2.99784979359086,4.18500970982862,-1.9676265454185904,4.99527553740761,-95.7386169433592,181.507843017578,,100.213647199618,-0.04399339999999996,0.8197673,157.58319,256.53496299999995,-156.367056,True,True,True
QAT,Qatar,MENA,2024,,3.64,3.10963283242745,216294505494.505,1.26734310292375,6.69567627121726,53987415590.4034,121.6,,0.7548293,0.589593,,134.45274,75.829704284668,,,,0,1.2919836816486494,0.0,0.0,1,24.96014194487939,1,4.800736969532067,-0.1199736170362015,4.328490092990985,-0.1231701787016463,,,,12.741489999999999,12.741489999999999,0.0,0,1,269.27645299999995,-192.238996,0.7638752640900996,24.19626668078929,1.92247291618969,1.18715991623776,-1.7603058890652699,3.02764899198902,-9.93952178955081,85.7692260742188,,,-0.02094459999999998,0.7757739,121.71125,256.53496299999995,-192.238996,True,True,True
SAU,Saudi Arabia,MENA,2000,,3.75,4.71813422138024,189514933333.333,-1.12499838517645,4.48340882239567,20846854711.0682,,68.1664488005167,-0.386739399999999,-0.235749799999999,0.079297,57.415283,39.0345001220703,,,,0,1.3217558399823195,,,1,11.000111887964623,1,,,3.664445873599911,,,,,,,,1,1,,,,,,,,,,,,,,,,,,True,True,True
SAU,Saudi Arabia,MENA,2001,,3.75,0.344593196175438,184137600000.0,-1.12094804896791,4.30972997111817,18866525322.4819,,63.5605836794513,,,0.34200656,168.82918,34.9872550964355,,,,0,1.3217558399823195,0.0,0.0,1,10.245884231401895,1,,,3.554983855072465,-0.1094620185274459,,,,111.413897,111.413897,0.0,1,1,111.413897,0.0,-0.7542276565627279,11.000111887964623,-4.373541025204802,4.71813422138024,0.004050336208540006,-1.12499838517645,-4.047245025634801,39.0345001220703,-4.605865121065406,68.1664488005167,,-0.386739399999999,57.415283,,,True,True,True
SAU,Saudi Arabia,MENA,2002,,3.75,-0.688390130317757,189605866666.667,0.247186492339686,4.97355154209664,22185731358.2289,,64.5927974099254,-0.0396103,-0.1461614,0.34688088,156.04216,36.2052993774414,,,,0,1.3217558399823195,0.0,0.0,1,11.70097304912622,1,,,3.5892054997595424,0.0342216446870775,,,,-12.787020000000012,0.0,-12.787020000000012,1,1,111.413897,-12.787020000000012,1.4550888177243255,10.245884231401895,-1.032983326493195,0.344593196175438,1.368134541307596,-1.12094804896791,1.218044281005902,34.9872550964355,1.0322137304740977,63.5605836794513,,,168.82918,111.413897,0.0,True,True,True
SAU,Saudi Arabia,MENA,2003,,3.75,8.76873381743964,215807733333.333,0.612195358172966,4.99050354805439,24537673815.334,,69.831170708742,-0.2735569,-0.108076399999999,0.35938278,176.30156,40.3898124694824,,,,0,1.3217558399823195,0.0,0.0,1,11.370155015452353,1,,,3.698577586570792,0.1093720868112493,,,,20.2594,20.2594,0.0,1,1,131.673297,-12.787020000000012,-0.330818033673868,11.70097304912622,9.457123947757397,-0.688390130317757,0.36500886583327996,0.247186492339686,4.184513092041001,36.2052993774414,5.238373298816597,64.5927974099254,-0.2339466,-0.0396103,156.04216,111.413897,-12.787020000000012,True,True,True
SAU,Saudi Arabia,MENA,2004,58.0,3.75,8.63100545880309,258742133333.333,0.5155078977673,4.98463264684709,29303891020.4748,,75.0828366569341,-0.4781623,-0.0826524999999999,0.24491636,129.39624,48.7025184631348,,,,0,1.3217558399823195,0.0,0.0,1,11.325519598589343,1,,,3.8857307425735,0.1871531560027084,4.07753744390572,1.0,0.0,-46.90531999999999,0.0,-46.90531999999999,1,1,131.673297,-59.69234,-0.044635416863009425,11.370155015452353,-0.13772835863655075,8.76873381743964,-0.096687460405666,0.612195358172966,8.3127059936524,40.3898124694824,5.251665948192112,69.831170708742,-0.2046054,-0.2735569,176.30156,131.673297,-12.787020000000012,True,True,True
SAU,Saudi Arabia,MENA,2005,31.0,3.75,5.94489623934835,328459608764.111,0.479231671630955,20.1458922304401,157386678400.961,161.9,81.9540759410158,-0.4021855,-0.2342861,0.13288644,101.538994,65.1124114990234,,,,0,1.3217558399823195,0.0,0.0,1,47.9166004590814,1,5.0869788606835895,,4.176115183869364,0.2903844412958634,3.4657359027997265,1.0,0.0,-27.857246000000004,0.0,-27.857246000000004,1,1,131.673297,-87.549586,36.591080860492056,11.325519598589343,-2.68610921945474,8.63100545880309,-0.03627622613634501,0.5155078977673,16.409893035888594,48.7025184631348,6.871239284081696,75.0828366569341,0.07597680000000001,-0.4781623,129.39624,131.673297,-59.69234,True,True,True
SAU,Saudi Arabia,MENA,2006,11.0,3.75,3.31348473625901,376900133511.348,2.20902314069647,23.7894042968004,228956885016.288,145.0,89.9446046768984,-0.326085099999999,-0.1296676,0.13971779,104.03535,74.9741516113281,,,,0,1.3217558399823195,0.0,0.0,1,60.747361080304415,1,4.976733742420574,-0.1102451182630153,4.317143408950218,0.1410282250808547,2.4849066497880004,0.0,0.0,2.4963559999999916,2.4963559999999916,0.0,1,1,134.16965299999998,-87.549586,12.830760621223014,47.9166004590814,-2.63141150308934,5.94489623934835,1.7297914690655152,0.479231671630955,9.861740112304702,65.1124114990234,7.990528735882592,81.9540759410158,0.07610040000000096,-0.4021855,101.538994,131.673297,-87.549586,True,True,True
SAU,Saudi Arabia,MENA,2007,2.0,3.75,2.21365396372528,415964509673.115,4.16782358431579,25.4533932563503,309287347097.369,144.2,94.8633170967657,-0.3219808,-0.157464,0.15445678,93.73795,79.4513626098633,,,,0,1.3217558399823195,0.0,0.0,1,74.35426338185005,1,4.971201224850849,-0.0055325175697253,4.375145043368863,0.0580016344186447,1.0986122886681098,0.0,0.0,-10.297399999999996,0.0,-10.297399999999996,1,1,134.16965299999998,-97.846986,13.606902301545631,60.747361080304415,-1.0998307725337302,3.31348473625901,1.9588004436193196,2.20902314069647,4.477210998535199,74.9741516113281,4.918712419867305,89.9446046768984,0.004104299999999006,-0.326085099999999,104.03535,134.16965299999998,-87.549586,True,True,True
SAU,Saudi Arabia,MENA,2008,,3.75,6.2379875365458,519796800000.0,9.87024816760266,30.6824933680315,451278977577.857,160.5,96.1026308742185,-0.201515399999999,-0.191093999999999,0.10432335,81.196495,100.265808105469,,,,0,1.3217558399823195,0.0,0.0,1,86.81834470274866,1,5.07829394257007,0.1070927177192215,4.607824740593012,0.2326796972241487,,,,-12.541455,0.0,-12.541455,1,1,134.16965299999998,-110.388441,12.464081320898615,74.35426338185005,4.02433357282052,2.21365396372528,5.702424583286871,4.16782358431579,20.81444549560571,79.4513626098633,1.2393137774528071,94.8633170967657,0.120465400000001,-0.3219808,93.73795,134.16965299999998,-97.846986,True,True,True
SAU,Saudi Arabia,MENA,2009,,3.75,-1.06671711240203,429097866666.667,5.0572227614833,29.9339171663926,420983696036.328,112.9,84.8583415624843,-0.2616499,-0.3044325,0.109290995,83.10186,66.5813751220703,,,,0,1.3217558399823195,0.0,0.0,1,98.10901631989648,1,4.726502471155617,-0.3517914714144536,4.198424885614434,-0.4093998549785773,,,,1.9053650000000033,1.9053650000000033,0.0,1,1,136.075018,-110.388441,11.290671617147822,86.81834470274866,-7.30470464894783,6.2379875365458,-4.813025406119361,9.87024816760266,-33.68443298339871,100.265808105469,-11.244289311734207,96.1026308742185,-0.06013450000000098,-0.201515399999999,81.196495,134.16965299999998,-110.388441,True,True,True
SAU,Saudi Arabia,MENA,2010,,3.75,5.0395150823517,528207466666.667,5.33941733020905,30.5395328882404,459313194915.439,130.8,82.5496850227537,-0.121664399999999,-0.1795887,0.12119696,84.17017,81.7174835205078,,,,0,1.3217558399823195,0.0,0.0,1,86.9569674609116,1,4.873669439023098,0.1471669678674816,4.403267975550998,0.2048430899365634,,,,1.0683099999999968,1.0683099999999968,0.0,1,1,137.143328,-110.388441,-11.152048858984884,98.10901631989648,6.10623219475373,-1.06671711240203,0.28219456872575055,5.0572227614833,15.1361083984375,66.5813751220703,-2.308656539730592,84.8583415624843,0.13998550000000098,-0.2616499,83.10186,136.075018,-110.388441,True,True,True
SAU,Saudi Arabia,MENA,2011,,3.75,11.758820686671,680660800000.0,5.8262163739404,32.6137729985206,556570950256.256,160.6,84.3594342438995,-0.2131986,-0.1576511,0.22922061,90.09539,100.701393127441,,,,0,1.3217558399823195,0.0,0.0,1,81.7692087242656,1,5.078916801512661,0.2052473624895627,4.612159634062198,0.2088916585112006,,,,5.925219999999996,5.925219999999996,0.0,1,1,143.068548,-110.388441,-5.187758736646003,86.9569674609116,6.719305604319299,5.0395150823517,0.48679904373134963,5.33941733020905,18.983909606933196,81.7174835205078,1.8097492211457933,82.5496850227537,-0.09153420000000098,-0.121664399999999,84.17017,137.143328,-110.388441,True,True,True
SAU,Saudi Arabia,MENA,2012,,3.75,5.76157382270968,751921333333.333,2.86627029905053,36.4747145801621,673739616018.359,157.8,81.74067854616,-0.1950621,-0.186143299999999,0.21844214,81.475235,100.0,,,,0,1.3217558399823195,0.0,0.0,1,89.60240734647232,1,5.061328408411774,-0.0175883931008868,4.605170185988092,-0.0069894480741066,,,,-8.620154999999997,0.0,-8.620154999999997,1,1,143.068548,-119.008596,7.833198622206723,81.7692087242656,-5.997246863961319,11.758820686671,-2.95994607488987,5.8262163739404,-0.7013931274409941,100.701393127441,-2.618755697739502,84.3594342438995,0.0181365,-0.2131986,90.09539,143.068548,-110.388441,True,True,True
SAU,Saudi Arabia,MENA,2013,,3.75,2.94563789152025,769755733333.333,3.51104209799866,37.373716349245,737796355078.29,155.7,80.2515014286783,-0.1775677,-0.2026797,0.18588178,83.036606,102.170631408691,,,,0,1.3217558399823195,0.0,0.0,1,95.84811429508336,1,5.0479310788399525,-0.0133973295718217,4.626644272565552,0.0214740865774603,,,,1.5613710000000083,1.5613710000000083,0.0,1,1,144.629919,-119.008596,6.245706948611044,89.60240734647232,-2.81593593118943,5.76157382270968,0.6447717989481299,2.86627029905053,2.170631408690994,100.0,-1.4891771174817023,81.74067854616,0.017494399999999993,-0.1950621,81.475235,143.068548,-119.008596,True,True,True
SAU,Saudi Arabia,MENA,2014,,3.75,4.02467158380668,787153066666.667,2.24185348779063,33.5078337240261,744440513643.462,150.0,78.000111117736,-0.2508778,-0.434598,0.19785438,100.29159,96.1970291137695,,,,0,1.3217558399823195,0.0,0.0,1,94.5737932262554,1,5.010635294096256,-0.0372957847436969,4.566398474801542,-0.0602457977640105,,,,17.254983999999993,17.254983999999993,0.0,1,1,161.884903,-119.008596,-1.274321068827959,95.84811429508336,1.0790336922864299,2.94563789152025,-1.26918861020803,3.51104209799866,-5.973602294921491,102.170631408691,-2.2513903109422984,80.2515014286783,-0.07331009999999999,-0.1775677,83.036606,144.629919,-119.008596,True,True,True
SAU,Saudi Arabia,MENA,2015,81.0,3.75,4.65512316652699,693414400000.0,1.22269318552328,29.523607332364,626989686477.742,100.0,67.1052692300592,-0.140992099999999,-0.267793,0.38556886,105.95364,55.7292861938477,,,,0,1.3217558399823195,0.0,0.0,1,90.42063252187177,1,4.605170185988092,-0.4054651081081637,4.020505793206715,-0.5458926815948262,4.406719247264253,1.0,0.0,5.662049999999994,5.662049999999994,0.0,1,1,167.54695299999997,-119.008596,-4.153160704383637,94.5737932262554,0.6304515827203101,4.02467158380668,-1.0191603022673499,2.24185348779063,-40.467742919921804,96.1970291137695,-10.89484188767679,78.000111117736,0.10988570000000097,-0.2508778,100.29159,161.884903,-119.008596,True,True,True
SAU,Saudi Arabia,MENA,2016,120.0,3.75,1.70404739202878,689279466666.667,2.05347076823965,31.6961891139936,547266635919.121,89.0,57.9216635110364,0.1203849,-0.199981599999999,0.26923212,98.67869,50.0851516723633,,,,0,1.3217558399823195,0.0,0.0,1,79.39691553060248,1,4.48863636973214,-0.1165338162559521,3.9137245903583,-0.1067812028484156,4.795790545596741,1.0,0.0,-7.27494999999999,0.0,-7.27494999999999,1,1,167.54695299999997,-126.28354599999999,-11.023716991269282,90.42063252187177,-2.95107577449821,4.65512316652699,0.8307775827163699,1.22269318552328,-5.644134521484396,55.7292861938477,-9.183605719022808,67.1052692300592,0.261376999999999,-0.140992099999999,105.95364,167.54695299999997,-119.008596,True,True,True
SAU,Saudi Arabia,MENA,2017,45.0,3.75,1.18210705878283,741266133333.333,-0.834845735027162,28.7798542698354,509457096430.156,111.9,59.5319791578229,0.1100011,-0.3327389,0.3251268,107.37731,59.7612495422363,,,,0,1.3217558399823195,0.0,0.0,1,68.72796065014116,1,4.71760561531788,0.2289692455857404,4.090357449947268,0.1766328595889681,3.828641396489095,1.0,0.0,8.698619999999991,8.698619999999991,0.0,1,1,176.24557299999998,-126.28354599999999,-10.668954880461328,79.39691553060248,-0.52194033324595,1.70404739202878,-2.888316503266812,2.05347076823965,9.676097869872997,50.0851516723633,1.6103156467865034,57.9216635110364,-0.010383799999999999,0.1203849,98.67869,167.54695299999997,-126.28354599999999,True,True,True
SAU,Saudi Arabia,MENA,2018,11.0,3.75,3.2269508901591,886564800000.0,2.46594308994843,27.2537617937104,509468527336.473,125.0,59.1029104697141,0.1556309,-0.2326451,0.3560729,98.55291,74.0850830078125,,,,0,1.3217558399823195,0.0,0.0,1,57.46545851318178,1,4.8283137373023015,0.1107081219844214,4.305214203100274,0.2148567531530059,2.4849066497880004,0.0,0.0,-8.824399999999997,0.0,-8.824399999999997,1,1,176.24557299999998,-135.10794599999997,-11.262502136959377,68.72796065014116,2.0448438313762702,1.18210705878283,3.3007888249755917,-0.834845735027162,14.3238334655762,59.7612495422363,-0.4290686881088064,59.5319791578229,0.045629799999999984,0.1100011,107.37731,176.24557299999998,-126.28354599999999,True,True,True
SAU,Saudi Arabia,MENA,2019,5.0,3.75,1.65158925617395,888890133333.333,-1.19298644533328,25.5992015113689,514962537825.302,127.7,56.7938204886513,0.2130276,-0.169569499999999,0.39694187,90.94625,66.30322265625,,,,0,1.3217558399823195,0.0,0.0,1,57.93320439886034,1,4.8496837630384935,0.0213700257361919,4.194238503193784,-0.1109756999064899,1.791759469228055,0.0,0.0,-7.606659999999991,0.0,-7.606659999999991,1,1,176.24557299999998,-142.71460599999997,0.46774588567856057,57.46545851318178,-1.5753616339851502,3.2269508901591,-3.6589295352817097,2.46594308994843,-7.7818603515625,74.0850830078125,-2.3090899810627974,59.1029104697141,0.05739670000000002,0.1556309,98.55291,176.24557299999998,-135.10794599999997,True,True,True
SAU,Saudi Arabia,MENA,2020,0.0,3.75,-3.80478901996312,767951200000.0,3.37234961012303,27.83499765841,472850970844.846,113.2,47.533159225048,0.32153,-0.1793363,0.17820443,77.2938,48.031307220459,,,,0,1.3217558399823195,0.0,0.0,1,61.573049282929176,1,4.729156165769083,-0.1205275972694108,3.8718530320554585,-0.3223854711383254,0.0,0.0,0.0,-13.652450000000002,0.0,-13.652450000000002,1,1,176.24557299999998,-156.367056,3.639844884068836,57.93320439886034,-5.45637827613707,1.65158925617395,4.56533605545631,-1.19298644533328,-18.271915435791,66.30322265625,-9.260661263603296,56.7938204886513,0.10850239999999997,0.2130276,90.94625,176.24557299999998,-142.71460599999997,True,True,True
SAU,Saudi Arabia,MENA,2021,6.0,3.75,6.51959698325419,982661066666.667,3.06328988941548,25.1183969265183,473889603512.936,149.4,50.8839263398787,0.2365231,-0.1658751,0.12571989,82.07024,71.9991989135742,,,,0,1.3217558399823195,0.0,0.0,1,48.22513271238477,1,5.006627272698717,0.2774711069296343,4.276654992753801,0.4048019606983422,1.9459101490553128,0.0,0.0,4.776439999999994,4.776439999999994,0.0,1,1,181.02201299999996,-156.367056,-13.347916570544406,61.573049282929176,10.32438600321731,-3.80478901996312,-0.30905972070755006,3.37234961012303,23.967891693115206,48.031307220459,3.3507671148306954,47.533159225048,-0.0850069,0.32153,77.2938,176.24557299999998,-156.367056,True,True,True
SAU,Saudi Arabia,MENA,2022,,3.75,12.0005874752929,1239075200000.0,2.47407371925372,20.0230345579448,478231707665.7,182.5,56.8241647749332,0.2767396,0.0393234,0.21413255,157.58319,89.9362182617188,,,,0,1.3217558399823195,0.0,0.0,1,38.5958582389269,1,5.206750173022546,0.2001229003238291,4.499100733112748,0.222445740358947,,,,75.51295,75.51295,0.0,1,1,256.53496299999995,-156.367056,-9.629274473457869,48.22513271238477,5.48099049203871,6.51959698325419,-0.5892161701617602,3.06328988941548,17.937019348144602,71.9991989135742,5.940238435054503,50.8839263398787,0.04021649999999999,0.2365231,82.07024,181.02201299999996,-156.367056,True,True,True
SAU,Saudi Arabia,MENA,2023,9.0,3.75,0.542592439393161,1218584800000.0,2.32708518362706,16.5690894253073,457948635287.488,168.1,55.7974682325487,0.476953,0.1165635,0.2899488,121.71125,76.5675354003906,,,,0,1.3217558399823195,0.0,0.0,1,37.58036660948733,1,5.12455904041457,-0.082191132607976,4.338173167071291,-0.1609275660414564,2.302585092994046,0.0,0.0,-35.871939999999995,0.0,-35.871939999999995,1,1,256.53496299999995,-192.238996,-1.0154916294395733,38.5958582389269,-11.457995035899739,12.0005874752929,-0.1469885356266598,2.47407371925372,-13.36868286132821,89.9362182617188,-1.0266965423844994,56.8241647749332,0.20021340000000004,0.2767396,157.58319,256.53496299999995,-156.367056,True,True,True
SAU,Saudi Arabia,MENA,2024,,3.75,2.64893068308965,1254140800000.0,1.68792112375809,15.0571337423468,463869589071.029,168.9,56.4049374147889,0.7528275,0.2103549,0.2709872,134.45274,74.4833602905273,,,,0,1.3217558399823195,0.0,0.0,1,36.98704236964693,1,5.129306823813755,0.0047477833991846,4.310575748633782,-0.0275974184375096,,,,12.741489999999999,12.741489999999999,0.0,1,1,269.27645299999995,-192.238996,-0.5933242398403991,37.58036660948733,2.1063382436964893,0.542592439393161,-0.6391640598689701,2.32708518362706,-2.0841751098632955,76.5675354003906,0.6074691822401945,55.7974682325487,0.27587449999999997,0.476953,121.71125,256.53496299999995,-192.238996,True,True,True
ZAF,South Africa,Sub-Saharan Africa,2000,,6.93982833333333,4.20000000067826,151752757215.309,5.33895913599828,2.38388518393691,7702061131.77162,,46.2207217354077,0.4726792,-0.0123717,0.07747621,57.415283,102.121192932129,,,,0,1.9372770383818447,,,0,5.075401115014882,0,,,4.626160273974941,,,,,,,,1,0,,,,,,,,,,,,,,,,,,True,True,True
ZAF,South Africa,Sub-Saharan Africa,2001,,8.60918083333334,2.70000000019104,135429905922.526,5.70189483049608,2.45317346788814,7626856919.15025,,49.170945185829,,,0.0658226,168.82918,107.817848205566,,,,0,2.152829172604863,0.2155521342230177,21.555213422301776,0,5.631589911546766,0,,,4.680443212539696,0.0542829385647545,,,,111.413897,111.413897,0.0,1,0,111.413897,0.0,0.5561887965318837,5.075401115014882,-1.5000000004872205,4.20000000067826,0.36293569449779994,5.33895913599828,5.696655273436988,102.121192932129,2.950223450421298,46.2207217354077,,0.4726792,57.415283,,,True,True,True
ZAF,South Africa,Sub-Saharan Africa,2002,,10.5407466666667,3.70037440406668,129087556612.449,9.494713780996,2.50168882524226,7816784858.41019,,53.4655016294369,0.2011764,0.0731619999999999,0.08580732,156.04216,103.340614318848,,,,0,2.355248381843819,0.2024192092389558,20.241920923895584,0,6.055413134728394,0,,,4.638030467478954,-0.0424127450607416,,,,-12.787020000000012,0.0,-12.787020000000012,1,0,111.413897,-12.787020000000012,0.42382322318162835,5.631589911546766,1.0003744038756404,2.70000000019104,3.7928189504999192,5.70189483049608,-4.477233886717997,107.817848205566,4.2945564436079025,49.170945185829,,,168.82918,111.413897,0.0,True,True,True
ZAF,South Africa,Sub-Saharan Africa,2003,,7.56474916666667,2.94907546754213,197018965308.697,5.67942414068799,1.92764823872227,8154089032.58033,,45.723862568979,0.1374478,0.0936661999999999,0.07192126,176.30156,101.015991210938,,,,0,2.0234991896075534,-0.3317491922362654,33.174919223626546,0,4.138733050295024,0,,,4.615278833129743,-0.0227516343492109,,,,20.2594,20.2594,0.0,1,0,131.673297,-12.787020000000012,-1.91668008443337,6.055413134728394,-0.7512989365245502,3.70037440406668,-3.815289640308009,9.494713780996,-2.32462310791,103.340614318848,-7.741639060457899,53.4655016294369,-0.0637286,0.2011764,156.04216,111.413897,-12.787020000000012,True,True,True
ZAF,South Africa,Sub-Saharan Africa,2004,,6.4596925,4.55455990721774,255806908594.573,-0.692039437857687,2.68935775221081,14886243628.1943,,45.6435752240041,0.2207295,0.1326388,0.06367003,129.39624,107.096321105957,,,,0,1.86558171604237,-0.1579174735651833,15.791747356518336,0,5.819328222986904,0,,,4.67372862677929,0.0584497936495473,,,,-46.90531999999999,0.0,-46.90531999999999,1,0,131.673297,-59.69234,1.6805951726918797,4.138733050295024,1.6054844396756103,2.94907546754213,-6.3714635785456775,5.67942414068799,6.0803298950190054,101.015991210938,-0.08028734497489864,45.723862568979,0.08328169999999999,0.1374478,176.30156,131.673297,-12.787020000000012,True,True,True
ZAF,South Africa,Sub-Saharan Africa,2005,,6.35932833333333,5.27705197295467,288867217196.534,2.06285308223427,3.16114379578521,20624460695.2026,79.7,47.4277813970329,0.3388716,0.1783305,0.045426745,101.538994,101.665893554688,,,,0,1.8499227638086595,-0.0156589522337107,1.565895223371072,0,7.139772001601178,0,4.378269585796169,,4.621691883530271,-0.0520367432490198,,,,-27.857246000000004,0.0,-27.857246000000004,1,0,131.673297,-87.549586,1.3204437786142735,5.819328222986904,0.7224920657369296,4.55455990721774,2.754892520091957,-0.692039437857687,-5.4304275512690054,107.096321105957,1.7842061730287995,45.6435752240041,0.1181421,0.2207295,129.39624,131.673297,-59.69234,True,True,True
ZAF,South Africa,Sub-Saharan Africa,2006,,6.77154916666667,5.60380645895889,303858675363.643,3.2439076541923,3.23727857447778,25593361431.1639,84.6,53.7681412741145,0.4594323,0.3066237,0.046295416,104.03535,102.577629089355,,,,0,1.91272988891048,0.0628071251018203,6.280712510182029,0,8.422784506822136,0,4.437934266612178,0.0596646808160086,4.630619868897712,0.0089279853674417,,,,2.4963559999999916,2.4963559999999916,0.0,1,0,134.16965299999998,-87.549586,1.2830125052209587,7.139772001601178,0.3267544860042202,5.27705197295467,1.1810545719580299,2.06285308223427,0.9117355346670024,101.665893554688,6.340359877081596,47.4277813970329,0.12056070000000002,0.3388716,101.538994,131.673297,-87.549586,True,True,True
ZAF,South Africa,Sub-Saharan Africa,2007,,7.045365,5.36047405394162,333077117253.684,6.17781214809388,3.46397510382695,32919403650.564,87.3,57.125139137747,0.3081368,0.1587318,0.047991116,93.73795,102.056991577148,,,,0,1.9523699538027428,0.0396400648922632,3.964006489226324,0,9.88341796698431,0,4.469350462845557,0.0314161962333789,4.625531398199096,-0.0050884706986158,,,,-10.297399999999996,0.0,-10.297399999999996,1,0,134.16965299999998,-97.846986,1.4606334601621729,8.422784506822136,-0.24333240501727005,5.60380645895889,2.9339044939015797,3.2439076541923,-0.5206375122070028,102.577629089355,3.3569978636325004,53.7681412741145,-0.15129550000000003,0.4594323,104.03535,134.16965299999998,-87.549586,True,True,True
ZAF,South Africa,Sub-Saharan Africa,2008,,8.26122333333333,3.1910438863288,316131258616.309,9.90998456005467,3.3280835307273,34070371606.9593,89.4,65.9745237996233,0.1596049,0.0771777999999999,0.067851074,81.196495,100.317642211914,,,,0,2.111572679875794,0.1592027260730513,15.92027260730513,0,10.77728654739289,0,4.493120682179469,0.0237702193339117,4.6083415739361095,-0.0171898242629868,,,,-12.541455,0.0,-12.541455,1,0,134.16965299999998,-110.388441,0.8938685804085811,9.88341796698431,-2.16943016761282,5.36047405394162,3.732172411960791,6.17781214809388,-1.7393493652339913,102.056991577148,8.8493846618763,57.125139137747,-0.1485319,0.3081368,93.73795,134.16965299999998,-97.846986,True,True,True
ZAF,South Africa,Sub-Saharan Africa,2009,,8.47367415824888,-1.53808913525583,329754060647.129,7.23809523809527,5.12662348081341,39602644576.4755,95.1,49.5875353278801,0.1056357,0.0334806,0.037900165,83.10186,111.074813842773,,,,0,2.1369641995237085,0.0253915196479144,2.539151964791442,0,12.009751903814896,0,4.554928969551344,0.0618082873718757,4.710203972860838,0.1018623989247284,,,,1.9053650000000033,1.9053650000000033,0.0,1,0,136.075018,-110.388441,1.232465356422006,10.77728654739289,-4.72913302158463,3.1910438863288,-2.6718893219594007,9.90998456005467,10.757171630858991,100.317642211914,-16.3869884717432,65.9745237996233,-0.053969199999999995,0.1596049,81.196495,134.16965299999998,-110.388441,True,True,True
ZAF,South Africa,Sub-Saharan Africa,2010,,7.32122196115288,3.03973288127956,417363822801.713,4.06749555950263,4.54059848802417,43819545749.0238,101.4,50.4060871625999,0.093303,0.065012,0.051715404,84.17017,113.468383789063,,,,0,1.99077724862492,-0.1461869508987887,14.618695089878877,0,10.49912411067842,0,4.619073091157083,0.0641441216057385,4.731524241192716,0.0213202683318778,,,,1.0683099999999968,1.0683099999999968,0.0,1,0,137.143328,-110.388441,-1.5106277931364769,12.009751903814896,4.577822016535389,-1.53808913525583,-3.17059967859264,7.23809523809527,2.3935699462900004,111.074813842773,0.8185518347198055,49.5875353278801,-0.012332700000000002,0.1056357,83.10186,136.075018,-110.388441,True,True,True
ZAF,South Africa,Sub-Saharan Africa,2011,,7.26113213232735,3.16855627858818,458199494830.834,5.0008533879502,4.19180307031225,48748260246.0381,105.0,54.6363504358971,0.1087565,0.0107579,0.06307156,90.09539,108.957656860352,,,,0,1.982535757771078,-0.0082414908538417,0.8241490853841738,0,10.639090788180775,0,4.653960350157523,0.03488725900044,4.690959337584366,-0.0405649036083497,,,,5.925219999999996,5.925219999999996,0.0,1,0,143.068548,-110.388441,0.1399666775023558,10.49912411067842,0.1288233973086199,3.03973288127956,0.9333578284475701,4.06749555950263,-4.510726928710994,113.468383789063,4.230263273297197,50.4060871625999,0.015453500000000009,0.093303,84.17017,137.143328,-110.388441,True,True,True
ZAF,South Africa,Sub-Saharan Africa,2012,,8.20996862659332,2.39623238465745,434400545085.811,5.73797139141739,4.33171873217314,50688078405.0297,104.3,55.5826171933345,-0.0291711999999999,0.0103319,0.045230348,81.475235,100.0,,,,0,2.105349102092032,0.1228133443209535,12.28133443209536,0,11.668511694665767,0,4.647271362006727,-0.0066889881507963,4.605170185988092,-0.0857891515962743,,,,-8.620154999999997,0.0,-8.620154999999997,1,0,143.068548,-119.008596,1.029420906484992,10.639090788180775,-0.77232389393073,3.16855627858818,0.7371180034671898,5.0008533879502,-8.957656860352003,108.957656860352,0.9462667574373995,54.6363504358971,-0.1379276999999999,0.1087565,90.09539,143.068548,-110.388441,True,True,True
ZAF,South Africa,Sub-Saharan Africa,2013,,9.65505606913526,2.48546800826588,400886013595.573,5.78016910069176,4.30463726127469,49708174893.5691,98.7,58.875027630051,-0.0335595,0.0246889,0.05038481,83.036606,99.6271896362305,,,,0,2.267481723127754,0.1621326210357225,16.213262103572255,0,12.399578236150774,0,4.592084946439436,-0.0551864155672907,4.601435115651589,-0.0037350703365026,,,,1.5613710000000083,1.5613710000000083,0.0,1,0,144.629919,-119.008596,0.7310665414850064,11.668511694665767,0.08923562360843018,2.39623238465745,0.04219770927436972,5.73797139141739,-0.37281036376950283,100.0,3.2924104367165015,55.5826171933345,-0.004388300000000098,-0.0291711999999999,81.475235,143.068548,-119.008596,True,True,True
ZAF,South Africa,Sub-Saharan Africa,2014,,10.8526555687831,1.41382645223793,381198869776.106,6.13282953059149,4.42516066122755,49121568380.4854,97.5,59.4995740550593,-0.0143828,0.0704603,0.04328532,100.29159,95.0556411743164,,,,0,2.384409802922603,0.1169280797948486,11.692807979484863,0,12.886073982679052,0,4.579852378003801,-0.0122325684356345,4.554462416718999,-0.0469726989325902,,,,17.254983999999993,17.254983999999993,0.0,1,0,161.884903,-119.008596,0.48649574652827887,12.399578236150774,-1.07164155602795,2.48546800826588,0.35266042989973023,5.78016910069176,-4.571548461914091,99.6271896362305,0.6245464250082975,58.875027630051,0.019176699999999998,-0.0335595,83.036606,144.629919,-119.008596,True,True,True
ZAF,South Africa,Sub-Saharan Africa,2015,,12.7589308811644,1.32186223678229,346709790458.563,4.51869094892506,4.72421413251299,45887065756.7249,100.0,56.7266761447156,0.0114254,0.0440534,0.0497832,105.95364,105.205345153809,,,,0,2.5462314876637366,0.1618216847411338,16.18216847411338,0,13.235007207622854,0,4.605170185988092,0.0253178079842903,4.655914108459707,0.1014516917407082,,,,5.662049999999994,5.662049999999994,0.0,1,0,167.54695299999997,-119.008596,0.3489332249438011,12.886073982679052,-0.09196421545563993,1.41382645223793,-1.6141385816664302,6.13282953059149,10.1497039794926,95.0556411743164,-2.7728979103437013,59.4995740550593,0.0258082,-0.0143828,100.29159,161.884903,-119.008596,True,True,True
ZAF,South Africa,Sub-Saharan Africa,2016,,14.7096108855267,0.664552307858116,323585509674.481,6.60290842394872,5.43700662124582,47180127300.8565,103.8,55.8612575048782,0.0306383,0.0701133,0.03393908,98.67869,112.996475219727,,,,0,2.688501081885957,0.1422695942222205,14.226959422222052,0,14.580420287768302,0,4.642465970731788,0.0372957847436961,4.727356625480058,0.0714425170203512,,,,-7.27494999999999,0.0,-7.27494999999999,1,0,167.54695299999997,-126.28354599999999,1.3454130801454482,13.235007207622854,-0.6573099289241741,1.32186223678229,2.08421747502366,4.51869094892506,7.791130065917997,105.205345153809,-0.8654186398373938,56.7266761447156,0.019212899999999998,0.0114254,105.95364,167.54695299999997,-119.008596,True,True,True
ZAF,South Africa,Sub-Saharan Africa,2017,,13.3238014244992,1.15794695181735,381448814653.456,5.18618655524149,5.2254571809234,50722891363.2361,108.5,53.5359318293741,-0.0798663999999999,0.0143383,0.043863844,107.37731,112.400398254395,,,,0,2.589552016625297,-0.0989490652606601,9.894906526066016,0,13.297430589558276,0,4.686750172980514,0.0442842022487264,4.722067480641881,-0.0052891448381773,,,,8.698619999999991,8.698619999999991,0.0,1,0,176.24557299999998,-126.28354599999999,-1.2829896982100255,14.580420287768302,0.49339464395923394,0.664552307858116,-1.4167218687072296,6.60290842394872,-0.5960769653320028,112.996475219727,-2.3253256755041036,55.8612575048782,-0.1105046999999999,0.0306383,98.67869,167.54695299999997,-126.28354599999999,True,True,True
ZAF,South Africa,Sub-Saharan Africa,2018,,13.2339264715833,1.55678384721676,405260723892.517,4.50987264867388,4.81246249518312,51642041966.6735,106.3,54.4855451276341,-0.0473417999999999,-0.0683312,0.0527882,98.55291,105.748908996582,,,,0,2.5827837195508043,-0.0067682970744926,0.6768297074492668,0,12.74291805794878,0,4.666265285347902,-0.0204848876326124,4.661067501055977,-0.0609999795859037,,,,-8.824399999999997,0.0,-8.824399999999997,1,0,176.24557299999998,-135.10794599999997,-0.5545125316094968,13.297430589558276,0.39883689539941014,1.15794695181735,-0.6763139065676107,5.18618655524149,-6.651489257812997,112.400398254395,0.9496132982599974,53.5359318293741,0.03252460000000001,-0.0798663999999999,107.37731,176.24557299999998,-126.28354599999999,True,True,True
ZAF,South Africa,Sub-Saharan Africa,2019,,14.4484270548333,0.25993557687633,389330032224.269,4.10285075461156,5.40690081512174,55055893656.867,112.0,53.8979964081406,0.0349803,-0.0749162,0.029156765,90.94625,109.268241882324,,,,0,2.670585554296582,0.0878018347457776,8.780183474577763,0,14.141188477633982,0,4.718498871295094,0.0522335859471922,4.693805793788384,0.0327382927324064,,,,-7.606659999999991,0.0,-7.606659999999991,1,0,176.24557299999998,-142.71460599999997,1.3982704196852023,12.74291805794878,-1.29684827034043,1.55678384721676,-0.4070218940623196,4.50987264867388,3.5193328857420028,105.748908996582,-0.5875487194934976,54.4855451276341,0.0823220999999999,-0.0473417999999999,98.55291,176.24557299999998,-135.10794599999997,True,True,True
ZAF,South Africa,Sub-Saharan Africa,2020,,16.4591053903333,-6.1689177146757,337974655408.055,3.23238831615113,7.12354295570034,55008491995.5568,123.6,50.7596590804177,0.0256677,-0.0613794,0.035916667,77.2938,121.957008361816,,,,0,2.800878843245349,0.1302932889487675,13.029328894876755,0,16.275922207581537,0,4.817050545023591,0.0985516737284966,4.803668592152224,0.1098627983638405,,,,-13.652450000000002,0.0,-13.652450000000002,1,0,176.24557299999998,-156.367056,2.1347337299475555,14.141188477633982,-6.428853291552031,0.25993557687633,-0.87046243846043,4.10285075461156,12.688766479491989,109.268241882324,-3.138337327722901,53.8979964081406,-0.009312599999999997,0.0349803,90.94625,176.24557299999998,-142.71460599999997,True,True,True
ZAF,South Africa,Sub-Saharan Africa,2021,,14.7786782139167,4.85864865060148,419986284375.368,4.61874544887136,5.56291275582496,57597149617.2517,128.7,56.1647136277546,0.0645613,0.1210745,0.05152713,82.07024,120.002166748047,,,,0,2.6931854807980686,-0.1076933624472809,10.76933624472809,0,13.714054901319953,0,4.857484114602081,0.0404335695784903,4.787509798852759,-0.0161587932994651,,,,4.776439999999994,4.776439999999994,0.0,1,0,181.02201299999996,-156.367056,-2.5618673062615844,16.275922207581537,11.027566365277181,-6.1689177146757,1.3863571327202302,3.23238831615113,-1.9548416137689912,121.957008361816,5.405054547336903,50.7596590804177,0.0388936,0.0256677,77.2938,176.24557299999998,-156.367056,True,True,True
ZAF,South Africa,Sub-Saharan Africa,2022,,16.3558534845,2.05813661692193,407596043067.885,7.03987272546482,4.91388463271698,60553113006.2544,117.8,64.94713440234,-0.1634734,0.0341024,0.058570627,157.58319,115.789794921875,,,,0,2.794585844556918,0.1014003637588492,10.14003637588492,0,14.856158207642192,0,4.768988271217486,-0.088495843384595,4.751776434501402,-0.0357333643513566,,,,75.51295,75.51295,0.0,1,0,256.53496299999995,-156.367056,1.1421033063222392,13.714054901319953,-2.8005120336795497,4.85864865060148,2.4211272765934595,4.61874544887136,-4.212371826172003,120.002166748047,8.782420774585397,56.1647136277546,-0.22803469999999998,0.0645613,82.07024,181.02201299999996,-156.367056,True,True,True
ZAF,South Africa,Sub-Saharan Africa,2023,,18.4502441785,0.80610455095804,381440724491.232,6.0752438457966,5.33074985880917,62491675820.3129,113.2,65.6798759740707,-0.2095917,0.039525,0.09585024,121.71125,115.33154296875,,,,0,2.915077605006005,0.1204917604490876,12.04917604490876,0,16.383063424511025,0,4.729156165769083,-0.0398321054484034,4.747810962876785,-0.0039654716246175,,,,-35.871939999999995,0.0,-35.871939999999995,1,0,256.53496299999995,-192.238996,1.5269052168688333,14.856158207642192,-1.2520320659638902,2.05813661692193,-0.9646288796682194,7.03987272546482,-0.458251953125,115.789794921875,0.7327415717306991,64.94713440234,-0.0461183,-0.1634734,157.58319,256.53496299999995,-156.367056,True,True,True
ZAF,South Africa,Sub-Saharan Africa,2024,,18.3286575505,0.534843531905139,401144998373.585,4.36115246518962,5.67102712164407,65434957159.2265,117.1,61.646770473025,-0.191792799999999,0.017703,0.12894738,134.45274,112.108528137207,,,,0,2.908465821335441,-0.0066117836705643,0.6611783670564364,0,16.312046124101776,0,4.763028270603671,0.0338721048345886,4.719467403341535,-0.0283435595352496,,,,12.741489999999999,12.741489999999999,0.0,1,0,269.27645299999995,-192.238996,-0.07101730040924892,16.383063424511025,-0.271261019052901,0.80610455095804,-1.7140913806069804,6.0752438457966,-3.223014831542997,115.33154296875,-4.033105501045696,65.6798759740707,0.017798900000001006,-0.2095917,121.71125,256.53496299999995,-192.238996,True,True,True
TLS,Timor-Leste,Asia-Pacific,2000,,1.0,58.0780959334582,366924300.0,,,,,175.648464819583,,-0.1661683,,57.415283,129.288589477539,,,,0,0.0,,,1,,0,,,4.862047033450117,,,,,,,,0,1,,,,,,,,,,,,,,,,,,True,True,True
TLS,Timor-Leste,Asia-Pacific,2001,,1.0,16.3476940466477,477359300.0,,,,,166.743415284881,,,,168.82918,131.465072631836,,,,0,0.0,0.0,0.0,1,,0,,,4.878741208975472,0.0166941755253553,,,,111.413897,111.413897,0.0,0,1,111.413897,0.0,,,-41.7304018868105,58.0780959334582,,,2.1764831542969887,129.288589477539,-8.905049534702016,175.648464819583,,,57.415283,,,True,True,True
TLS,Timor-Leste,Asia-Pacific,2002,,1.0,-6.70069541098115,469455500.0,,,43468355.213188,,180.403744337855,-0.0548282,-0.7023381,,156.04216,130.678314208984,,,,0,0.0,0.0,0.0,1,9.259313228450408,0,,,4.872738686504146,-0.0060025224713262,,,,-12.787020000000012,0.0,-12.787020000000012,0,1,111.413897,-12.787020000000012,,,-23.04838945762885,16.3476940466477,,,-0.7867584228519888,131.465072631836,13.660329052973992,166.743415284881,,,168.82918,111.413897,0.0,True,True,True
TLS,Timor-Leste,Asia-Pacific,2003,,1.0,-2.18226413236545,490439100.0,7.16515891441839,,61303449.3702122,,122.311964931018,-0.1590887,-0.0206018,,176.30156,127.225296020508,,,,0,0.0,0.0,0.0,1,12.499706766897702,0,,,4.84595949922014,-0.0267791872840064,,,,20.2594,20.2594,0.0,0,1,131.673297,-12.787020000000012,3.240393538447295,9.259313228450408,4.5184312786157,-6.70069541098115,,,-3.4530181884760083,130.678314208984,-58.09177940683699,180.403744337855,-0.1042605,-0.0548282,156.04216,111.413897,-12.787020000000012,True,True,True
TLS,Timor-Leste,Asia-Pacific,2004,,1.0,0.400003981151968,440772000.0,3.23751394003321,,182433882.007243,,107.330819562041,-0.1635481,-0.285248,,129.39624,110.70059967041,,,,0,0.0,0.0,0.0,1,41.38962593069501,0,,,4.7068292567767935,-0.139130242443346,,,,-46.90531999999999,0.0,-46.90531999999999,0,1,131.673297,-59.69234,28.88991916379731,12.499706766897702,2.582268113517418,-2.18226413236545,-3.92764497438518,7.16515891441839,-16.524696350097997,127.225296020508,-14.981145368976996,122.311964931018,-0.004459400000000002,-0.1590887,176.30156,131.673297,-12.787020000000012,True,True,True
TLS,Timor-Leste,Asia-Pacific,2005,,1.0,2.98457963807486,462268000.0,1.11167400387198,,153299848.265643,160.8,74.6712513087646,-0.322873099999999,-0.3713046,,101.538994,109.38623046875,,,,0,0.0,0.0,0.0,1,33.16254818971744,1,5.080161356744866,,4.694885017978123,-0.0119442387986703,,,,-27.857246000000004,0.0,-27.857246000000004,0,1,131.673297,-87.549586,-8.22707774097757,41.38962593069501,2.584575656922892,0.400003981151968,-2.12583993616123,3.23751394003321,-1.31436920166,110.70059967041,-32.659568253276404,107.330819562041,-0.15932499999999902,-0.1635481,129.39624,131.673297,-59.69234,True,True,True
TLS,Timor-Leste,Asia-Pacific,2006,,1.0,-4.11609268942114,453792400.0,3.93616259929866,2.99959986876901,83755117.6418799,164.2,98.8757193818142,-0.417402899999999,-1.16079209999999,,104.03535,111.97664642334,,,,0,0.0,0.0,0.0,1,18.456703470988035,1,5.101085197018328,0.0209238402734621,4.71829033547569,0.0234053174975672,,,,2.4963559999999916,2.4963559999999916,0.0,0,1,134.16965299999998,-87.549586,-14.705844718729406,33.16254818971744,-7.1006723274959995,2.98457963807486,2.82448859542668,1.11167400387198,2.59041595459,109.38623046875,24.20446807304961,74.6712513087646,-0.0945298,-0.322873099999999,101.538994,131.673297,-87.549586,True,True,True
TLS,Timor-Leste,Asia-Pacific,2007,,1.0,10.2653884542201,542795400.0,10.3009020174895,5.45748257602544,230271660.438162,168.6,128.760892225689,-0.4973819,-1.1174716,,93.73795,114.27880859375,,,,0,0.0,0.0,0.0,1,42.42328885583076,1,5.127529045567755,0.0264438485494267,4.738641151982274,0.0203508165065837,,,,-10.297399999999996,0.0,-10.297399999999996,0,1,134.16965299999998,-97.846986,23.966585384842727,18.456703470988035,14.381481143641238,-4.11609268942114,6.36473941819084,3.93616259929866,2.30216217041,111.97664642334,29.885172843874784,98.8757193818142,-0.07997900000000097,-0.417402899999999,104.03535,134.16965299999998,-87.549586,True,True,True
TLS,Timor-Leste,Asia-Pacific,2008,,1.0,11.3948048266465,648523600.0,9.06423621948942,3.11865948455672,210423736.879578,171.5,135.250760342415,-0.4884552,-0.9655011,,81.196495,109.144020080566,,,,0,0.0,0.0,0.0,1,32.4465812623593,1,5.144583266605995,0.01705422103824,4.692668295242873,-0.0459728567394011,,,,-12.541455,0.0,-12.541455,0,1,134.16965299999998,-110.388441,-9.97670759347146,42.42328885583076,1.1294163724264,10.2653884542201,-1.2366657980000806,10.3009020174895,-5.134788513184006,114.27880859375,6.489868116726001,128.760892225689,0.00892670000000001,-0.4973819,93.73795,134.16965299999998,-97.846986,True,True,True
TLS,Timor-Leste,Asia-Pacific,2009,,1.0,10.1469544183475,726937800.0,0.669681185965433,2.54151311299705,249928530.792892,122.5,157.686448551719,-0.739824199999999,-1.0779088,,83.10186,94.0828170776367,,,,0,0.0,0.0,0.0,1,34.381006296947554,1,4.808111029984782,-0.3364722366212129,4.544175427129282,-0.1484928681135908,,,,1.9053650000000033,1.9053650000000033,0.0,0,1,136.075018,-110.388441,1.9344250345882514,32.4465812623593,-1.2478504082989996,11.3948048266465,-8.394555033523986,9.06423621948942,-15.06120300292929,109.144020080566,22.435688209304004,135.250760342415,-0.25136899999999907,-0.4884552,81.196495,134.16965299999998,-110.388441,True,True,True
TLS,Timor-Leste,Asia-Pacific,2010,,1.0,9.33149490201264,881909300.0,6.76597680236481,3.6078470773354,406188383.994682,128.6,134.4005216863,-0.72329,-1.03633739999999,,84.17017,97.0445175170898,,,,0,0.0,0.0,0.0,1,46.05784109484751,1,4.856706811803519,0.0485957818187365,4.57516981669619,0.0309943895669073,,,,1.0683099999999968,1.0683099999999968,0.0,0,1,137.143328,-110.388441,11.676834797899957,34.381006296947554,-0.8154595163348599,10.1469544183475,6.096295616399377,0.669681185965433,2.9617004394530966,94.0828170776367,-23.285926865418986,157.686448551719,0.016534199999999055,-0.739824199999999,83.10186,136.075018,-110.388441,True,True,True
TLS,Timor-Leste,Asia-Pacific,2011,,1.0,5.95855605611087,1042534600.0,13.499840238577,2.9541331902991,461610880.986764,145.1,140.766349625231,-0.8197424,-1.1152537,,90.09539,100.833343505859,,,,0,0.0,0.0,0.0,1,44.27775164361586,1,4.977423159890142,0.1207163480866233,4.613469089687333,0.0382992729911437,,,,5.925219999999996,5.925219999999996,0.0,0,1,143.068548,-110.388441,-1.7800894512316532,46.05784109484751,-3.3729388459017695,9.33149490201264,6.73386343621219,6.76597680236481,3.7888259887692044,97.0445175170898,6.365827938930977,134.4005216863,-0.0964524,-0.72329,84.17017,137.143328,-110.388441,True,True,True
TLS,Timor-Leste,Asia-Pacific,2012,,1.0,4.86062186827468,1160555000.0,11.8003096701544,6.30746528250836,883551410.78244,136.0,128.500493298465,-0.807659599999999,-1.1072365,,81.475235,100.0,,,,0,0.0,0.0,0.0,1,76.1317999390326,1,4.912654885736052,-0.0647682741540895,4.605170185988092,-0.0082989036992415,,,,-8.620154999999997,0.0,-8.620154999999997,0,1,143.068548,-119.008596,31.854048295416746,44.27775164361586,-1.0979341878361906,5.95855605611087,-1.6995305684226008,13.499840238577,-0.8333435058590055,100.833343505859,-12.265856326765999,140.766349625231,0.012082800000000948,-0.8197424,90.09539,143.068548,-110.388441,True,True,True
TLS,Timor-Leste,Asia-Pacific,2013,,1.0,3.10436683211147,1395727400.0,11.0849085109954,6.76319506005874,686998202.842836,134.4,79.6341248298199,-0.7354721,-1.1932422,,83.036606,101.933601379395,,,,0,0.0,0.0,0.0,1,49.22151724203709,1,4.900820428089049,-0.0118344576470033,4.624321634444667,0.0191514484565749,,,,1.5613710000000083,1.5613710000000083,0.0,0,1,144.629919,-119.008596,-26.910282696995516,76.1317999390326,-1.7562550361632097,4.86062186827468,-0.7154011591590006,11.8003096701544,1.9336013793950002,100.0,-48.86636846864509,128.500493298465,0.07218749999999907,-0.807659599999999,81.475235,143.068548,-119.008596,True,True,True
TLS,Timor-Leste,Asia-Pacific,2014,,1.0,4.47249846569638,1447535200.0,0.726275016139465,3.06075298526937,311471064.613909,133.4,82.7357773406823,-0.6498965,-1.05130719999999,,100.29159,98.9453964233398,,,,0,0.0,0.0,0.0,1,21.51733958620896,1,4.893352133481524,-0.0074682946075252,4.594568146694835,-0.0297534877498319,,,,17.254983999999993,17.254983999999993,0.0,0,1,161.884903,-119.008596,-27.70417765582813,49.22151724203709,1.3681316335849099,3.10436683211147,-10.358633494855935,11.0849085109954,-2.988204956055199,101.933601379395,3.101652510862408,79.6341248298199,0.08557559999999997,-0.7354721,83.036606,144.629919,-119.008596,True,True,True
TLS,Timor-Leste,Asia-Pacific,2015,,1.0,2.48004040218397,1590282400.0,0.552796026277853,3.92741339716104,437752180.980057,100.0,60.0769209292639,-0.646685699999999,-1.0527445,,105.95364,70.7672882080078,,,,0,0.0,0.0,0.0,1,27.52669469146216,1,4.605170185988092,-0.2881819474934319,4.25939686297014,-0.3351712837246952,,,,5.662049999999994,5.662049999999994,0.0,0,1,167.54695299999997,-119.008596,6.009355105253203,21.51733958620896,-1.99245806351241,4.47249846569638,-0.17347898986161203,0.726275016139465,-28.178108215332003,98.9453964233398,-22.658856411418405,82.7357773406823,0.0032108000000009573,-0.6498965,100.29159,161.884903,-119.008596,True,True,True
TLS,Timor-Leste,Asia-Pacific,2016,,1.0,3.00993062553351,1640464600.0,-1.33853876185163,2.82804392668767,280953720.723143,86.5,60.310621759226,-0.6402264,-1.05221109999999,,98.67869,64.655632019043,,,,0,0.0,0.0,0.0,1,17.126472629957572,1,4.460144413937834,-0.1450257720502579,4.16907521695397,-0.0903216460161697,,,,-7.27494999999999,0.0,-7.27494999999999,0,1,167.54695299999997,-126.28354599999999,-10.40022206150459,27.52669469146216,0.5298902233495402,2.48004040218397,-1.891334788129483,0.552796026277853,-6.111656188964801,70.7672882080078,0.23370082996210328,60.0769209292639,0.0064592999999990575,-0.646685699999999,105.95364,167.54695299999997,-119.008596,True,True,True
TLS,Timor-Leste,Asia-Pacific,2017,,1.0,-3.18241522489195,1584878400.0,0.557215537430361,5.649865573127,544434360.995242,87.2,58.6347507796182,-0.6807561,-1.0513156,,107.37731,72.1012954711914,,,,0,0.0,0.0,0.0,1,34.35180648529515,1,4.468204330914934,0.0080599169770998,4.278072011829783,0.1089967948758134,,,,8.698619999999991,8.698619999999991,0.0,0,1,176.24557299999998,-126.28354599999999,17.225333855337578,17.126472629957572,-6.19234585042546,3.00993062553351,1.895754299281991,-1.33853876185163,7.445663452148409,64.655632019043,-1.6758709796078008,60.310621759226,-0.0405297,-0.6402264,98.67869,167.54695299999997,-126.28354599999999,True,True,True
TLS,Timor-Leste,Asia-Pacific,2018,,1.0,-0.466502170658785,1555988600.0,2.63647201015892,7.32962149673369,673903564.681158,92.3,64.8191831225499,-0.5893993,-0.9247613,,98.55291,82.5704040527344,,,,0,0.0,0.0,0.0,1,43.310315042228325,1,4.525044141508807,0.056839810593873,4.413651311874242,0.1355793000444585,,,,-8.824399999999997,0.0,-8.824399999999997,0,1,176.24557299999998,-135.10794599999997,8.958508556933175,34.35180648529515,2.715913054233165,-3.18241522489195,2.079256472728559,0.557215537430361,10.469108581542997,72.1012954711914,6.1844323429317,58.6347507796182,0.09135680000000002,-0.6807561,107.37731,176.24557299999998,-126.28354599999999,True,True,True
TLS,Timor-Leste,Asia-Pacific,2019,,1.0,24.2128840085001,2032550400.0,0.958812739703141,6.02441764824773,656221032.73923,89.0,70.6142440551536,-0.438596799999999,-0.7800298,,90.94625,76.9196929931641,,,,0,0.0,0.0,0.0,1,32.28559708724714,1,4.48863636973214,-0.0364077717766671,4.342761929464097,-0.0708893824101446,,,,-7.606659999999991,0.0,-7.606659999999991,0,1,176.24557299999998,-142.71460599999997,-11.024717954981185,43.310315042228325,24.679386179158886,-0.466502170658785,-1.677659270455779,2.63647201015892,-5.650711059570298,82.5704040527344,5.795060932603704,64.8191831225499,0.15080250000000095,-0.5893993,98.55291,176.24557299999998,-135.10794599999997,True,True,True
TLS,Timor-Leste,Asia-Pacific,2020,,1.0,31.7257416721413,2162619200.0,0.495499215459571,4.99312931355249,667685724.209921,71.7,84.7503111042388,-0.424278699999999,-0.748894899999999,,77.2938,62.3948631286621,,,,0,0.0,0.0,0.0,1,30.873938611565134,1,4.272490747605575,-0.2161456221265645,4.133482950330713,-0.2092789791333844,,,,-13.652450000000002,0.0,-13.652450000000002,0,1,176.24557299999998,-156.367056,-1.4116584756820068,32.28559708724714,7.512857663641199,24.2128840085001,-0.46331352424357,0.958812739703141,-14.524829864502003,76.9196929931641,14.136067049085199,70.6142440551536,0.0143181,-0.438596799999999,90.94625,176.24557299999998,-142.71460599999997,True,True,True
TLS,Timor-Leste,Asia-Pacific,2021,,1.0,5.36980119392668,3625024300.0,3.69792094666786,8.80890155695929,979959343.84168,119.5,99.8600009384765,-0.3019067,-0.640091699999999,,82.07024,80.7383041381836,,,,0,0.0,0.0,0.0,1,27.033179993901832,1,4.783316371371566,0.5108256237659905,4.391213111218372,0.2577301608876592,,,,4.776439999999994,4.776439999999994,0.0,0,1,181.02201299999996,-156.367056,-3.840758617663301,30.873938611565134,-26.35594047821462,31.7257416721413,3.2024217312082888,0.495499215459571,18.34344100952149,62.3948631286621,15.109689834237699,84.7503111042388,0.12237199999999904,-0.424278699999999,77.2938,176.24557299999998,-156.367056,True,True,True
TLS,Timor-Leste,Asia-Pacific,2022,,1.0,-20.5224802314812,3208599900.0,7.00530945399787,5.73395383541639,873769544.845485,154.2,97.621108820704,-0.4506594,-0.663390399999999,,157.58319,93.8871612548828,,,,0,0.0,0.0,0.0,1,27.232112824209867,1,5.038250461129229,0.2549340897576631,4.542093649016089,0.1508805377977173,,,,75.51295,75.51295,0.0,0,1,256.53496299999995,-156.367056,0.19893283030803488,27.033179993901832,-25.89228142540788,5.36980119392668,3.30738850733001,3.69792094666786,13.148857116699205,80.7383041381836,-2.238892117772508,99.8600009384765,-0.14875270000000002,-0.3019067,82.07024,181.02201299999996,-156.367056,True,True,True
TLS,Timor-Leste,Asia-Pacific,2023,,1.0,-18.1359049134472,2079767200.0,8.42035103310377,6.59540697236563,825304004.273166,120.7,89.3046490972644,-0.4265439,-0.6431026,,121.71125,81.6001663208008,,,,0,0.0,0.0,0.0,1,39.68251851809019,1,4.793308128103486,-0.2449423330257429,4.401831300213092,-0.140262348802997,,,,-35.871939999999995,0.0,-35.871939999999995,0,1,256.53496299999995,-192.238996,12.450405693880324,27.232112824209867,2.3865753180340015,-20.5224802314812,1.4150415791059006,7.00530945399787,-12.286994934082003,93.8871612548828,-8.316459723439593,97.621108820704,0.024115500000000012,-0.4506594,157.58319,256.53496299999995,-156.367056,True,True,True
TLS,Timor-Leste,Asia-Pacific,2024,,1.0,-9.10069289810397,1865608515.41321,2.06284153005468,5.75202366182713,780435177.882018,120.2,95.4485030105899,-0.3775174,-0.6256762,,134.45274,80.8076705932617,,,,0,0.0,0.0,0.0,1,41.83274097616139,1,4.789157022101107,-0.0041511060023786,4.392071894106111,-0.0097594061069807,,,,12.741489999999999,12.741489999999999,0.0,0,1,269.27645299999995,-192.238996,2.150222458071198,39.68251851809019,9.035212015343228,-18.1359049134472,-6.357509503049091,8.42035103310377,-0.7924957275390909,81.6001663208008,6.143853913325501,89.3046490972644,0.04902649999999997,-0.4265439,121.71125,256.53496299999995,-192.238996,True,True,True
TTO,Trinidad and Tobago,Caribbean,2000,,6.29979666666667,6.90135959072803,8154342116.10311,3.55541319666877,3.82287007786386,1402802249.32216,,,0.4326562,0.4359822,,57.415283,75.8485565185547,,,,0,1.8405173577443592,,,0,17.203132139279766,0,,,4.3287386748758765,,,,,,,,0,1,,,,,,,,,,,,,,,,,,True,True,True
TTO,Trinidad and Tobago,Caribbean,2001,,6.23321666666666,4.16852398185424,8824849191.03571,5.536653263223,5.02486943000853,1923855111.96432,,,,,,168.82918,73.3294525146484,,,,0,1.8298925184397328,-0.0106248393046264,1.0624839304626432,0,21.800430469889207,0,,,4.294962336029132,-0.0337763388467449,,,,111.413897,111.413897,0.0,0,1,111.413897,0.0,4.597298330609441,17.203132139279766,-2.73283560887379,6.90135959072803,1.9812400665542302,3.55541319666877,-2.519104003906307,75.8485565185547,,,,0.4326562,57.415283,,,True,True,True
TTO,Trinidad and Tobago,Caribbean,2002,,6.24868333333333,7.93670968715332,9008298228.60273,4.1500586166472,5.35696828360568,2048593954.45554,,,0.2514787,0.4586587,,156.04216,72.3112030029297,,,,0,1.832370774888304,0.0024782564485708,0.2478256448570803,0,22.74118709736917,0,,,4.280979068792071,-0.0139832672370605,,,,-12.787020000000012,0.0,-12.787020000000012,0,1,111.413897,-12.787020000000012,0.9407566274799635,21.800430469889207,3.7681857052990795,4.16852398185424,-1.3865946465757997,5.536653263223,-1.0182495117186932,73.3294525146484,,,,,168.82918,111.413897,0.0,True,True,True
TTO,Trinidad and Tobago,Caribbean,2003,,6.2951,14.4409895389734,11305459802.0683,3.8111062439687,5.90482558019119,2476582262.09186,,,0.1990394,0.2751232,,176.30156,78.1017913818359,,,,0,1.839771552993646,0.0074007781053424,0.7400778105342454,0,21.90607286612771,0,,,4.358012993609939,0.0770339248178677,,,,20.2594,20.2594,0.0,0,1,131.673297,-12.787020000000012,-0.8351142312414588,22.74118709736917,6.50427985182008,7.93670968715332,-0.3389523726785004,4.1500586166472,5.790588378906193,72.3112030029297,,,-0.052439299999999994,0.2514787,156.04216,111.413897,-12.787020000000012,True,True,True
TTO,Trinidad and Tobago,Caribbean,2004,,6.29899166666666,7.95005151069972,13280291989.5755,3.72154938995965,6.71035098437276,3195021782.02602,,,0.162558,0.1694897,,129.39624,82.197135925293,,,,0,1.8403895676775992,0.0006180146839531,0.0618014683953171,0,24.058369985644777,0,,,4.409120458697118,0.0511074650871794,,,,-46.90531999999999,0.0,-46.90531999999999,0,1,131.673297,-59.69234,2.1522971195170655,21.90607286612771,-6.490938028273679,14.4409895389734,-0.08955685400905011,3.8111062439687,4.095344543457102,78.1017913818359,,,-0.0364814,0.1990394,176.30156,131.673297,-12.787020000000012,True,True,True
TTO,Trinidad and Tobago,Caribbean,2005,,6.29955833333334,6.20893787954175,15982389018.4041,6.87453459583516,8.40070323992569,4992257912.04651,120.6,,0.176292,0.19417,,101.538994,95.6959381103516,,,,0,1.8404795251198545,8.995744225503977e-05,0.0089957442255039,0,31.23599298138599,0,4.792479284293085,,4.5611758535701705,0.1520553948730523,,,,-27.857246000000004,0.0,-27.857246000000004,0,1,131.673297,-87.549586,7.177622995741213,24.058369985644777,-1.7411136311579698,7.95005151069972,3.1529852058755097,3.72154938995965,13.498802185058608,82.197135925293,,,0.013733999999999996,0.162558,129.39624,131.673297,-59.69234,True,True,True
TTO,Trinidad and Tobago,Caribbean,2006,,6.31228333333333,13.2080586051735,18369361094.3886,8.32960351465347,9.82281090329812,6607231897.34595,116.8,,-0.0010414999999999,-0.0399353999999999,,104.03535,97.1616516113281,,,,0,1.842497470580072,0.0020179454602176,0.2017945460217607,0,35.96876267713144,0,4.760463070394127,-0.0320162138989585,4.576376102871008,0.0152002493008378,,,,2.4963559999999916,2.4963559999999916,0.0,0,1,134.16965299999998,-87.549586,4.732769695745446,31.23599298138599,6.99912072563175,6.20893787954175,1.455068918818311,6.87453459583516,1.4657135009764914,95.6959381103516,,,-0.1773334999999999,0.176292,101.538994,131.673297,-87.549586,True,True,True
TTO,Trinidad and Tobago,Caribbean,2007,,6.32803333333333,4.75420970092722,21641620049.9352,7.89438834757299,8.72010691002085,6745220697.57387,115.8,,-0.0413561999999999,0.0428116,,93.73795,98.1771697998047,,,,0,1.8449894980452417,0.0024920274651698,0.2492027465169854,0,31.16781776045489,1,4.751864565138895,-0.0085985052552315,4.586773701567483,0.0103975986964748,,,,-10.297399999999996,0.0,-10.297399999999996,0,1,134.16965299999998,-97.846986,-4.800944916676546,35.96876267713144,-8.45384890424628,13.2080586051735,-0.43521516708048047,8.32960351465347,1.0155181884766051,97.1616516113281,,,-0.0403147,-0.0010414999999999,104.03535,134.16965299999998,-87.549586,True,True,True
TTO,Trinidad and Tobago,Caribbean,2008,,6.28943333333333,3.39173707807387,27871587349.5413,12.0303445477177,9.96444976481278,9478682838.77815,129.3,,-0.0630559,-0.0296308,,81.196495,113.434448242188,,,,0,1.8388709765639024,-0.006118521481339,0.6118521481339068,0,34.0084069124041,1,4.862135285777812,0.1102707206389164,4.731225121549085,0.1444514199816016,,,,-12.541455,0.0,-12.541455,0,1,134.16965299999998,-110.388441,2.8405891519492066,31.16781776045489,-1.3624726228533497,4.75420970092722,4.13595620014471,7.89438834757299,15.257278442383296,98.1771697998047,,,-0.0216997000000001,-0.0413561999999999,93.73795,134.16965299999998,-97.846986,True,True,True
TTO,Trinidad and Tobago,Caribbean,2009,,6.32490833333333,-4.3917292474614,19172165225.5015,6.97808725251547,12.225610079132,8823426554.27755,102.2,,-0.0252713,-0.0444168,,83.10186,86.7220764160156,,,,0,1.8444955417549391,0.0056245651910364,0.562456519103649,0,46.02206610728157,1,4.626931677769604,-0.2352036080082076,4.462708481316304,-0.2685166402327805,,,,1.9053650000000033,1.9053650000000033,0.0,0,1,136.075018,-110.388441,12.01365919487747,34.0084069124041,-7.78346632553527,3.39173707807387,-5.05225729520223,12.0303445477177,-26.7123718261724,113.434448242188,,,0.0377846,-0.0630559,81.196495,134.16965299999998,-110.388441,True,True,True
TTO,Trinidad and Tobago,Caribbean,2010,,6.37550833333333,3.32322471027371,22157920592.3669,10.5492003179988,13.3546550197319,9180991459.69022,101.2,,-0.1175861,-0.0729938,,84.17017,91.7034149169922,,,,0,1.8524638264276307,0.0079682846726916,0.7968284672691617,0,41.43435491348834,1,4.617098756853365,-0.0098329209162386,4.518559618667085,0.055851137350781,,,,1.0683099999999968,1.0683099999999968,0.0,0,1,137.143328,-110.388441,-4.587711193793226,46.02206610728157,7.714953957735109,-4.3917292474614,3.5711130654833294,6.97808725251547,4.981338500976605,86.7220764160156,,,-0.0923148,-0.0252713,83.10186,136.075018,-110.388441,True,True,True
TTO,Trinidad and Tobago,Caribbean,2011,,6.40930070568579,-0.294354409043763,25433007437.1605,5.1071328926456,8.45629406926561,9980126113.5272,104.6,,-0.0897853,-0.1046704,,90.09539,100.990577697754,,,,0,1.8577501707045772,0.0052863442769466,0.5286344276946631,0,39.24084140731665,1,4.650143551630823,0.0330447947774574,4.615027222368218,0.0964676037011322,,,,5.925219999999996,5.925219999999996,0.0,0,1,143.068548,-110.388441,-2.1935135061716906,41.43435491348834,-3.617579119317473,3.32322471027371,-5.4420674253531995,10.5492003179988,9.287162780761804,91.7034149169922,,,0.0278008,-0.1175861,84.17017,137.143328,-110.388441,True,True,True
TTO,Trinidad and Tobago,Caribbean,2012,,6.42960265594542,6.71074625448722,27147349937.4689,9.26028137068292,7.68682652870708,9370784004.2165,101.0,,-0.1055709,-0.0707812999999999,,81.475235,100.0,,,,0,1.8609127409972583,0.0031625702926811,0.3162570292681188,0,34.51822747266723,1,4.61512051684126,-0.035023034789563,4.605170185988092,-0.0098570363801258,,,,-8.620154999999997,0.0,-8.620154999999997,0,1,143.068548,-119.008596,-4.722613934649424,39.24084140731665,7.005100663530983,-0.294354409043763,4.15314847803732,5.1071328926456,-0.9905776977540057,100.990577697754,,,-0.015785599999999997,-0.0897853,90.09539,143.068548,-110.388441,True,True,True
TTO,Trinidad and Tobago,Caribbean,2013,,6.44262939764659,3.36819291689019,28560537057.1548,5.19981740465611,8.77960814290318,10176864833.5733,102.5,,-0.1579496,-0.1457194,,83.036606,101.465324401855,,,,0,1.8629367483479733,0.0020240073507149,0.2024007350714951,0,35.63261017538834,1,4.629862798578463,0.0147422817372033,4.619717108603687,0.0145469226155947,,,,1.5613710000000083,1.5613710000000083,0.0,0,1,144.629919,-119.008596,1.114382702721116,34.51822747266723,-3.34255333759703,6.71074625448722,-4.06046396602681,9.26028137068292,1.4653244018549998,100.0,,,-0.0523787,-0.1055709,81.475235,143.068548,-119.008596,True,True,True
TTO,Trinidad and Tobago,Caribbean,2014,,6.40909457829793,3.67086851032413,29474180005.1333,5.68441814595659,10.8027710756712,11493196340.5523,105.0,,-0.4187145,0.0193675,,100.29159,99.9026489257813,,,,0,1.8577180095200747,-0.0052187388278988,0.5218738827898806,0,38.994117354751225,1,4.653960350157523,0.02409755157906,4.604196201076557,-0.0155209075271294,,,,17.254983999999993,17.254983999999993,0.0,0,1,161.884903,-119.008596,3.3615071793628815,35.63261017538834,0.30267559343394,3.36819291689019,0.48460074130048003,5.19981740465611,-1.562675476073693,101.465324401855,,,-0.26076489999999997,-0.1579496,83.036606,144.629919,-119.008596,True,True,True
TTO,Trinidad and Tobago,Caribbean,2015,,6.37744166666667,-0.406283288730492,26841141793.2143,4.66121598098264,10.6152502907717,9927294618.75719,100.0,,-0.2917364,0.0080118,,105.95364,83.5070877075195,,,,0,1.8527670242521577,-0.004950985267917,0.4950985267917041,0,36.98536632769813,1,4.605170185988092,-0.0487901641694312,4.42493151097926,-0.1792646900972974,,,,5.662049999999994,5.662049999999994,0.0,0,1,167.54695299999997,-119.008596,-2.008751027053094,38.994117354751225,-4.077151799054622,3.67086851032413,-1.0232021649739496,5.68441814595659,-16.395561218261804,99.9026489257813,,,0.12697809999999998,-0.4187145,100.29159,161.884903,-119.008596,True,True,True
TTO,Trinidad and Tobago,Caribbean,2016,,6.66896666666667,-7.53636305379372,23624322192.6274,3.07066742464024,10.6266420162222,9464961137.25085,93.3,,-0.256357599999999,-0.0255922,,98.67869,77.2768402099609,,,,0,1.897464925387066,0.0446979011349084,4.469790113490846,0,40.06447702531184,1,4.535820107853298,-0.0693500781347937,4.347394301516078,-0.0775372094631814,,,,-7.27494999999999,0.0,-7.27494999999999,0,1,167.54695299999997,-126.28354599999999,3.0791106976137073,36.98536632769813,-7.130079765063228,-0.406283288730492,-1.5905485563424002,4.66121598098264,-6.230247497558608,83.5070877075195,,,0.03537880000000099,-0.2917364,105.95364,167.54695299999997,-119.008596,True,True,True
TTO,Trinidad and Tobago,Caribbean,2017,,6.779525,-4.87274946918724,23830750900.6899,1.88038440183532,10.1209172206374,8369757249.16876,97.6,,-0.259017,-0.0060260999999999,,107.37731,82.5517578125,,,,0,1.913907040501008,0.0164421151139417,1.644211511394178,0,35.12166815073568,1,4.580877493419047,0.045057385565749,4.413425464052205,0.0660311625361265,,,,8.698619999999991,8.698619999999991,0.0,0,1,176.24557299999998,-126.28354599999999,-4.9428088745761585,40.06447702531184,2.6636135846064803,-7.53636305379372,-1.1902830228049202,3.07066742464024,5.274917602539105,77.2768402099609,,,-0.0026594000000009776,-0.256357599999999,98.67869,167.54695299999997,-126.28354599999999,True,True,True
TTO,Trinidad and Tobago,Caribbean,2018,,6.77075089824606,-0.945449700943314,23883058083.2171,1.01856930188822,8.73391379485296,7575050348.59938,103.5,,-0.2775407,-0.1219214,,98.55291,88.8327484130859,,,,0,1.912611996319456,-0.0012950441815517,0.1295044181551796,0,31.71725464220369,1,4.639571612705423,0.0586941192863763,4.486755370448035,0.0733299063958305,,,,-8.824399999999997,0.0,-8.824399999999997,0,1,176.24557299999998,-135.10794599999997,-3.404413508531988,35.12166815073568,3.927299768243926,-4.87274946918724,-0.8618150999470999,1.88038440183532,6.280990600585895,82.5517578125,,,-0.018523699999999976,-0.259017,107.37731,176.24557299999998,-126.28354599999999,True,True,True
TTO,Trinidad and Tobago,Caribbean,2019,,6.7543266828632,0.467734528855885,23477745791.6977,1.00054293027237,9.0517059802333,6928951713.59145,95.4,,-0.2006209,-0.137867699999999,,90.94625,79.6226425170898,,,,0,1.910183289591867,-0.0024287067275894,0.2428706727589435,0,29.512849210769183,1,4.558078578454241,-0.0814930342511823,4.377298506133329,-0.1094568643147066,,,,-7.606659999999991,0.0,-7.606659999999991,0,1,176.24557299999998,-142.71460599999997,-2.204405431434509,31.71725464220369,1.413184229799199,-0.945449700943314,-0.018026371615849968,1.01856930188822,-9.210105895996094,88.8327484130859,,,0.07691979999999998,-0.2775407,98.55291,176.24557299999998,-135.10794599999997,True,True,True
TTO,Trinidad and Tobago,Caribbean,2020,,6.75105268711505,-8.78879817831519,20888515184.2239,0.598986330824643,9.98053113939288,6953756951.24419,87.1,,-0.1941792,-0.1617074,,77.2938,73.2653884887695,,,,0,1.909698446371607,-0.0004848432202599,0.0484843220259989,0,33.28985756008178,1,4.467056883858457,-0.091021694595784,4.29408830759104,-0.0832101985422886,,,,-13.652450000000002,0.0,-13.652450000000002,0,1,176.24557299999998,-156.367056,3.777008349312595,29.512849210769183,-9.256532707171075,0.467734528855885,-0.40155659944772704,1.00054293027237,-6.357254028320298,79.6226425170898,,,0.006441699999999995,-0.2006209,90.94625,176.24557299999998,-142.71460599999997,True,True,True
TTO,Trinidad and Tobago,Caribbean,2021,,6.75853004916294,-0.716740625909793,24222963262.7213,2.05922746915458,8.51583252950165,6879594621.96588,127.4,,-0.2305843,-0.1513775,,82.07024,103.88516998291,,,,0,1.9108054180608751,0.0011069716892684,0.1106971689268432,0,28.401127258255197,1,4.847331743138063,0.3802748592796057,4.643286154355795,0.3491978467647545,,,,4.776439999999994,4.776439999999994,0.0,0,1,181.02201299999996,-156.367056,-4.88873030182658,33.28985756008178,8.072057552405397,-8.78879817831519,1.460241138329937,0.598986330824643,30.619781494140497,73.2653884887695,,,-0.036405099999999996,-0.1941792,77.2938,176.24557299999998,-156.367056,True,True,True
TTO,Trinidad and Tobago,Caribbean,2022,,6.75412896099475,0.86126082651883,28341164301.126,5.82838638517959,5.23356973118278,6832392604.5144,162.1,,-0.2989622,-0.2477989,,157.58319,121.618072509766,,,,0,1.9101540157986696,-0.0006514022622055,0.0651402262205502,0,24.107663792213884,1,5.08821342874163,0.2408816856035676,4.800885581102027,0.1575994267462324,,,,75.51295,75.51295,0.0,0,1,256.53496299999995,-156.367056,-4.293463466041313,28.401127258255197,1.578001452428623,-0.716740625909793,3.7691589160250096,2.05922746915458,17.732902526855995,103.88516998291,,,-0.06837790000000002,-0.2305843,82.07024,181.02201299999996,-156.367056,True,True,True
TTO,Trinidad and Tobago,Caribbean,2023,,6.75026237934502,1.46645947294053,25036993423.3664,4.62930242419968,7.51755820505273,6255633381.74802,130.6,,-0.3161967,-0.315203499999999,,121.71125,94.630500793457,,,,0,1.909581375143057,-0.0005726406556125,0.0572640655612577,0,24.985561468853497,1,4.8721392168423305,-0.2160742118992997,4.549979842627632,-0.2509057384743949,,,,-35.871939999999995,0.0,-35.871939999999995,0,1,256.53496299999995,-192.238996,0.8778976766396127,24.107663792213884,0.6051986464217001,0.86126082651883,-1.1990839609799098,5.82838638517959,-26.98757171630899,121.618072509766,,,-0.017234499999999986,-0.2989622,157.58319,256.53496299999995,-156.367056,True,True,True
TTO,Trinidad and Tobago,Caribbean,2024,,6.75012324870591,2.50920813979569,25633544529.4849,0.526884625776839,5.7279682868554,5601120709.15512,122.8,,-0.339819,-0.371533,,134.45274,90.5893173217773,,,,0,1.909560763785286,-2.061135777098322e-05,0.0020611357770983,0,21.850746012563533,1,4.810557015713042,-0.0615822011292888,4.506336295741303,-0.0436435468863294,,,,12.741489999999999,12.741489999999999,0.0,0,1,269.27645299999995,-192.238996,-3.1348154562899637,24.985561468853497,1.0427486668551598,1.46645947294053,-4.102417798422841,4.62930242419968,-4.041183471679702,94.630500793457,,,-0.023622299999999985,-0.3161967,121.71125,256.53496299999995,-192.238996,True,True,True
TKM,Turkmenistan,Eurasia & Central Asia,2000,,5200.0,5.46906425232281,2904663310.9825,,,,,103.580317825005,-0.832140299999999,-1.3300253,,57.415283,62.2785873413086,,,,0,8.556413904569519,,,0,,0,,,4.131617664327504,,,,,,,,0,1,,,,,,,,,,,,,,,,,,False,True,False
TKM,Turkmenistan,Eurasia & Central Asia,2001,,5200.0,4.34384545203714,3534772732.39746,,,,,81.9858549438358,,,,168.82918,59.1536560058594,,,,0,8.556413904569519,0.0,0.0,0,,0,,,4.080138397573625,-0.051479266753879,,,,111.413897,111.413897,0.0,0,1,111.413897,0.0,,,-1.12521880028567,5.46906425232281,,,-3.1249313354491974,62.2785873413086,-21.594462881169193,103.580317825005,,-0.832140299999999,57.415283,,,False,True,False
TKM,Turkmenistan,Eurasia & Central Asia,2002,,,0.257179997445405,4462029108.72349,,,,,63.7046861184792,-0.994533399999999,-1.0062611,,156.04216,52.4391136169434,,,,0,,,,0,,0,,,3.9596527559483614,-0.1204856416252631,,,,-12.787020000000012,0.0,-12.787020000000012,0,1,111.413897,-12.787020000000012,,,-4.086665454591735,4.34384545203714,,,-6.714542388916001,59.1536560058594,-18.281168825356602,81.9858549438358,,,168.82918,111.413897,0.0,False,True,False
TKM,Turkmenistan,Eurasia & Central Asia,2003,,,3.2688286670479,5977440582.80171,,,,,63.201750694386,-0.9964425,-1.0073946,,176.30156,70.4746170043945,,,,0,,,,0,,0,,,4.255252602496506,0.2955998465481433,,,,20.2594,20.2594,0.0,0,1,131.673297,-12.787020000000012,,,3.0116486696024953,0.257179997445405,,,18.0355033874511,52.4391136169434,-0.5029354240932022,63.7046861184792,-0.0019091000000009961,-0.994533399999999,156.04216,111.413897,-12.787020000000012,False,True,False
TKM,Turkmenistan,Eurasia & Central Asia,2004,,,5.00040735874585,6838351088.46688,,,,,59.3199674884855,-1.2851035,-1.1886336,,129.39624,73.4774551391602,,,,0,,,,0,,0,,,4.296978626366122,0.0417260238696162,,,,-46.90531999999999,0.0,-46.90531999999999,0,1,131.673297,-59.69234,,,1.7315786916979499,3.2688286670479,,,3.002838134765696,70.4746170043945,-3.881783205900497,63.201750694386,-0.28866099999999995,-0.9964425,176.30156,131.673297,-12.787020000000012,False,True,False
TKM,Turkmenistan,Eurasia & Central Asia,2005,,,13.0340347988606,8103901996.37024,,,,152.2,53.9723419741336,-1.48509089999999,-1.5506627,,101.538994,100.132476806641,,,,0,,,,0,,0,5.025195445427586,,4.606494077323511,0.3095154509573889,,,,-27.857246000000004,0.0,-27.857246000000004,0,1,131.673297,-87.549586,,,8.03362744011475,5.00040735874585,,,26.655021667480796,73.4774551391602,-5.347625514351904,59.3199674884855,-0.19998739999999016,-1.2851035,129.39624,131.673297,-59.69234,False,True,False
TKM,Turkmenistan,Eurasia & Central Asia,2006,,,10.9733082952862,10276674364.8961,,,,140.0,52.4473010022922,-1.48297749999999,-1.5010556,,104.03535,98.5460357666016,,,,0,,,,0,,0,4.941642422609304,-0.0835530228182817,4.590523807184398,-0.0159702701391131,,,,2.4963559999999916,2.4963559999999916,0.0,0,1,134.16965299999998,-87.549586,,,-2.060726503574399,13.0340347988606,,,-1.5864410400393893,100.132476806641,-1.525040971841399,53.9723419741336,0.002113400000000043,-1.48509089999999,101.538994,131.673297,-87.549586,False,True,False
TKM,Turkmenistan,Eurasia & Central Asia,2007,,,11.0592995865825,12664165103.1895,,,,137.5,56.2777777777778,-1.4844913,-1.4446066,,93.73795,99.1711273193359,,,,0,,,,0,,0,4.923623917106626,-0.0180185055026775,4.596846916677397,0.0063231094929996,,,,-10.297399999999996,0.0,-10.297399999999996,0,1,134.16965299999998,-97.846986,,,0.08599129129629901,10.9733082952862,,,0.6250915527342897,98.5460357666016,3.8304767754856,52.4473010022922,-0.0015138000000098906,-1.48297749999999,104.03535,134.16965299999998,-87.549586,False,True,False
TKM,Turkmenistan,Eurasia & Central Asia,2008,,,14.7000000144534,19271523178.8079,,,,167.5,94.7240751970891,-1.4890508,-1.4014499,,81.196495,128.776504516602,,,,0,,,,0,,0,5.120983351265121,0.1973594341584945,4.858078378680639,0.2612314620032414,,,,-12.541455,0.0,-12.541455,0,1,134.16965299999998,-110.388441,,,3.6407004278709003,11.0592995865825,,,29.605377197266094,99.1711273193359,38.44629741931131,56.2777777777778,-0.00455950000000005,-1.4844913,93.73795,134.16965299999998,-97.846986,False,True,False
TKM,Turkmenistan,Eurasia & Central Asia,2009,,,6.10000001746145,20214385964.9123,,,,101.1,104.95217927132,-1.4965077,-1.4036465,,83.10186,78.5372848510742,,,,0,,,,0,,0,4.616110126026426,-0.5048732252386952,4.363573478283317,-0.4945049003973221,,,,1.9053650000000033,1.9053650000000033,0.0,0,1,136.075018,-110.388441,,,-8.59999999699195,14.7000000144534,,,-50.239219665527784,128.776504516602,10.228104074230899,94.7240751970891,-0.0074568999999999885,-1.4890508,81.196495,134.16965299999998,-110.388441,False,True,False
TKM,Turkmenistan,Eurasia & Central Asia,2010,,,9.20000007329543,22583157894.7368,,,,113.1,97.2464440197632,-1.49626479999999,-1.4044219,,84.17017,85.7649307250977,,,,0,,,,0,,0,4.728272383122075,0.1121622570956493,4.451610190132175,0.0880367118488587,,,,1.0683099999999968,1.0683099999999968,0.0,0,1,137.143328,-110.388441,,,3.1000000558339798,6.10000001746145,,,7.227645874023494,78.5372848510742,-7.705735251556803,104.95217927132,0.00024290000000992684,-1.4965077,83.10186,136.075018,-110.388441,False,True,False
TKM,Turkmenistan,Eurasia & Central Asia,2011,,,14.7183120474814,29233333333.3333,,,,135.2,118.095536458021,-1.49687329999999,-1.4017015,,90.09539,102.6962890625,,,,0,,,,0,,0,4.906755163608864,0.1784827804867887,4.631775982518284,0.1801657923861084,,,,5.925219999999996,5.925219999999996,0.0,0,1,143.068548,-110.388441,,,5.51831197418597,9.20000007329543,,,16.9313583374023,85.7649307250977,20.8490924382578,97.2464440197632,-0.0006085000000000118,-1.49626479999999,84.17017,137.143328,-110.388441,False,True,False
TKM,Turkmenistan,Eurasia & Central Asia,2012,,,11.0508311776258,35164210526.3158,,,,119.9,119.176960326488,-1.4981376,-1.4032708,,81.475235,100.0,,,,0,,,,0,,0,4.786658062033468,-0.1200971015753955,4.605170185988092,-0.026605796530192,,,,-8.620154999999997,0.0,-8.620154999999997,0,1,143.068548,-119.008596,,,-3.6674808698555985,14.7183120474814,,,-2.6962890625,102.6962890625,1.0814238684669988,118.095536458021,-0.001264300000009877,-1.49687329999999,90.09539,143.068548,-110.388441,False,True,False
TKM,Turkmenistan,Eurasia & Central Asia,2013,,,10.1628450365084,39197543859.6491,,,,133.1,109.48116584462,-1.5017629,-1.4190144,,83.036606,103.975692749023,,,,0,,,,0,,0,4.891100725401066,0.1044426633675978,4.644157148256677,0.0389869622685852,,,,1.5613710000000083,1.5613710000000083,0.0,0,1,144.629919,-119.008596,,,-0.8879861411174002,11.0508311776258,,,3.975692749022997,100.0,-9.695794481868006,119.176960326488,-0.0036252999999999425,-1.4981376,81.475235,143.068548,-119.008596,False,True,False
TKM,Turkmenistan,Eurasia & Central Asia,2014,,,10.3497353947965,43524210526.3158,,,,128.4,102.760907500564,-1.4626017,-1.4532956,,100.29159,103.378173828125,,,,0,,,,0,,0,4.855150391255861,-0.0359503341452054,4.638393854958409,-0.0057632932982683,,,,17.254983999999993,17.254983999999993,0.0,0,1,161.884903,-119.008596,,,0.18689035828809963,10.1628450365084,,,-0.597518920897997,103.975692749023,-6.720258344055992,109.48116584462,0.039161199999999896,-1.5017629,83.036606,144.629919,-119.008596,False,True,False
TKM,Turkmenistan,Eurasia & Central Asia,2015,,,6.45254918531575,35799714285.7143,,,,100.0,73.2280034158293,-1.4615973,-1.4449123,,105.95364,70.234992980957,,,,0,,,,0,,0,4.605170185988092,-0.2499802052677688,4.251846662346327,-0.386547192612082,,,,5.662049999999994,5.662049999999994,0.0,0,1,167.54695299999997,-119.008596,,,-3.8971862094807506,10.3497353947965,,,-33.143180847168,103.378173828125,-29.532904084734696,102.760907500564,0.0010044000000000164,-1.4626017,100.29159,161.884903,-119.008596,False,True,False
TKM,Turkmenistan,Eurasia & Central Asia,2016,,,6.22909997062793,33313947368.4211,,,,86.8,58.2932324852085,-1.464505,-1.4741195,,98.67869,55.3191032409668,,,,0,,,,0,,0,4.463606621666305,-0.1415635643217871,4.0131182962704965,-0.2387283660758301,,,,-7.27494999999999,0.0,-7.27494999999999,0,1,167.54695299999997,-126.28354599999999,,,-0.22344921468781997,6.45254918531575,,,-14.915889739990206,70.234992980957,-14.934770930620807,73.2280034158293,-0.0029076999999999575,-1.4615973,105.95364,167.54695299999997,-119.008596,False,True,False
TKM,Turkmenistan,Eurasia & Central Asia,2017,,,6.45138358820188,33352261306.5327,,,,99.1,47.3983995269018,-1.4526795,-1.480283,,107.37731,63.9162521362305,,,,0,,,,0,,0,4.596129441335942,0.1325228196696377,4.157573666075521,0.1444553698050246,,,,8.698619999999991,8.698619999999991,0.0,0,1,176.24557299999998,-126.28354599999999,,,0.2222836175739502,6.22909997062793,,,8.5971488952637,55.3191032409668,-10.8948329583067,58.2932324852085,0.011825500000000044,-1.464505,98.67869,167.54695299999997,-126.28354599999999,False,True,False
TKM,Turkmenistan,Eurasia & Central Asia,2018,,,6.20602363832646,26036313868.6131,,,,111.9,41.6378669600992,-1.4516946,-1.48326239999999,,98.55291,77.4454193115234,,,,0,,,,0,,0,4.71760561531788,0.1214761739819376,4.349573421298751,0.1919997552232297,,,,-8.824399999999997,0.0,-8.824399999999997,0,1,176.24557299999998,-135.10794599999997,,,-0.24535994987541976,6.45138358820188,,,13.529167175292898,63.9162521362305,-5.7605325668025955,47.3983995269018,0.0009848999999999553,-1.4526795,107.37731,176.24557299999998,-126.28354599999999,False,True,False
TKM,Turkmenistan,Eurasia & Central Asia,2019,,,6.33169567608873,29700000000.0,,,,91.1,37.6560517756178,-1.362369,-1.5949263,,90.94625,51.9113464355469,,,,0,,,,0,,0,4.511957804265912,-0.2056478110519677,3.9495373873865343,-0.4000360339122166,,,,-7.606659999999991,0.0,-7.606659999999991,0,1,176.24557299999998,-142.71460599999997,,,0.12567203776226954,6.20602363832646,,,-25.53407287597649,77.4454193115234,-3.9818151844814054,41.6378669600992,0.0893256,-1.4516946,98.55291,176.24557299999998,-135.10794599999997,False,True,False
TKM,Turkmenistan,Eurasia & Central Asia,2020,,,5.87065623130427,27350527267.6636,,,,72.2,29.9541700399769,-1.3595471,-1.53039329999999,,77.2938,41.9791870117188,,,,0,,,,0,,0,4.279440045898781,-0.2325177583671314,3.737173948119178,-0.2123634392673561,,,,-13.652450000000002,0.0,-13.652450000000002,0,1,176.24557299999998,-156.367056,,,-0.46103944478445946,6.33169567608873,,,-9.932159423828104,51.9113464355469,-7.701881735640896,37.6560517756178,0.002821900000000044,-1.362369,90.94625,176.24557299999998,-142.71460599999997,False,True,False
TKM,Turkmenistan,Eurasia & Central Asia,2021,,,6.15115785574542,26334182093.7903,,,,156.9,33.4124528498008,-1.36021099999999,-1.5825855,,82.07024,119.392356872559,,,,0,,,,0,,0,5.055608659738987,0.7761686138402064,4.782415186116958,1.0452412379977796,,,,4.776439999999994,4.776439999999994,0.0,0,1,181.02201299999996,-156.367056,,,0.28050162444114957,5.87065623130427,,,77.41316986084021,41.9791870117188,3.458282809823899,29.9541700399769,-0.0006638999999901696,-1.3595471,77.2938,176.24557299999998,-156.367056,False,True,False
TKM,Turkmenistan,Eurasia & Central Asia,2022,,,6.23491365071671,37583913148.2791,,,,265.4,37.8107225896924,-1.360439,-1.4336464,,157.58319,206.759063720703,,,,0,,,,0,,0,5.581238121898107,0.5256294621591193,5.331554171978946,0.5491389858619886,,,,75.51295,75.51295,0.0,0,1,256.53496299999995,-156.367056,,,0.0837557949712906,6.15115785574542,,,87.366706848144,119.392356872559,4.398269739891603,33.4124528498008,-0.00022800000000988696,-1.36021099999999,82.07024,181.02201299999996,-156.367056,False,True,False
TKM,Turkmenistan,Eurasia & Central Asia,2023,,,6.31879850268643,39020211239.6728,,,,142.9,34.1794035540188,-1.350058,-1.4327839,,121.71125,89.8397598266602,,,,0,,,,0,,0,4.9621450849358215,-0.6190930369622851,4.498027637081336,-0.8335265348976106,,,,-35.871939999999995,0.0,-35.871939999999995,0,1,256.53496299999995,-192.238996,,,0.08388485196971995,6.23491365071671,,,-116.91930389404281,206.759063720703,-3.631319035673606,37.8107225896924,0.010380999999999974,-1.360439,157.58319,256.53496299999995,-156.367056,False,True,False
TKM,Turkmenistan,Eurasia & Central Asia,2024,,,6.28235647996578,44249447717.2312,,,,127.5,28.7345237411748,-1.297223,-1.4131747,,134.45274,78.0578918457031,,,,0,,,,0,,0,4.848116364598481,-0.1140287203373402,4.357450754543082,-0.1405768825382534,,,,12.741489999999999,12.741489999999999,0.0,0,1,269.27645299999995,-192.238996,,,-0.036442022720650336,6.31879850268643,,,-11.781867980957102,89.8397598266602,-5.444879812843997,34.1794035540188,0.052834999999999965,-1.350058,121.71125,256.53496299999995,-192.238996,False,True,False
ARE,United Arab Emirates,MENA,2000,,3.6725,10.852837927302,104337463730.167,,,13631620189.1667,,,0.2364244,0.5320962,,57.415283,47.7748947143555,,,,0,1.3008726290658952,,,1,13.064933439843044,1,,,3.866500286342757,,,,,,,,0,1,,,,,,,,,,,,,,,,,,True,True,True
ARE,United Arab Emirates,MENA,2001,,3.6725,1.39892161061073,103311631797.329,,,14256130113.4802,,89.8645875613427,,,,168.82918,44.0516090393066,,,,0,1.3008726290658952,0.0,0.0,1,13.799152975772447,1,,,3.785361879281625,-0.0811384070611325,,,,111.413897,111.413897,0.0,0,1,111.413897,0.0,0.7342195359294035,13.064933439843044,-9.45391631669127,10.852837927302,,,-3.723285675048899,47.7748947143555,,,,0.2364244,57.415283,,,True,True,True
ARE,United Arab Emirates,MENA,2002,,3.6725,2.43337487237925,109816091078.603,,,15355431325.3937,,93.0717523974279,0.770858,0.5176635,,156.04216,44.5286293029785,,,,0,1.3008726290658952,0.0,0.0,1,13.982860958329642,1,,,3.79613233743112,0.0107704581494947,,,,-12.787020000000012,0.0,-12.787020000000012,0,1,111.413897,-12.787020000000012,0.18370798255719478,13.799152975772447,1.0344532617685198,1.39892161061073,,,0.4770202636719034,44.0516090393066,3.207164836085198,89.8645875613427,,,168.82918,111.413897,0.0,True,True,True
ARE,United Arab Emirates,MENA,2003,,3.6725,8.80057809996346,124346476180.46,,,15087811903.6616,,102.300072318295,0.8866525,0.5160344,,176.30156,49.6889457702637,,,,0,1.3008726290658952,0.0,0.0,1,12.133686749405868,1,,,3.905782489254402,0.1096501518232826,,,,20.2594,20.2594,0.0,0,1,131.673297,-12.787020000000012,-1.849174208923774,13.982860958329642,6.367203227584209,2.43337487237925,,,5.160316467285199,44.5286293029785,9.228319920867094,93.0717523974279,0.11579449999999991,0.770858,156.04216,111.413897,-12.787020000000012,True,True,True
ARE,United Arab Emirates,MENA,2004,,3.6725,9.56652626277928,147824249957.985,,,18529923697.6481,,116.622707480689,0.7749327,0.1643897,,129.39624,57.2223205566406,,,,0,1.3008726290658952,0.0,0.0,1,12.53510415436894,1,,,4.046944041791604,0.1411615525372016,,,,-46.90531999999999,0.0,-46.90531999999999,0,1,131.673297,-59.69234,0.40141740496307143,12.133686749405868,0.7659481628158211,8.80057809996346,,,7.533374786376896,49.6889457702637,14.322635162394008,102.300072318295,-0.11171979999999992,0.8866525,176.30156,131.673297,-12.787020000000012,True,True,True
ARE,United Arab Emirates,MENA,2005,,3.6725,4.85513657996815,180617467954.23,,,21010295842.2662,104.8,119.55287164912,0.7573962,0.0848625,,101.538994,72.8218688964844,,,,0,1.3008726290658952,0.0,0.0,1,11.6324827715946,1,4.6520537718869415,,4.288016307022248,0.2410722652306436,,,,-27.857246000000004,0.0,-27.857246000000004,0,1,131.673297,-87.549586,-0.9026213827743401,12.53510415436894,-4.711389682811131,9.56652626277928,,,15.599548339843807,57.2223205566406,2.9301641684309914,116.622707480689,-0.017536500000000066,0.7749327,129.39624,131.673297,-59.69234,True,True,True
ARE,United Arab Emirates,MENA,2006,,3.6725,9.83727922860218,222116532963.026,,,27617445822.5769,112.3,119.47067436604,0.7816632,0.0492929,,104.03535,81.5864028930664,,,,0,1.3008726290658952,0.0,0.0,1,12.433764139103577,1,4.721173861744398,0.0691200898574564,4.401662616873117,0.1136463098508695,,,,2.4963559999999916,2.4963559999999916,0.0,0,1,134.16965299999998,-87.549586,0.8012813675089774,11.6324827715946,4.98214264863403,4.85513657996815,,,8.764533996582003,72.8218688964844,-0.08219728307999219,119.55287164912,0.02426700000000004,0.7573962,101.538994,131.673297,-87.549586,True,True,True
ARE,United Arab Emirates,MENA,2007,,3.6725,3.18441281459761,257916148767.436,,,77238765358.1158,115.8,136.798144727699,0.7779631,0.0361401,,93.73795,85.4374084472656,,,,0,1.3008726290658952,0.0,0.0,1,29.94723894848565,1,4.751864565138895,0.0306907033944972,4.447784042908063,0.0461214260349462,,,,-10.297399999999996,0.0,-10.297399999999996,0,1,134.16965299999998,-97.846986,17.513474809382075,12.433764139103577,-6.65286641400457,9.83727922860218,,,3.8510055541991903,81.5864028930664,17.327470361658996,119.47067436604,-0.003700099999999984,0.7816632,104.03535,134.16965299999998,-87.549586,True,True,True
ARE,United Arab Emirates,MENA,2008,,3.6725,3.19181235452885,315474615741.223,12.2504202448139,,31694454694.0485,130.1,148.513544024487,0.9123012,0.0890333,,81.196495,102.460021972656,,,,0,1.3008726290658952,0.0,0.0,1,10.046594278142104,1,4.86830338551846,0.1164388203795647,4.629472692962097,0.181688650054034,,,,-12.541455,0.0,-12.541455,0,1,134.16965299999998,-110.388441,-19.900644670343546,29.94723894848565,0.007399539931240096,3.18441281459761,,,17.022613525390398,85.4374084472656,11.715399296788007,136.798144727699,0.13433810000000002,0.7779631,93.73795,134.16965299999998,-97.846986,True,True,True
ARE,United Arab Emirates,MENA,2009,,3.6725,-5.2429219073683,253547358746.804,1.5618131744907,,26104201597.7902,104.0,153.461944358762,0.8451488,0.1273933,,83.10186,74.3959655761719,,,,0,1.3008726290658952,0.0,0.0,1,10.295592005696353,1,4.6443908991413725,-0.2239124863770873,4.309401714242035,-0.3200709787200626,,,,1.9053650000000033,1.9053650000000033,0.0,0,1,136.075018,-110.388441,0.24899772755424898,10.046594278142104,-8.43473426189715,3.19181235452885,-10.6886070703232,12.2504202448139,-28.06405639648409,102.460021972656,4.948400334274993,148.513544024487,-0.0671524,0.9123012,81.196495,134.16965299999998,-110.388441,True,True,True
ARE,United Arab Emirates,MENA,2010,,3.6725,1.60285004336325,307736348527.33,0.877983288285867,,32785291883.4009,114.3,135.485740301669,0.9100894,0.0791468,,84.17017,86.9494323730469,,,,0,1.3008726290658952,0.0,0.0,1,10.653694969832024,1,4.738826570800765,0.0944356716593928,4.465326712579408,0.1559249983373734,,,,1.0683099999999968,1.0683099999999968,0.0,0,1,137.143328,-110.388441,0.35810296413567144,10.295592005696353,6.84577195073155,-5.2429219073683,-0.683829886204833,1.5618131744907,12.553466796875,74.3959655761719,-17.976204057092986,153.461944358762,0.06494060000000001,0.8451488,83.10186,136.075018,-110.388441,True,True,True
ARE,United Arab Emirates,MENA,2011,,3.6725,6.73651167897515,368881033962.57,0.87734659568512,,37269318422.5758,124.8,144.176829734392,1.1319379,0.4251627,,90.09539,101.061096191406,,,,0,1.3008726290658952,0.0,0.0,1,10.10334362334212,1,4.826712455935327,0.087885885134562,4.615725246741468,0.1503985341620595,,,,5.925219999999996,5.925219999999996,0.0,0,1,143.068548,-110.388441,-0.5503513464899044,10.653694969832024,5.1336616356119,1.60285004336325,-0.0006366926007470575,0.877983288285867,14.11166381835909,86.9494323730469,8.691089432722976,135.485740301669,0.2218485,0.9100894,84.17017,137.143328,-110.388441,True,True,True
ARE,United Arab Emirates,MENA,2012,,3.6725,4.68325642918792,392793559050.783,0.662268900269009,,47035150430.9523,124.8,156.637656972961,1.0894763,0.3671791,,81.475235,100.0,,,,0,1.3008726290658952,0.0,0.0,1,11.974521818691858,1,4.826712455935327,0.0,4.605170185988092,-0.0105550607533757,,,,-8.620154999999997,0.0,-8.620154999999997,0,1,143.068548,-119.008596,1.8711781953497386,10.10334362334212,-2.05325524978723,6.73651167897515,-0.215077695416111,0.87734659568512,-1.0610961914059942,101.061096191406,12.46082723856901,144.176829734392,-0.04246159999999999,1.1319379,90.09539,143.068548,-110.388441,True,True,True
ARE,United Arab Emirates,MENA,2013,,3.6725,4.9184505919085,409632574702.715,1.1011183637571,,68202650660.2746,124.6,157.398122639247,1.1513193,0.41415,,83.036606,101.375274658203,,,,0,1.3008726290658952,0.0,0.0,1,16.649713639051214,1,4.825108606353353,-0.0016038495819747,4.618829221760667,0.0136590357725747,,,,1.5613710000000083,1.5613710000000083,0.0,0,1,144.629919,-119.008596,4.675191820359355,11.974521818691858,0.23519416272058002,4.68325642918792,0.43884946348809106,0.662268900269009,1.375274658202997,100.0,0.7604656662859952,156.637656972961,0.06184299999999987,1.0894763,81.475235,143.068548,-119.008596,True,True,True
ARE,United Arab Emirates,MENA,2014,,3.6725,4.63291785879667,424935834104.193,2.34626865671643,,78424381665.0826,122.3,159.515630313713,0.9856797,0.3502594,,100.29159,96.5940093994141,,,,0,1.3008726290658952,0.0,0.0,1,18.455582083447727,1,4.806477042693127,-0.0186315636602261,4.570516724796675,-0.0483124969639918,,,,17.254983999999993,17.254983999999993,0.0,0,1,161.884903,-119.008596,1.8058684443965127,16.649713639051214,-0.2855327331118298,4.9184505919085,1.2451502929593299,1.1011183637571,-4.781265258788892,101.375274658203,2.1175076744659975,157.398122639247,-0.1656395999999999,1.1513193,83.036606,144.629919,-119.008596,True,True,True
ARE,United Arab Emirates,MENA,2015,,3.6725,7.08766622657654,381973135513.065,4.06996608361593,,93929134196.4176,100.0,164.286142899252,0.9199437,0.3509975,,105.95364,62.8884506225586,,,,0,1.3008726290658952,0.0,0.0,1,24.590507934609672,1,4.605170185988092,-0.2013068567050346,4.141362531943436,-0.4291541928532387,,,,5.662049999999994,5.662049999999994,0.0,0,1,167.54695299999997,-119.008596,6.134925851161945,18.455582083447727,2.45474836777987,4.63291785879667,1.7236974268995002,2.34626865671643,-33.705558776855504,96.5940093994141,4.770512585539024,159.515630313713,-0.06573600000000002,0.9856797,100.29159,161.884903,-119.008596,True,True,True
ARE,United Arab Emirates,MENA,2016,,3.6725,5.65790147196586,381717208620.964,1.61748808904198,,85390832746.3078,94.8,165.394966240337,1.1064348,0.4205051,,98.67869,57.2714195251465,,,,0,1.3008726290658952,0.0,0.0,1,22.37018159458953,1,4.551769409260976,-0.0534007767271154,4.047801712638597,-0.0935608193048391,,,,-7.27494999999999,0.0,-7.27494999999999,0,1,167.54695299999997,-126.28354599999999,-2.2203263400201436,24.590507934609672,-1.4297647546106802,7.08766622657654,-2.4524779945739503,4.06996608361593,-5.617031097412102,62.8884506225586,1.1088233410849853,164.286142899252,0.1864910999999999,0.9199437,105.95364,167.54695299999997,-119.008596,True,True,True
ARE,United Arab Emirates,MENA,2017,,3.6725,-1.06137114472548,403365056078.846,1.96682557818842,,95377648625.516,100.2,165.476523652994,1.0762151,0.3834887,,107.37731,66.2433929443359,,,,0,1.3008726290658952,0.0,0.0,1,23.6454911470746,1,4.607168188650764,0.0553987793897876,4.193335730750951,0.1455340181123539,,,,8.698619999999991,8.698619999999991,0.0,0,1,176.24557299999998,-126.28354599999999,1.2753095524850728,22.37018159458953,-6.71927261669134,5.65790147196586,0.34933748914644003,1.61748808904198,8.971973419189396,57.2714195251465,0.08155741265699135,165.394966240337,-0.03021969999999996,1.1064348,98.67869,167.54695299999997,-126.28354599999999,True,True,True
ARE,United Arab Emirates,MENA,2018,,3.6725,1.53720634021511,440560003161.236,3.06863379251997,,99503335478.7452,106.4,154.747042166299,1.0948106,0.3893195,,98.55291,78.2546234130859,,,,0,1.3008726290658952,0.0,0.0,1,22.585648893399203,1,4.667205576907544,0.0600373882567799,4.359967912826061,0.1666321820751104,,,,-8.824399999999997,0.0,-8.824399999999997,0,1,176.24557299999998,-135.10794599999997,-1.0598422536753986,23.6454911470746,2.59857748494059,-1.06137114472548,1.1018082143315497,1.96682557818842,12.01123046875,66.2433929443359,-10.729481486694993,165.476523652994,0.018595499999999987,1.0762151,107.37731,176.24557299999998,-126.28354599999999,True,True,True
ARE,United Arab Emirates,MENA,2019,,3.6725,1.27129120536284,433926218686.108,-1.93108114782173,,108359358451.761,101.7,163.822149025614,1.0878297,0.4262682,,90.94625,70.123779296875,,,,0,1.3008726290658952,0.0,0.0,1,24.97183940160703,1,4.622027303054514,-0.0451782738530299,4.250261956160153,-0.1097059566659082,,,,-7.606659999999991,0.0,-7.606659999999991,0,1,176.24557299999998,-142.71460599999997,2.3861905082078287,22.585648893399203,-0.2659151348522699,1.53720634021511,-4.9997149403417,3.06863379251997,-8.130844116210895,78.2546234130859,9.075106859315014,154.747042166299,-0.006980900000000068,1.0948106,98.55291,176.24557299999998,-135.10794599999997,True,True,True
ARE,United Arab Emirates,MENA,2020,,3.6725,-8.69343363776639,357161776271.328,-2.07940317940944,,106701571777.291,90.6,181.291940227998,1.0614313,0.3974987,,77.2938,55.1664619445801,,,,0,1.3008726290658952,0.0,0.0,1,29.87485752009256,1,4.506454213048934,-0.1155730900055802,4.010355195167743,-0.2399067609924099,,,,-13.652450000000002,0.0,-13.652450000000002,0,1,176.24557299999998,-156.367056,4.90301811848553,24.97183940160703,-9.964724843129229,1.27129120536284,-0.14832203158770985,-1.93108114782173,-14.9573173522949,70.123779296875,17.469791202383988,163.822149025614,-0.026398399999999933,1.0878297,90.94625,176.24557299999998,-142.71460599999997,True,True,True
ARE,United Arab Emirates,MENA,2021,,3.6725,4.55280140106356,422441282436.237,0.179935336174431,,131116705892.304,108.0,182.909401076776,1.0349829,0.338504,,82.07024,80.1884155273438,,,,0,1.3008726290658952,0.0,0.0,1,31.03785338784797,1,4.68213122712422,0.1756770140752861,4.384379059643103,0.3740238644753599,,,,4.776439999999994,4.776439999999994,0.0,0,1,181.02201299999996,-156.367056,1.1629958677554093,29.87485752009256,13.24623503882995,-8.69343363776639,2.2593385155838708,-2.07940317940944,25.021953582763707,55.1664619445801,1.617460848777995,181.291940227998,-0.02644840000000004,1.0614313,77.2938,176.24557299999998,-156.367056,True,True,True
ARE,United Arab Emirates,MENA,2022,3.0,3.6725,7.51452414254605,511403404642.173,5.29122604376849,,138433303844.914,122.8,185.741660631894,1.0223468,0.409903,,157.58319,96.7506942749023,,,,0,1.3008726290658952,0.0,0.0,1,27.06929648655258,1,4.810557015713042,0.1284257885888218,4.572137507852126,0.1877584482090233,1.3862943611198906,0.0,0.0,75.51295,75.51295,0.0,0,1,256.53496299999995,-156.367056,-3.96855690129539,31.03785338784797,2.9617227414824905,4.55280140106356,5.111290707594059,0.179935336174431,16.562278747558494,80.1884155273438,2.8322595551180143,182.909401076776,-0.012636099999999928,1.0349829,82.07024,181.02201299999996,-156.367056,True,True,True
ARE,United Arab Emirates,MENA,2023,,3.6725,4.30113648499413,522622268401.125,1.62670837213248,4.61577821903282,189490945175.271,111.1,199.044950127107,0.9918577,0.4492886,,121.71125,81.1278305053711,,,,0,1.3008726290658952,0.0,0.0,1,36.25772505924532,1,4.710430696645584,-0.1001263190674572,4.396026065082721,-0.1761114427694048,,,,-35.871939999999995,0.0,-35.871939999999995,0,1,256.53496299999995,-192.238996,9.188428572692736,27.06929648655258,-3.2133876575519205,7.51452414254605,-3.66451767163601,5.29122604376849,-15.622863769531207,96.7506942749023,13.303289495212994,185.741660631894,-0.030489100000000047,1.0223468,157.58319,256.53496299999995,-156.367056,True,True,True
ARE,United Arab Emirates,MENA,2024,,3.6725,3.99181200361831,552324919095.872,1.66336510224894,5.19940206842546,237931339945.397,107.8,,1.1702182,0.4968448,,134.45274,78.8810729980469,,,,0,1.3008726290658952,0.0,0.0,1,43.078146887683175,1,4.680277658474897,-0.0301530381706873,4.367941313118277,-0.0280847519644442,,,,12.741489999999999,12.741489999999999,0.0,0,1,269.27645299999995,-192.238996,6.820421828437858,36.25772505924532,-0.3093244813758198,4.30113648499413,0.03665673011645998,1.62670837213248,-2.2467575073241903,81.1278305053711,,199.044950127107,0.17836050000000014,0.9918577,121.71125,256.53496299999995,-192.238996,True,True,True
UZB,Uzbekistan,Eurasia & Central Asia,2000,297.0,236.608333333333,3.83500000014025,13760513969.314,,,,,44.0540299791129,-1.29076219999999,-1.20104339999999,,57.415283,,,,,0,5.466406172113101,,,0,,0,,,,,5.697093486505405,1.0,0.0,,,,0,1,,,,,,,,,,,,,,,,,,True,True,True
UZB,Uzbekistan,Eurasia & Central Asia,2001,,,4.16383824998903,11401421329.1974,,,,,56.776277587152,,,,168.82918,,,,,0,,,,0,,0,,,,,,,,111.413897,111.413897,0.0,0,1,111.413897,0.0,,,0.32883824984877963,3.83500000014025,,,,,12.722247608039105,44.0540299791129,,-1.29076219999999,57.415283,,,True,True,True
UZB,Uzbekistan,Eurasia & Central Asia,2002,,,3.97348819235708,9687788512.80184,,,,,58.954524710746,-1.0900414,-1.2075551,,156.04216,,,,,0,,,,0,,0,,,,,,,,-12.787020000000012,0.0,-12.787020000000012,0,1,111.413897,-12.787020000000012,,,-0.19035005763194945,4.16383824998903,,,,,2.178247123593998,56.776277587152,,,168.82918,111.413897,0.0,True,True,True
UZB,Uzbekistan,Eurasia & Central Asia,2003,,,4.23262738154382,10134453435.4603,,,,,70.4592746850874,-1.1057682,-1.1640736,,176.30156,,,,,0,,,,0,,0,,,,,,,,20.2594,20.2594,0.0,0,1,131.673297,-12.787020000000012,,,0.2591391891867394,3.97348819235708,,,,,11.504749974341394,58.954524710746,-0.01572679999999993,-1.0900414,156.04216,111.413897,-12.787020000000012,True,True,True
UZB,Uzbekistan,Eurasia & Central Asia,2004,37.0,,7.4490006055965,12030023547.8807,,,,,76.5956691950086,-1.24355289999999,-1.07543069999999,,129.39624,,,,,0,,,,0,,0,,,,,3.6375861597263857,1.0,0.0,-46.90531999999999,0.0,-46.90531999999999,0,1,131.673297,-59.69234,,,3.2163732240526803,4.23262738154382,,,,,6.136394509921203,70.4592746850874,-0.1377846999999901,-1.1057682,176.30156,131.673297,-12.787020000000012,True,True,True
UZB,Uzbekistan,Eurasia & Central Asia,2005,,,6.95000719569107,14307509838.8053,,,,92.4,69.5252584247083,-1.4380121,-1.3862948,,101.538994,,,,,0,,,,0,,0,4.526126978647638,,,,,,,-27.857246000000004,0.0,-27.857246000000004,0,1,131.673297,-87.549586,,,-0.49899340990543006,7.4490006055965,,,,,-7.070410770300299,76.5956691950086,-0.19445920000000982,-1.24355289999999,129.39624,131.673297,-59.69234,True,True,True
UZB,Uzbekistan,Eurasia & Central Asia,2006,,,7.45141847621767,17330833852.919,,,,98.6,67.4712921717973,-1.2178175,-1.3984929,,104.03535,,,,,0,,,,0,,0,4.591071261608589,0.0649442829609512,,,,,,2.4963559999999916,2.4963559999999916,0.0,0,1,134.16965299999998,-87.549586,,,0.5014112805266002,6.95000719569107,,,,,-2.053966252910996,69.5252584247083,0.2201945999999999,-1.4380121,101.538994,131.673297,-87.549586,True,True,True
UZB,Uzbekistan,Eurasia & Central Asia,2007,,,9.47300530544537,22311393927.8817,,,,101.6,74.4141929762327,-1.2191216,-1.1632483,,93.73795,,,,,0,,,,0,,0,4.6210435351443815,0.0299722735357921,,,,,,-10.297399999999996,0.0,-10.297399999999996,0,1,134.16965299999998,-97.846986,,,2.021586829227699,7.45141847621767,,,,,6.942900804435396,67.4712921717973,-0.0013041000000000302,-1.2178175,104.03535,134.16965299999998,-87.549586,True,True,True
UZB,Uzbekistan,Eurasia & Central Asia,2008,,,9.02916101784781,29549438883.8338,,,,108.7,79.7479920348578,-1.221967,-1.131023,,81.196495,,,,,0,,,,0,,0,4.688591794127164,0.0675482589827822,,,,,,-12.541455,0.0,-12.541455,0,1,134.16965299999998,-110.388441,,,-0.44384428759755856,9.47300530544537,,,,,5.333799058625104,74.4141929762327,-0.002845399999999998,-1.2191216,93.73795,134.16965299999998,-97.846986,True,True,True
UZB,Uzbekistan,Eurasia & Central Asia,2009,,,8.05093332733964,33689223673.2577,,,,93.3,68.673142199791,-1.3731472,-1.22016939999999,,83.10186,,,,,0,,,,0,,0,4.535820107853298,-0.1527716862738657,,,,,,1.9053650000000033,1.9053650000000033,0.0,0,1,136.075018,-110.388441,,,-0.9782276905081702,9.02916101784781,,,,,-11.0748498350668,79.7479920348578,-0.1511802,-1.221967,81.196495,134.16965299999998,-110.388441,True,True,True
UZB,Uzbekistan,Eurasia & Central Asia,2010,,,7.5971679610016,55544226552.8467,,,,110.9,44.1432918113775,-1.3718693,-1.3247371,,84.17017,,,,,0,,,,0,,0,4.7086288943563215,0.1728087865030234,,,,,,1.0683099999999968,1.0683099999999968,0.0,0,1,137.143328,-110.388441,,,-0.45376536633804054,8.05093332733964,,,,,-24.5298503884135,68.673142199791,0.001277900000000054,-1.3731472,83.10186,136.075018,-110.388441,True,True,True
UZB,Uzbekistan,Eurasia & Central Asia,2011,,,8.12793681625645,67404618404.5392,13.7797446476602,,,128.2,44.3313973754476,-1.4422773,-1.36314689999999,,90.09539,,,,,0,,,,0,,0,4.853591544486569,0.1449626501302479,,,,,,5.925219999999996,5.925219999999996,0.0,0,1,143.068548,-110.388441,,,0.5307688552548493,7.5971679610016,,,,,0.18810556407009926,44.1432918113775,-0.07040800000000003,-1.3718693,84.17017,137.143328,-110.388441,True,True,True
UZB,Uzbekistan,Eurasia & Central Asia,2012,,,7.35682138899483,75318846931.3239,13.2088026688373,,,111.4,39.6570271654711,-1.3688011,-1.20211579999999,,81.475235,,,,,0,,,,0,,0,4.713127327493184,-0.1404642169933856,,,,,,-8.620154999999997,0.0,-8.620154999999997,0,1,143.068548,-119.008596,,,-0.771115427261619,8.12793681625645,-0.5709419788228995,13.7797446476602,,,-4.674370209976502,44.3313973754476,0.07347619999999999,-1.4422773,90.09539,143.068548,-110.388441,True,True,True
UZB,Uzbekistan,Eurasia & Central Asia,2013,,2094.98846505376,7.9217749261021,82674178351.6216,11.8414333622049,15.1056874610672,22501939340.8419,112.0,37.5113183619111,-1.2602046,-1.14178319999999,,83.036606,,,,,0,7.647303326400154,,,0,27.21761472504618,0,4.718498871295094,0.0053715438019104,,,,,,1.5613710000000083,1.5613710000000083,0.0,0,1,144.629919,-119.008596,,,0.5649535371072698,7.35682138899483,-1.3673693066324013,13.2088026688373,,,-2.145708803559998,39.6570271654711,0.10859649999999998,-1.3688011,81.475235,143.068548,-119.008596,True,True,True
UZB,Uzbekistan,Eurasia & Central Asia,2014,,2310.94815880696,7.71373911707978,91303765114.0144,9.28309356162695,17.1694935734108,24195780634.2289,107.8,32.1925400076306,-1.2360262,-1.08456739999999,,100.29159,,,,,0,7.745413177658842,0.0981098512586884,9.810985125868845,0,26.500309821850973,0,4.680277658474897,-0.038221212820197,,,,,,17.254983999999993,17.254983999999993,0.0,0,1,161.884903,-119.008596,-0.7173049031952061,27.21761472504618,-0.20803580902232,7.9217749261021,-2.558339800577949,11.8414333622049,,,-5.318778354280504,37.5113183619111,0.024178400000000044,-1.2602046,83.036606,144.629919,-119.008596,True,True,True
UZB,Uzbekistan,Eurasia & Central Asia,2015,,2567.98721339827,7.94477659311639,97564568986.8161,8.75188196737508,19.0907622598069,24287333269.6036,100.0,27.1724545801626,-1.25906189999999,-1.06564789999999,,105.95364,,,,,0,7.850877685591175,0.1054645079323322,10.54645079323322,0,24.89359971741949,0,4.605170185988092,-0.0751074724868052,,,,,,5.662049999999994,5.662049999999994,0.0,0,1,167.54695299999997,-119.008596,-1.6067101044314818,26.500309821850973,0.23103747603660985,7.71373911707978,-0.5312115942518698,9.28309356162695,,,-5.020085427467997,32.1925400076306,-0.02303569999999011,-1.2360262,100.29159,161.884903,-119.008596,True,True,True
UZB,Uzbekistan,Eurasia & Central Asia,2016,,2965.25349937684,6.71108022628,97871364319.3985,8.130886695236,19.914018921891,26284410686.6739,100.3,25.6926479568511,-1.2283125,-1.0431822,,98.67869,,,,,0,7.99471780503746,0.1438401194462857,14.384011944628572,0,26.856078761603843,0,4.60816569496789,0.0029955089797981,,,,,,-7.27494999999999,0.0,-7.27494999999999,0,1,167.54695299999997,-126.28354599999999,1.9624790441843523,24.89359971741949,-1.2336963668363898,7.94477659311639,-0.6209952721390799,8.75188196737508,,,-1.4798066233115001,27.1724545801626,0.030749399999990157,-1.25906189999999,105.95364,167.54695299999997,-119.008596,True,True,True
UZB,Uzbekistan,Eurasia & Central Asia,2017,,5113.87894595717,4.70027401956061,72276404057.649,13.8757425441635,18.8661574312442,28070940955.3947,104.2,41.0443062055515,-1.24484559999999,-0.996347299999999,,107.37731,,,,,0,8.539713484463647,0.5449956794261865,54.499567942618654,0,38.83831981043882,0,4.646312129319266,0.0381464343513764,,,,,,8.698619999999991,8.698619999999991,0.0,0,1,176.24557299999998,-126.28354599999999,11.982241048834975,26.856078761603843,-2.0108062067193897,6.71108022628,5.7448558489275,8.130886695236,,,15.3516582487004,25.6926479568511,-0.016533099999989975,-1.2283125,98.67869,167.54695299999997,-126.28354599999999,True,True,True
UZB,Uzbekistan,Eurasia & Central Asia,2018,,8069.60623655914,5.72368380757618,61318332402.7908,17.5241796514055,12.9240353308614,27077105981.1617,105.7,61.395110017578,-1.2111454,-0.895606799999999,,98.55291,,,,,0,8.995859966586458,0.4561464821228114,45.61464821228114,0,44.15825564742418,0,4.660604892876192,0.0142927635569254,,,,,,-8.824399999999997,0.0,-8.824399999999997,0,1,176.24557299999998,-135.10794599999997,5.319935836985358,38.83831981043882,1.0234097880155693,4.70027401956061,3.6484371072419997,13.8757425441635,,,20.3508038120265,41.0443062055515,0.033700199999989966,-1.24484559999999,107.37731,176.24557299999998,-126.28354599999999,True,True,True
UZB,Uzbekistan,Eurasia & Central Asia,2019,,8836.7875,6.79331098484522,70170662562.6111,14.5257359560687,12.2010067246417,29291325502.0694,101.0,62.3003782302878,-1.1224344,-0.943947499999999,,90.94625,,,,,0,9.086678684606722,0.0908187180202642,9.08187180202642,0,41.74297980432159,0,4.61512051684126,-0.0454843760349321,,,,,,-7.606659999999991,0.0,-7.606659999999991,0,1,176.24557299999998,-142.71460599999997,-2.4152758431025845,44.15825564742418,1.06962717726904,5.72368380757618,-2.9984436953367997,17.5241796514055,,,0.9052682127097995,61.395110017578,0.08871099999999998,-1.2111454,98.55291,176.24557299999998,-135.10794599999997,True,True,True
UZB,Uzbekistan,Eurasia & Central Asia,2020,,10054.2613341653,1.62162281640448,70127127133.2164,12.8677297362606,17.1535876412365,34903111839.0572,105.5,53.1070769988551,-0.835694199999999,-0.912569899999999,,77.2938,,,,,0,9.215751836968746,0.1290731523620234,12.907315236202344,0,49.77119877270004,0,4.658710952916121,0.0435904360748615,,,,,,-13.652450000000002,0.0,-13.652450000000002,0,1,176.24557299999998,-156.367056,8.028218968378447,41.74297980432159,-5.17168816844074,6.79331098484522,-1.658006219808101,14.5257359560687,,,-9.193301231432699,62.3003782302878,0.2867402000000009,-1.1224344,90.94625,176.24557299999998,-142.71460599999997,True,True,True
UZB,Uzbekistan,Eurasia & Central Asia,2021,,10609.464390809,8.20448512353877,81170051810.5825,10.8492397508122,14.0879268415418,35375443899.6491,121.1,54.7477822134912,-0.7419446,-0.700166499999999,,82.07024,,,,,0,9.26950174878893,0.0537499118201836,5.374991182018363,0,43.581891486531056,0,4.796616650559047,0.1379056976429256,,,,,,4.776439999999994,4.776439999999994,0.0,0,1,181.02201299999996,-156.367056,-6.189307286168983,49.77119877270004,6.58286230713429,1.62162281640448,-2.018489985448399,12.8677297362606,,,1.6407052146360996,53.1070769988551,0.0937495999999991,-0.835694199999999,77.2938,176.24557299999998,-156.367056,True,True,True
UZB,Uzbekistan,Eurasia & Central Asia,2022,,11050.145422363,6.08592335737373,94286355836.1594,11.4466436998836,11.0213280799862,35773956817.6684,127.2,60.0483582576289,-0.699129999999999,-0.6719908,,157.58319,,,,,0,9.310198867254144,0.0406971184652142,4.069711846521429,0,37.94181724430256,0,4.845760650906022,0.0491440003469749,,,,,,75.51295,75.51295,0.0,0,1,256.53496299999995,-156.367056,-5.6400742422284935,43.581891486531056,-2.1185617661650404,8.20448512353877,0.5974039490713992,10.8492397508122,,,5.300576044137699,54.7477822134912,0.042814600000000924,-0.7419446,82.07024,181.02201299999996,-156.367056,True,True,True
UZB,Uzbekistan,Eurasia & Central Asia,2023,,11734.8334198669,6.31603004201926,107526539716.318,9.95659071258018,8.8289303287966,34557511091.0994,123.3,63.102194304905,-0.701745899999999,-0.6742999,,121.71125,,,,,0,9.370316913030294,0.0601180457761501,6.01180457761501,0,32.13858753594303,0,4.814620410170298,-0.0311402407357235,,,,,,-35.871939999999995,0.0,-35.871939999999995,0,1,256.53496299999995,-192.238996,-5.803229708359531,37.94181724430256,0.23010668464552975,6.08592335737373,-1.4900529873034198,11.4466436998836,,,3.0538360472761,60.0483582576289,-0.0026159000000000043,-0.699129999999999,157.58319,256.53496299999995,-156.367056,True,True,True
UZB,Uzbekistan,Eurasia & Central Asia,2024,,12652.2868209739,6.67618796188361,121356065241.228,9.62825465956682,10.2786124689433,41236890133.3347,135.1,57.5295432552977,-0.754316299999999,-0.6562072,,134.45274,,,,,0,9.445593254179162,0.0752763411488679,7.527634114886794,0,33.9800817135635,0,4.906015244966153,0.0913948347958548,,,,,,12.741489999999999,12.741489999999999,0.0,0,1,269.27645299999995,-192.238996,1.8414941776204685,32.13858753594303,0.3601579198643501,6.31603004201926,-0.3283360530133592,9.95659071258018,,,-5.572651049607295,63.102194304905,-0.05257040000000002,-0.701745899999999,121.71125,256.53496299999995,-192.238996,True,True,True
